{
    "nodes": [
        {
            "id": 1,
            "label": "RichMOND",
            "type": "location"
        },
        {
            "id": 2,
            "label": "Don Butler",
            "type": "person"
        },
        {
            "id": 3,
            "label": "The Man",
            "type": "person"
        }
    ],
    "edges": [
        {
            "source": 1,
            "target": 2,
            "relation": "Don Butler chose FTRU and MPK for his license plate.",
            "description": "As he requested a hearing."
        },
        {
            "source": 1,
            "target": 3,
            "relation": "The Man provided the vehicle.",
            "description": "Bashing the president's license plate."
        },
        {
            "source": 2,
            "target": 3,
            "relation": "RichMOND evaluated his application.",
            "description": "Passing through the DMV."
        }
    ]
}