{
    "nodes": [
        {
            "id": 1,
            "label": "Sebastian Gorka",
            "type": "Person"
        },
        {
            "id": 2,
            "label": "Alison Camerota",
            "type": "Anchor on CNN"
        },
        {
            "id": 3,
            "label": "Nicky At Nite",
            "type": "Place/Event"
        }
    ],
    "edges": [
        {
            "source": 1,
            "target": 2,
            "relation": "Sebastian Gorka tells CNN more people watch Nick at Nite and cartoons than them.",
            "description": "More people watch Nick at Nite cartoons than CNN today."
        },
        {
            "source": 2,
            "target": 3,
            "relation": "Alison Camerota asks about Iraqi forces defeating ISIS to win back the city of Mosul. But Camerota pivots to the Trump-Russia fake news topic.",
            "description": "Camerota goes partisan: Is it possible that your team is obsessed with the Clintons? Gorka starts to get into with Camerota."
        }
    ]
}