{
    "nodes": [
        {
            "id": 1,
            "label": "Donald Trump",
            "type": "person"
        },
        {
            "id": 2,
            "label": "Vladimir Putin",
            "type": "person"
        },
        {
            "id": 3,
            "label": "President Obama",
            "type": "person"
        },
        {
            "id": 4,
            "label": "Hillary",
            "type": "person"
        }
    ],
    "edges": [
        {
            "source": 1,
            "target": 2,
            "relation": "collusion",
            "description": "Donald Trump must be squirming in his tightie-whities as the investigation into his administration's collusion with Russia heats up..."
        },
        {
            "source": 3,
            "target": 2,
            "relation": "plot",
            "description": "verified plot (complete with direct instructions) to install Trump in the Oval Office"
        },
        {
            "source": 1,
            "target": 4,
            "relation": "insinuation",
            "description": "Trump insinuated that Russia was actually trying to install Hillary in office"
        },
        {
            "source": 2,
            "target": 3,
            "relation": "awareness",
            "description": "Obama Administration official said they were aware of Russian meddling"
        },
        {
            "source": 1,
            "target": 4,
            "relation": "tweet",
            "description": "Focus on them, not T!"
        }
    ]
}