{
    "nodes": [
        {
            "id": 1,
            "label": "\" fake concern for most Americans who he claims are thinking Trump is unfit\"",
            "type": "text"
        },
        {
            "id": 2,
            "label": "comments about Trump's stability and competence",
            "type": "text"
        },
        {
            "id": 3,
            "label": "voters' beliefs about Trump's actions",
            "type": "text"
        },
        {
            "id": 4,
            "label": "voters' behavior towards white supremists",
            "type": "text"
        },
        {
            "id": 5,
            "label": "voters' stance on Trump's moral leadership",
            "type": "text"
        }
    ],
    "edges": [
        {
            "source": 2,
            "target": 1,
            "relation": "\" fake concern for most Americans who he claims are thinking Trump is unfit\"",
            "description": "A text reference to voters' beliefs about Trump's actions."
        },
        {
            "source": 2,
            "target": 5,
            "relation": "voters believe by a two-to-one margin that President Trump is doing more to divide the country than to unite it",
            "description": "A description of voter sentiment towards Trump's actions."
        }
    ]
}