{
    "nodes": [
        {
            "id": 1,
            "label": "Ron Johnson",
            "type": "person"
        },
        {
            "id": 2,
            "label": "Chuck Todd",
            "type": "person"
        },
        {
            "id": 3,
            "label": "Meet the Press",
            "type": "organization"
        },
        {
            "id": 4,
            "label": "Obamacare",
            "type": "program"
        }
    ],
    "edges": [
        {
            "source": 1,
            "target": 2,
            "relation": "discussing",
            "description": "Health care bill"
        },
        {
            "source": 1,
            "target": 4,
            "relation": "related_to",
            "description": "Rules that protected Americans from preexisting conditions"
        },
        {
            "source": 2,
            "target": 3,
            "relation": "hosted_by",
            "description": "Meet the Press"
        }
    ]
}