{
    "nodes": [
        {
            "id": 1,
            "label": "You",
            "type": "person"
        },
        {
            "id": 2,
            "label": "Mr. President",
            "type": "leader"
        },
        {
            "id": 3,
            "label": "Donald Trump",
            "type": "leader"
        },
        {
            "id": 4,
            "label": "U.S.",
            "type": "organization"
        },
        {
            "id": 5,
            "label": "Cattle",
            "type": "location"
        },
        {
            "id": 6,
            "label": "South Omaha",
            "type": "place"
        },
        {
            "id": 7,
            "label": "Omaha",
            "type": "place"
        },
        {
            "id": 8,
            "label": "U.S. Beef",
            "type": "organization"
        },
        {
            "id": 9,
            "label": "Chinese Market",
            "type": "location"
        },
        {
            "id": 10,
            "label": "China Import",
            "type": "organization"
        }
    ],
    "edges": [
        {
            "source": 8,
            "target": 6,
            "relation": "U.S. Beef exports to China",
            "description": "A U.S. beef product is imported into the Chinese market."
        },
        {
            "source": 8,
            "target": 9,
            "relation": "U.S. Beef sold to China",
            "description": "U.S. beef was shipped from a South Omaha meatpacker's facility in Nebraska to China's import location."
        }
    ]
}