{
    "nodes": [
        {
            "id": 1,
            "label": "A member of Worker s World Party",
            "type": "person"
        },
        {
            "id": 2,
            "label": "Taqiyah Thompson",
            "type": "individual"
        },
        {
            "id": 3,
            "label": "destroy America",
            "type": "statue"
        }
    ],
    "edges": [
        {
            "source": 1,
            "target": 2,
            "relation": "defended by",
            "description": "Thaqiyah defended the actions of the demonstrators."
        },
        {
            "source": 1,
            "target": 3,
            "relation": "destroys",
            "description": "The statue in Durham, NC. It's really not about the statues..."
        }
    ]
}