{
    "nodes": [
        {
            "id": 1,
            "label": "Kira",
            "type": "person"
        },
        {
            "id": 2,
            "label": "Cudahy City CA",
            "type": "location"
        }
    ],
    "edges": [
        {
            "source": 1,
            "target": 2,
            "relation": "Exploring Cudahy City CA",
            "description": "An unidentified black Trump supporter exploring Cudahy City CA over her objections to racist sanctuary cities."
        }
    ]
}