{
    "nodes": [
        {
            "id": 1,
            "label": "Former House Speaker",
            "type": "person"
        },
        {
            "id": 2,
            "label": "Nancy Pelosi",
            "type": "person"
        },
        {
            "id": 3,
            "label": "Gingrich, Newt",
            "type": "person"
        },
        {
            "id": 4,
            "label": "Thanks For The Help",
            "type": "text"
        }
    ],
    "edges": [
        {
            "source": 1,
            "target": 2,
            "relation": "Former House Speaker is a former House Speaker",
            "description": "A node indicates the label of a person."
        },
        {
            "source": 3,
            "target": 4,
            "relation": "Nancy Pelosi was the former House Speaker",
            "description": "A node indicates the label of a person."
        }
    ]
}