{
    "nodes": [
        {
            "id": 1,
            "label": "U.S. Postal Service",
            "type": "Postal Service"
        },
        {
            "id": 2,
            "label": "Hillary Clinton",
            "type": "Person"
        },
        {
            "id": 3,
            "label": "Trump",
            "type": "Person"
        },
        {
            "id": 4,
            "label": "National Association of Letter Carriers (NALC)",
            "type": "Organization"
        },
        {
            "id": 5,
            "label": " Hillary Clinton again",
            "type": "Person"
        }
    ],
    "edges": [
        {
            "source": 1,
            "target": 2,
            "relation": "Direct relationship between Postal Service and Hillary Clinton (donations)",
            "description": "The U.S. Postal Service provided $90K in donations to Hillary Clinton's campaign."
        },
        {
            "source": 1,
            "target": 3,
            "relation": "Direct involvement with Trump",
            "description": "U.S. Postal Service employees took unpaid holidays for Trump's political work and were involved in campaign activities."
        },
        {
            "source": 1,
            "target": 4,
            "relation": "Direct connection between NALC members and Hillary Clinton",
            "description": "NALC members requested leave without pay to support Hillary Clinton's campaign."
        },
        {
            "source": 2,
            "target": 5,
            "relation": " Hillary Clinton as a candidate for NALC",
            "description": "Hillary Clinton was endorsed by NALC members."
        },
        {
            "source": 3,
            "target": 5,
            "relation": "Direct involvement between Clinton and Trump candidates through donations",
            "description": "Clinton's political contributions to the\u7279\u6717\u666e campaign were covered by the U.S. Postal Service."
        }
    ]
}