{
    "nodes": [
        {
            "id": 1,
            "label": "Ann Coulter",
            "type": "person"
        },
        {
            "id": 2,
            "label": "Delta Employees",
            "type": "organization"
        },
        {
            "id": 3,
            "label": "Delta Airlines",
            "type": "company"
        },
        {
            "id": 4,
            "label": "Donald Trump",
            "type": "person"
        }
    ],
    "edges": [
        {
            "source": 1,
            "target": 2,
            "relation": "retweet (from Ann Coulter to a tweet from Delta Employees)",
            "description": "A retweet of a tweet from a Delta Employee."
        },
        {
            "source": 1,
            "target": 3,
            "relation": "retweet and interaction",
            "description": "Ann Coulter retweets a message from a Delta Employee to interactively engage with them."
        },
        {
            "source": 1,
            "target": 4,
            "relation": "Delta Airlines customer service policy",
            "description": "A tweet from Ann Coulter referencing a customer service policy related to Delta Airlines seat assignment."
        },
        {
            "source": 2,
            "target": 4,
            "relation": "seat assignment",
            "description": "A Delta employee (Delta Employees) assigned a specific seat on a flight."
        }
    ]
}