{
    "nodes": [
        {
            "id": 1,
            "label": "United States Office of Government Ethics",
            "type": "organization"
        },
        {
            "id": 2,
            "label": "Donald Trump",
            "type": "person"
        },
        {
            "id": 3,
            "label": "Deutsche Bank",
            "type": "organization"
        },
        {
            "id": 4,
            "label": "Russia",
            "type": "location"
        },
        {
            "id": 5,
            "label": "Moscow",
            "type": "location"
        },
        {
            "id": 6,
            "label": "New York",
            "type": "location"
        }
    ],
    "edges": [
        {
            "source": 1,
            "target": 2,
            "relation": "released_document",
            "description": "Released a 98-page document"
        },
        {
            "source": 2,
            "target": 3,
            "relation": "profited_from_presidency",
            "description": "Profiting from the presidency"
        },
        {
            "source": 3,
            "target": 4,
            "relation": "involved_in_money_laundering",
            "description": "Involved in a $10 billion Russian money laundering scheme"
        },
        {
            "source": 2,
            "target": 3,
            "relation": "received_questionable_loans",
            "description": "Received four questionable long-term loans from Deutsche Bank"
        },
        {
            "source": 3,
            "target": 5,
            "relation": "had_branch_in",
            "description": "Had a branch in Moscow"
        },
        {
            "source": 3,
            "target": 6,
            "relation": "had_branch_in",
            "description": "Had a branch in New York"
        }
    ]
}