{
    "nodes": [
        {
            "id": 1,
            "label": "John McNaughton",
            "type": "artist"
        },
        {
            "id": 2,
            "label": "Sean Hannity",
            "type": "person"
        },
        {
            "id": 3,
            "label": "Donald Trump",
            "type": "person"
        }
    ],
    "edges": [
        {
            "source": 1,
            "target": 2,
            "relation": "interact",
            "description": "Sean Hannity bought the painting from John McNaughton."
        },
        {
            "source": 1,
            "target": 3,
            "relation": "interact",
            "description": "Donald Trump purchased the painting from John McNaughton."
        }
    ]
}