{
    "nodes": [
        {
            "id": 1,
            "label": "Cleveland Browns",
            "type": "team"
        },
        {
            "id": 2,
            "label": "Columbus NAACP",
            "type": "organization"
        },
        {
            "id": 3,
            "label": "Black Lives Matter",
            "type": "group"
        },
        {
            "id": 4,
            "label": "NAACP and BLM united",
            "type": "organization"
        },
        {
            "id": 5,
            "label": "Cleveland Police",
            "type": "organization"
        },
        {
            "id": 6,
            "label": "Colin Kaepernick",
            "type": "person"
        },
        {
            "id": 7,
            "label": "Isaiah Crowell",
            "type": "person"
        }
    ],
    "edges": [
        {
            "source": 2,
            "target": 1,
            "relation": "organization in support of the NAACP and BLM",
            "description": "Columbus NAACP is part of the Cleveland Police group, supporting Black Lives Matter and opposing cops."
        },
        {
            "source": 3,
            "target": 2,
            "relation": "organization in support of Black Lives Matter",
            "description": "Black Lives Matter is a group fighting against police officers and cop-hating."
        },
        {
            "source": 4,
            "target": 6,
            "relation": "opponent to NFL owners",
            "description": "Cleveland Police members have decided to support Black Lives Matter instead of the NFL owners, joining the cop-hating group."
        }
    ]
}