{
    "nodes": [
        {
            "id": 1,
            "label": "President Trump",
            "type": "person"
        },
        {
            "id": 2,
            "label": "Kelly wishing he had duct tape on him",
            "type": "location"
        },
        {
            "id": 3,
            "label": "Sheriff Joe Arpaio",
            "type": "person"
        },
        {
            "id": 4,
            "label": "Federal agent removing hundreds of ID cards and hard drives from Sheriff Arpaio's office",
            "type": "location"
        },
        {
            "id": 5,
            "label": "Judge Murray Snow holding an emergency court hearing to address Sheriff Arpaio failing to hand over evidence",
            "type": "location"
        },
        {
            "id": 6,
            "label": "Lydia Guzman recounting her comments about the court order refusing to comply with",
            "type": "person"
        }
    ],
    "edges": [
        {
            "source": 1,
            "target": 2,
            "relation": "Kelly wishing he had duct tape on him (related to President Trump)",
            "description": "Speculation that President Trump might use the rally for a pardon for Sheriff Joe Arpaio."
        },
        {
            "source": 3,
            "target": 4,
            "relation": "Sheriff Joe Arpaio was given Jacobi's records since day one (interaction with federal agent removing evidence from Sheriff Arpaio's office)",
            "description": "Sheriff Joe Arpaio was involved in receiving and removing hundreds of ID cards and hard drives from his office."
        },
        {
            "source": 4,
            "target": 5,
            "relation": "Judge Murray Snow ordered the federal agent to hold an emergency court hearing after Sheriff Arpaio failed to hand over records (related to the removal of evidence and related court hearing)",
            "description": "Federal agents removed hundreds of ID cards and hard drives from Sheriff Joe's office, under orders of a federal judge."
        },
        {
            "source": 5,
            "target": 6,
            "relation": "Judge Murray Snow held an emergency court hearing after learning Sheriff Arpaio failed to hand over the evidence (same as above)",
            "description": "Federal agents seized about 1,400 identification cards and 50 hard drives. It's the stash of evidence that Judge Snow says Arpaio failed to hand over."
        },
        {
            "source": 6,
            "target": 1,
            "relation": "Lydia Guzman recounted her comments about the court order refusing to comply with",
            "description": "Lydia Guzman recounted her comments about her own statements regarding the court order refusing to comply with."
        }
    ]
}