{
    "nodes": [
        {
            "id": 1,
            "label": "Teresa Torres",
            "type": "person"
        },
        {
            "id": 2,
            "label": "Jeff Stein",
            "type": "person"
        },
        {
            "id": 3,
            "label": "Amber Smock",
            "type": "person"
        },
        {
            "id": 4,
            "label": "Senator Todd Young",
            "type": "organization"
        },
        {
            "id": 5,
            "label": "Mitch McConnell",
            "type": "organization"
        },
        {
            "id": 6,
            "label": "Republican Party",
            "type": "organization"
        }
    ],
    "edges": [
        {
            "source": 1,
            "target": 4,
            "relation": "visited",
            "description": "Protested at Senator Todd Young's office"
        },
        {
            "source": 2,
            "target": 4,
            "relation": "reported",
            "description": "Reported on the protest"
        },
        {
            "source": 3,
            "target": 1,
            "relation": "contacted",
            "description": "Sent a text message to Teresa Torres"
        },
        {
            "source": 4,
            "target": 6,
            "relation": "represented",
            "description": "Senator Todd Young represented the Republican Party"
        },
        {
            "source": 5,
            "target": 4,
            "relation": "represented",
            "description": "Mitch McConnell represented the Republican Party"
        }
    ]
}