{
    "nodes": [
        {
            "id": 1,
            "label": "George Foreman",
            "type": "person"
        },
        {
            "id": 2,
            "label": "Donald Trump",
            "type": "person"
        },
        {
            "id": 3,
            "label": "Colin Kaepernick",
            "type": "person"
        },
        {
            "id": 4,
            "label": "Kevin Durant",
            "type": "person"
        }
    ],
    "edges": [
        {
            "source": 1,
            "target": 4,
            "relation": "connection related to Trump's messages",
            "description": "During... I was broke down."
        }
    ]
}