{
    "nodes": [
        {
            "id": 1,
            "label": "Kirk and Callahan",
            "type": "person"
        },
        {
            "id": 2,
            "label": "The Video Title",
            "type": "text value"
        },
        {
            "id": 3,
            "label": "Video Description",
            "type": "text value"
        },
        {
            "id": 4,
            "label": "RALLY",
            "type": "event"
        },
        {
            "id": 5,
            "label": "SPOTLIGHT",
            "type": "event"
        }
    ],
    "edges": [
        {
            "source": 1,
            "target": 2,
            "relation": "The Video Title describes Kirk and Callahan",
            "description": "A narrative that outlines the characters in the video."
        },
        {
            "source": 1,
            "target": 3,
            "relation": "Kirk is on a mission",
            "description": "A key detail about Kirk's role in the video."
        },
        {
            "source": 1,
            "target": 4,
            "relation": "The Video Title features Kirk",
            "description": "Identifies that the title references Kirk."
        },
        {
            "source": 1,
            "target": 5,
            "relation": "Kirk is on a mission and is also in an event",
            "description": "Indicates they are part of the same narrative."
        },
        {
            "source": 2,
            "target": 3,
            "relation": "Callahan is involved in a rally",
            "description": "A key detail about Callahan's role in the video."
        },
        {
            "source": 2,
            "target": 4,
            "relation": "Callahan is on a mission",
            "description": "Indicates Callahan's involvement in the narrative."
        },
        {
            "source": 2,
            "target": 5,
            "relation": "Callahan is also part of an event",
            "description": "Consistent ID for Callahan across different roles."
        }
    ]
}