{
    "nodes": [
        {
            "id": 1,
            "label": "Ratin Akhmetshin",
            "type": "person"
        },
        {
            "id": 2,
            "label": "Paul Manafort",
            "type": "person"
        },
        {
            "id": 3,
            "label": "Jared Kushner",
            "type": "person"
        },
        {
            "id": 4,
            "label": "Natalia Veselnitskaya",
            "type": "person"
        },
        {
            "id": 5,
            "label": "Jack Posobiac",
            "type": "person"
        }
    ],
    "edges": [
        {
            "source": 1,
            "target": 2,
            "relation": "involved in meetings with Manafort and Kushner",
            "description": "Participated in a meeting with Paul Manafort, Jared Kushner, and Natalia Veselnitskaya."
        },
        {
            "source": 1,
            "target": 3,
            "relation": "involved in meetings with Manafort and Kushner",
            "description": "Participated in a meeting with Paul Manafort, Jared Kushner, and Natalia Veselnitskaya."
        },
        {
            "source": 2,
            "target": 4,
            "relation": "involved in meetings with Manafort and Kushner",
            "description": "Participated in a meeting with Paul Manafort, Natalia Veselnitskaya, and possibly other individuals."
        },
        {
            "source": 3,
            "target": 4,
            "relation": "involved in meetings with Manafort and others",
            "description": "Participated in a meeting with Paul Manafort and likely involved in the fake story."
        }
    ]
}