{
    "nodes": [
        {
            "id": 1,
            "label": "Debate about God",
            "type": "person"
        },
        {
            "id": 2,
            "label": "McCordsville",
            "type": "location"
        },
        {
            "id": 3,
            "label": "Teacher",
            "type": "person"
        },
        {
            "id": 4,
            "label": "Student Discussion on Religion",
            "type": "node"
        }
    ],
    "edges": [
        {
            "source": 1,
            "target": 2,
            "relation": "The debate about God happened at McCordsville's elementary school",
            "description": "A debate about God took place in McCordsville during the first grade classroom."
        },
        {
            "source": 3,
            "target": 4,
            "relation": "The teacher addressed the student discussion on religion",
            "description": "The teacher communicated concerns regarding the student's discussion of religion"
        }
    ]
}