{
    "nodes": [
        {
            "id": 1,
            "label": "Mohammadussain Rashwani",
            "type": "person"
        },
        {
            "id": 2,
            "label": "Herzberg",
            "type": "location"
        }
    ],
    "edges": [
        {
            "source": 1,
            "target": 2,
            "relation": "interaction with Ilona F.",
            "description": "She wrote about him being interviewed for her role in the media."
        },
        {
            "source": 1,
            "target": 2,
            "relation": " interacts with Ilona F. as a source of information.",
            "description": "Ilona F. refers to his work after she mentioned he was interviewed."
        },
        {
            "source": 1,
            "target": 2,
            "relation": "interaction with her in the newspaper",
            "description": "She contacted him, mentioning that his throat was slit."
        },
        {
            "source": 1,
            "target": 1,
            "relation": " interacts professionally with him",
            "description": "He has professional contacts in Herzberg as mentioned."
        }
    ]
}