{
    "nodes": [
        {
            "id": 1,
            "label": "George Stephanopoulos",
            "type": "person"
        },
        {
            "id": 2,
            "label": "Kellyanne Conway",
            "type": "person"
        },
        {
            "id": 3,
            "label": "John Doe",
            "type": "person"
        }
    ],
    "edges": [
        {
            "source": 1,
            "target": 2,
            "relation": "connection between George and Kellyanne",
            "description": "Conway meets Stephanopoulos in an interview."
        },
        {
            "source": 2,
            "target": 3,
            "relation": "connection between Kellyanne and John Doe",
            "description": "Conway mentions Trump's plans for 2020, referencing John Doe's article about the Republican Party."
        }
    ]
}