{
    "nodes": [
        {
            "id": 1,
            "label": "Senator John McCain",
            "type": "person"
        },
        {
            "id": 2,
            "label": "President Trump",
            "type": "president"
        },
        {
            "id": 3,
            "label": "Opposed by Senator John McCain",
            "type": "edge"
        }
    ],
    "edges": [
        {
            "source": 1,
            "target": 2,
            "relation": "Says, 'Can you imagine if a Senator had done this to Obama?'",
            "description": "A comment from Senator John McCain about the impact of his political stance."
        }
    ]
}