{
    "nodes": [
        {
            "id": 1,
            "label": "Marcus Lemonis",
            "type": "person"
        },
        {
            "id": 2,
            "label": "Camping World",
            "type": "organization"
        },
        {
            "id": 3,
            "label": "NASCAR",
            "type": "organization"
        },
        {
            "id": 4,
            "label": "Mark Martin",
            "type": "person"
        },
        {
            "id": 5,
            "label": "Other",
            "type": "other"
        }
    ],
    "edges": [
        {
            "source": 1,
            "target": 2,
            "relation": "CEO of Camping World and sponsor of NASCAR",
            "description": "Marcus Lemonis is both the CEO of Camping World and a major sponsor of NASCAR."
        },
        {
            "source": 1,
            "target": 3,
            "relation": "Commentator or Commentator for other related topics.",
            "description": "Marcus Lemonis has commented on political discussions, including those related to Trump."
        },
        {
            "source": 2,
            "target": 4,
            "relation": "CEO of camping World",
            "description": "Camping World is Marcus Lemonis's primary organization and business partner."
        }
    ]
}