{
    "nodes": [
        {
            "id": 1,
            "label": "MAXINE GOT A MAKEOVER",
            "type": "person"
        },
        {
            "id": 2,
            "label": "TUCKERCarlson",
            "type": "person"
        },
        {
            "id": 3,
            "label": "WATERS",
            "type": "person"
        }
    ],
    "edges": [
        {
            "source": 1,
            "target": 2,
            "relation": "TuckerCarlson is in a mood during an interview with MAXINE GOT A MAKEOVER",
            "description": "Reid is a foot soldier for Waters. These two get together every other day to bash Trump. Pitiful!"
        },
        {
            "source": 1,
            "target": 3,
            "relation": "She interacts with another person every day to bash Trump.",
            "description": "Just because I'm going to New Hampshire, they made this story up. They made fun of me for being part of a colleague's event."
        },
        {
            "source": 2,
            "target": 3,
            "relation": "She speculates if she is considering a presidential run despite others' support from millennials.",
            "description": "No one was criticizing Waters. They were merely speculating whether she is running for president, whom she admitted to supporting if her millennial supporters approved."
        }
    ]
}