{
    "nodes": [
        {
            "id": 1,
            "label": "president",
            "type": "object"
        },
        {
            "id": 2,
            "label": "fox",
            "type": "location"
        },
        {
            "id": 3,
            "label": "times",
            "type": "location"
        }
    ],
    "edges": [
        {
            "source": 1,
            "target": 2,
            "relation": "person",
            "description": "President Trump is a fan of FNC s Fox & Friends."
        },
        {
            "source": 2,
            "target": 3,
            "relation": "location",
            "description": "The New York Times and The New York Post are locations where the ad was used."
        },
        {
            "source": 1,
            "target": 3,
            "relation": "object",
            "description": "FNC purchased ads featuring accidental compliments in both The New York Times and The New York Post."
        },
        {
            "source": 2,
            "target": 1,
            "relation": "person",
            "description": "Steve Doocy held up the ad on air to share the success with viewers."
        },
        {
            "source": 3,
            "target": 1,
            "relation": "object",
            "description": "The content was also featured in The New York Post."
        }
    ]
}