{
    "nodes": [
        {
            "id": 1,
            "label": "Ann Coulter",
            "type": "person"
        },
        {
            "id": 2,
            "label": "Delta Air Lines",
            "type": "organization"
        },
        {
            "id": 3,
            "label": "Conservative Columnist Ann Coulter",
            "type": "person"
        },
        {
            "id": 4,
            "label": "Comfort+ Seat",
            "type": "location"
        },
        {
            "id": 5,
            "label": "Flight Attendant",
            "type": "person"
        },
        {
            "id": 6,
            "label": "Seat Manager, Delta Air Lines",
            "type": "organization"
        },
        {
            "id": 7,
            "label": "Federal Aviation Administration (FAA)",
            "type": "organization"
        }
    ],
    "edges": [
        {
            "source": 1,
            "target": 2,
            "relation": "Conservative Columnist",
            "description": "A person who flies."
        },
        {
            "source": 1,
            "target": 5,
            "relation": "Person",
            "description": "A flight attendant."
        },
        {
            "source": 2,
            "target": 6,
            "relation": "Organization",
            "description": "The airline whose seat sizes were adjusted."
        },
        {
            "source": 2,
            "target": 7,
            "relation": "Person",
            "description": "The FAA responsible for seat size regulations."
        }
    ]
}