{
    "nodes": [
        {
            "id": 1,
            "label": "Sarah Huckabee Sanders",
            "type": "person"
        },
        {
            "id": 2,
            "label": "Newt-Trump-Fan Club @NewtTrump",
            "type": "organization"
        },
        {
            "id": 3,
            "label": "Los Angeles, CA",
            "type": "location"
        },
        {
            "id": 4,
            "label": "Sarah Huckabee Sanders & Friends",
            "type": "person"
        },
        {
            "id": 5,
            "label": "Rutgers University Center for Policy Research",
            "type": "organization"
        }
    ],
    "edges": [
        {
            "source": 1,
            "target": 2,
            "relation": "Newt-Trump-Fan Club @NewtTrump is part of Sarah Huckabee Sanders's media group",
            "description": "Newt-Trump-Fan Club members are part of the narrative around Sarah Huckabee and her claims about Trump."
        },
        {
            "source": 1,
            "target": 5,
            "relation": "Sarah Huckabee Sanders promotes false narratives about President Trump",
            "description": "Sarah Huckabee advocates for a biased, false narrative around President Trump."
        },
        {
            "source": 2,
            "target": 3,
            "relation": "Rutgers University Center for Policy Research is part of Sarah Huckabee's media team",
            "description": "The center contributes to the narrative surrounding Sarah Huckabee and the Trump administration."
        }
    ]
}