{
    "nodes": [
        {
            "id": 1,
            "label": "President Donald Trump",
            "type": "person"
        },
        {
            "id": 2,
            "label": "Charlottesville, Va.",
            "type": "location"
        },
        {
            "id": 3,
            "label": "Infrastructure and discussions",
            "type": "event"
        }
    ],
    "edges": [
        {
            "source": 1,
            "target": 2,
            "relation": "TRUMP RIPPIED MmediAS",
            "description": "President Donald Trump ripped the media today..."
        },
        {
            "source": 1,
            "target": 3,
            "relation": "Pulled out his remarks for Saturday",
            "description": "Before making a statement, I needed the facts. So I didn't rush into a statement, and making the statement when I made it was excellent."
        },
        {
            "source": 1,
            "target": 3,
            "relation": "Hitback at media on attack",
            "description": "Using JSON notation: GREAT JOB PRESIDENT TRUMP!"
        }
    ]
}