{
    "nodes": [
        {
            "id": 1,
            "label": "Mitch McConnell",
            "type": "Person"
        },
        {
            "id": 2,
            "label": "President Trump",
            "type": "Political Figure"
        },
        {
            "id": 3,
            "label": "Congress",
            "type": "Organization"
        },
        {
            "id": 4,
            "label": "House",
            "type": "Organization"
        },
        {
            "id": 5,
            "label": "House negotiations",
            "type": "Event"
        },
        {
            "id": 6,
            "label": "Health Care Bill Passage",
            "type": "Event"
        },
        {
            "id": 7,
            "label": "Media Poll",
            "type": "Node"
        }
    ],
    "edges": [
        {
            "source": 1,
            "target": 4,
            "relation": "Person - Event",
            "description": "Mitch McConnell spoke about House deadlines affecting Congress."
        },
        {
            "source": 2,
            "target": 5,
            "relation": "Political Figure - Event",
            "description": "President Trump made comments on the House negotiations."
        },
        {
            "source": 3,
            "target": 1,
            "relation": "House - Organization",
            "description": "The House discussed the Obamacare bill before it was actually passed."
        },
        {
            "source": 2,
            "target": 7,
            "relation": "Media Poll - Political Figure",
            "description": "The poll reported President Trump's disapproval rating."
        }
    ]
}