{
    "nodes": [
        {
            "id": 1,
            "label": "Two NYC-based artists",
            "type": "person"
        },
        {
            "id": 2,
            "label": "artist1",
            "type": "person"
        },
        {
            "id": 3,
            "label": "artist2",
            "type": "person"
        },
        {
            "id": 4,
            "label": "kkk_hood",
            "type": "organization"
        },
        {
            "id": 5,
            "label": "rubber_sheet",
            "type": "item"
        },
        {
            "id": 6,
            "label": "Putin_post",
            "type": "item"
        },
        {
            "id": 7,
            "label": "president_infinity",
            "type": "concept"
        }
    ],
    "edges": [
        {
            "source": 1,
            "target": 4,
            "relation": "is-related-to",
            "description": "Refers to the KKK hood who emblazoned items in the Trump Tower"
        },
        {
            "source": 2,
            "target": 4,
            "relation": "is-related-to",
            "description": "Refers to artist1 who included the KKK hood"
        },
        {
            "source": 3,
            "target": 5,
            "relation": "is-related-to",
            "description": "Refers to the rubber sheets"
        },
        {
            "source": 4,
            "target": 7,
            "relation": "is-related-to",
            "description": "Refers to artist2 who included the rubber sheets"
        },
        {
            "source": 5,
            "target": 7,
            "relation": "is-related-to",
            "description": "Refers to the Putin post with the image of Vladimir Putin"
        },
        {
            "source": 6,
            "target": 7,
            "relation": "is-related-to",
            "description": "Refers to the Putin post featuring the image of Vladimir Putin"
        }
    ]
}