{
    "nodes": [
        {
            "id": 1,
            "label": "Mike Huckabee",
            "type": "person"
        },
        {
            "id": 2,
            "label": "Judge Jeanine Pirro",
            "type": "person"
        }
    ],
    "edges": [
        {
            "source": 1,
            "target": 2,
            "relation": "Repulsion Against White Supremacy (Mike Huckabee's special repulsion for white supremacists)",
            "description": "Mike Huckabee elaborated on his special repulsion for white supremacists, citing Trump's statements as part of his argument."
        },
        {
            "source": 1,
            "target": 2,
            "relation": "Repulsion Against White Supremacy (Mike Huckabee's special repulsion for hate groups)",
            "description": "Mike Huckabee elaborated on his special repulsion for white supremacists and hate groups, citing Trump's statements as part of his argument."
        }
    ]
}