{
    "nodes": [
        {
            "id": 1,
            "label": "Defector from North Korea",
            "type": "person"
        },
        {
            "id": 2,
            "label": "Song Byeok",
            "type": "person"
        },
        {
            "id": 3,
            "label": "North Korea",
            "type": "location"
        }
    ],
    "edges": [
        {
            "source": 1,
            "target": 3,
            "relation": "Warning to Trump",
            "description": "The threat of nuclear war if Kim Jong-un is threatened"
        },
        {
            "source": 1,
            "target": 3,
            "relation": "Threat to defector",
            "description": "Underestimating Kim Jong Un's potential nuclear threats"
        }
    ]
}