{
    "nodes": [
        {
            "id": 1,
            "label": "White House",
            "type": "organization"
        },
        {
            "id": 2,
            "label": "President Trump",
            "type": "person"
        },
        {
            "id": 3,
            "label": "Arpaio, former Arizona lawman and political ally",
            "type": "person"
        },
        {
            "id": 4,
            "label": "Conviction for criminal contempt",
            "type": "event_or_transaction"
        }
    ],
    "edges": [
        {
            "source": 1,
            "target": 2,
            "relation": "pardon",
            "description": "White House pardon of Arpaio"
        },
        {
            "source": 3,
            "target": 2,
            "relation": "conviction",
            "description": "Arpaio convicted of criminal contempt"
        },
        {
            "source": 3,
            "target": 4,
            "relation": "ally",
            "description": "Arpaio used immigration policies as ally"
        },
        {
            "source": 2,
            "target": 4,
            "relation": "pardon_by",
            "description": "Trump pardon by White House"
        }
    ]
}