{
    "nodes": [
        {
            "id": 1,
            "label": "RINO Senator John McCain",
            "type": "person"
        },
        {
            "id": 2,
            "label": "Lindsey Graham",
            "type": "person"
        },
        {
            "id": 3,
            "label": "Hillary Clinton",
            "type": "person"
        },
        {
            "id": 4,
            "label": "Randy Mark Levin",
            "type": "person"
        },
        {
            "id": 5,
            "label": "Mark President Trump",
            "type": "person"
        },
        {
            "id": 6,
            "label": " conservative talk radio",
            "type": "node"
        },
        {
            "id": 7,
            "label": "tv",
            "type": "node"
        },
        {
            "id": 8,
            "label": "websites",
            "type": "node"
        }
    ],
    "edges": [
        {
            "source": 1,
            "target": 2,
            "relation": "no friends of",
            "description": "Lindsey Graham did not support conservative talk radio."
        },
        {
            "source": 1,
            "target": 6,
            "relation": "used his moment",
            "description": "Conservative talk radio was mentioned during RINO Senator John McCain's moment on the Senate floor."
        },
        {
            "source": 2,
            "target": 4,
            "relation": "used her working relationships",
            "description": "Lindsey Graham worked with Mark President Trump and other political figures."
        },
        {
            "source": 6,
            "target": 5,
            "relation": "influenced by their platforms",
            "description": " conservative talk radio was used by Mark President Trump to influence politics."
        }
    ]
}