{
    "nodes": [
        {
            "id": 1,
            "label": "President Trump",
            "type": "person"
        },
        {
            "id": 2,
            "label": "Jessica",
            "type": "people"
        },
        {
            "id": 3,
            "label": "Serra National Park",
            "type": "location"
        },
        {
            "id": 4,
            "label": "Janitor",
            "type": "person"
        },
        {
            "id": 5,
            "label": "San Francisco",
            "type": "location"
        }
    ],
    "edges": [
        {
            "source": 1,
            "target": 2,
            "relation": "the president said that removing statues is a slippery slope.",
            "description": "President Trump stated that removing statues is problematic."
        },
        {
            "source": 1,
            "target": 5,
            "relation": "he was right again!",
            "description": "President Trump claimed it was an uphill battle to remove statues."
        },
        {
            "source": 2,
            "target": 3,
            "relation": "Jessica mentioned the removal of George Washington's statue.",
            "description": "Jessica pointed out that the statue of George Washington needed removing."
        },
        {
            "source": 3,
            "target": 4,
            "relation": "Serra National Park was the site of recent vandalism.",
            "description": "Some part of Serra National Park was vandalized recently."
        },
        {
            "source": 4,
            "target": 5,
            "relation": "the Catholic mission cleaned the statue to avoid controversy.",
            "description": "The Catholic mission worked to restore the statue while minimizing public backlash."
        }
    ]
}