{
    "nodes": [
        {
            "id": 1,
            "label": "POTUS",
            "type": "person"
        },
        {
            "id": 2,
            "label": "Gore",
            "type": "person"
        },
        {
            "id": 3,
            "label": "Fox News",
            "type": "organization"
        }
    ],
    "edges": [
        {
            "source": 1,
            "target": 2,
            "relation": "Are we going to take down statues of George Washington",
            "description": "As part of addressing questions about Charlottesville's violence, the media was asked to respond. The discussion centered on a fake news narrative that emerged shortly after."
        },
        {
            "source": 1,
            "target": 3,
            "relation": "Are we going to take down statues of George Washington?",
            "description": "As part of addressing questions about Charlottesville's violence, the media was asked to respond. The discussion centered on a fake news narrative that emerged shortly after."
        }
    ]
}