{
    "nodes": [
        {
            "id": 1,
            "label": "max_blumenthal",
            "type": "person"
        },
        {
            "id": 2,
            "label": "jamie_raskin",
            "type": "person"
        },
        {
            "id": 3,
            "label": "maryland_politics",
            "type": "organization"
        }
    ],
    "edges": [
        {
            "source": 1,
            "target": 2,
            "relation": "confronts",
            "description": "on the Russia scandal"
        },
        {
            "source": 1,
            "target": 3,
            "relation": "confronts",
            "description": "at a rally"
        },
        {
            "source": 2,
            "target": 3,
            "relation": "calls_out",
            "description": "for saying  Trump is a Russian hoax"
        }
    ]
}