{
    "nodes": [
        {
            "id": 1,
            "label": "Same-sex marriage",
            "type": "event"
        },
        {
            "id": 2,
            "label": "Kim Davis",
            "type": "person"
        },
        {
            "id": 3,
            "label": "Rowan County, Kentucky",
            "type": "location"
        },
        {
            "id": 4,
            "label": "Arkansas",
            "type": "location"
        },
        {
            "id": 5,
            "label": "Supreme Court of the United States",
            "type": "organization"
        },
        {
            "id": 6,
            "label": "Clarence Thomas",
            "type": "person"
        },
        {
            "id": 7,
            "label": "Samuel Alito",
            "type": "person"
        },
        {
            "id": 8,
            "label": "Neil Gorsuch",
            "type": "person"
        },
        {
            "id": 9,
            "label": "Trump",
            "type": "person"
        },
        {
            "id": 10,
            "label": "Anthony Kennedy",
            "type": "person"
        }
    ],
    "edges": [
        {
            "source": 2,
            "target": 3,
            "relation": "resides_in",
            "description": "Kim Davis was the County Clerk of Rowan County, Kentucky"
        },
        {
            "source": 5,
            "target": 1,
            "relation": "ruling_on",
            "description": "The Supreme Court ruled on same-sex marriage"
        },
        {
            "source": 6,
            "target": 5,
            "relation": "dissenting_judge",
            "description": "Clarence Thomas dissented in the ruling"
        },
        {
            "source": 7,
            "target": 5,
            "relation": "dissenting_judge",
            "description": "Samuel Alito dissented in the ruling"
        },
        {
            "source": 8,
            "target": 5,
            "relation": "dissenting_judge",
            "description": "Neil Gorsuch dissented in the ruling"
        },
        {
            "source": 9,
            "target": 10,
            "relation": "appoints",
            "description": "Trump appointed Anthony Kennedy as a Supreme Court Justice"
        }
    ]
}