{
    "nodes": [
        {
            "id": 1,
            "label": "White House",
            "type": "location"
        },
        {
            "id": 2,
            "label": "Stephen K. Bannon",
            "type": "person"
        },
        {
            "id": 3,
            "label": "Brethering News",
            "type": "organization"
        },
        {
            "id": 4,
            "label": "White House Chief of Staff",
            "type": "location"
        },
        {
            "id": 5,
            "label": "Josh Caplan",
            "type": "person"
        },
        {
            "id": 6,
            "label": "Brethering News CEO and President",
            "type": "organization"
        }
    ],
    "edges": [
        {
            "source": 1,
            "target": 2,
            "relation": "left the White House",
            "description": "Stephen K. Bannon left the White House to join Breitbart News as executive chairman."
        },
        {
            "source": 2,
            "target": 3,
            "relation": "joined Breitbart News",
            "description": "Stephen K. Bannon joined Breitbart News as executive chairman."
        },
        {
            "source": 3,
            "target": 6,
            "relation": "worked with Breitbart's team",
            "description": "Bannon led the evening editorial meeting at Breitbart, where he resumed his role as executive chairman."
        }
    ]
}