{
    "nodes": [
        {
            "id": 1,
            "label": "Kaitlyn",
            "type": "person"
        },
        {
            "id": 2,
            "label": "Rayburn",
            "type": "location"
        },
        {
            "id": 3,
            "label": "Tracie",
            "type": "person"
        },
        {
            "id": 4,
            "label": "Debbie Wasserman Schultz",
            "type": "person"
        },
        {
            "id": 5,
            "label": "Awan and his relatives",
            "type": "location"
        },
        {
            "id": 6,
            "label": "Federal agents do not believe Awan has returned",
            "type": "text"
        }
    ],
    "edges": [
        {
            "source": 1,
            "target": 2,
            "relation": "Person to Location",
            "description": "Kaitlyn went directly to Rayburn for the iPad."
        },
        {
            "source": 2,
            "target": 3,
            "relation": "Location to Person",
            "description": "Rayburn called Tracie for a meeting."
        },
        {
            "source": 1,
            "target": 5,
            "relation": "Person to Location",
            "description": "Tracy went to Kaitlyn and Awan (and his family) for further information."
        },
        {
            "source": 3,
            "target": 4,
            "relation": "Location to Person",
            "description": "Tracy called Debbie for the Capitol Police meeting."
        },
        {
            "source": 1,
            "target": 5,
            "relation": "Person to Location",
            "description": "Awan and his family escaped the U.S. and went to Rayburn."
        },
        {
            "source": 3,
            "target": 6,
            "relation": "Location to Text",
            "description": "Federal agents did not believe Awan intended to return to the U.S."
        }
    ]
}