{
    "nodes": [
        {
            "id": 1,
            "label": "@SenJohnMcCain",
            "type": "Twitter Handle"
        },
        {
            "id": 2,
            "label": "@LindseyGraham",
            "type": "Twitter Handle"
        },
        {
            "id": 3,
            "label": "Syrian opposition training program",
            "type": "Node Name"
        }
    ],
    "edges": [
        {
            "source": 1,
            "target": 2,
            "relation": "@SenJohnMcCain @LindseyGraham",
            "description": "Soldiers of the American voters opposed by both McCain and Graham."
        },
        {
            "source": 1,
            "target": 3,
            "relation": "@SenJohnMcCain: Confrontation with the American voters.",
            "description": "The confrontation that led to their actions."
        }
    ]
}