{
    "nodes": [
        {
            "id": 1,
            "label": "Donald Trump",
            "type": "person"
        },
        {
            "id": 2,
            "label": "Jason Chaffetz",
            "type": "person"
        }
    ],
    "edges": [
        {
            "source": 1,
            "target": 2,
            "relation": "Broke a relationship with Comey due to classified memos",
            "description": "Chaffetz discussed memos containing classified information from Comey's office. The memos were deemed sensitive and inaccessible without proper authorization."
        }
    ]
}