{
    "nodes": [
        {
            "id": 1,
            "label": "Joe Biden",
            "type": "person"
        },
        {
            "id": 2,
            "label": "Donald Trump",
            "type": "person"
        },
        {
            "id": 3,
            "label": "Matt Lauer",
            "type": "person"
        }
    ],
    "edges": [
        {
            "source": 1,
            "target": 2,
            "relation": "criticized",
            "description": "Biden struggled to find something Trump has done well"
        },
        {
            "source": 1,
            "target": 2,
            "relation": "joked_about",
            "description": "Biden joked about Trump's marriages"
        },
        {
            "source": 1,
            "target": 3,
            "relation": "answered_question",
            "description": "Biden answered Lauer's question about what Trump is doing well"
        }
    ]
}