{
    "nodes": [
        {
            "id": 1,
            "label": "DJKM",
            "type": "person"
        },
        {
            "id": 2,
            "label": "SPLC",
            "type": "organization"
        },
        {
            "id": 3,
            "label": "DJKM",
            "type": "person"
        },
        {
            "id": 4,
            "label": "GuideStar",
            "type": "charitable\u7ec4\u7ec7"
        },
        {
            "id": 5,
            "label": "Amazon Smile",
            "type": "organization"
        },
        {
            "id": 6,
            "label": "Frank Wright",
            "type": " lawyer"
        }
    ],
    "edges": [
        {
            "source": 1,
            "target": 3,
            "relation": "DJKM is involved in defamation and religious discrimination cases.",
            "description": "The lawsuit alleges the claims made by DJKM in the context of religious discussions."
        },
        {
            "source": 2,
            "target": 2,
            "relation": "SPLC is accused of promoting same-sex marriage as a hate group.",
            "description": "SPLC has labeled DJKM as an anti-LGBT hate group due to their opposition to same-sex marriage."
        },
        {
            "source": 3,
            "target": 5,
            "relation": "DJKM opposes the promotion of same-sex marriage as a hate group.",
            "description": "DJKM opposes labeling Christian ministries as hate groups in support of their faith."
        },
        {
            "source": 1,
            "target": 6,
            "relation": "Frank Wright, CEO of DJKM, is recognized for his professional expertise in religious discussions.",
            "description": "Frank Wright has been cited by DJKM for his legal expertise in addressing religious issues."
        }
    ]
}