{
    "nodes": [
        {
            "id": 1,
            "label": "White House",
            "type": "organization"
        },
        {
            "id": 2,
            "label": "Anthony Scaramucci",
            "type": "person"
        },
        {
            "id": 3,
            "label": "John Dickerson",
            "type": "person"
        },
        {
            "id": 4,
            "label": "Oval Office",
            "type": "place"
        }
    ],
    "edges": [
        {
            "source": 2,
            "target": 1,
            "relation": "he has issues with leakers",
            "description": "He claims they are as strong as their weakest leaks but avoids punishment by holding meetings."
        },
        {
            "source": 3,
            "target": 2,
            "relation": "asks scaramucci about dilemmas",
            "description": "John Dickerson asked Scaramucci why he tweeted about pardons a day earlier."
        }
    ]
}