{
    "nodes": [
        {
            "id": 1,
            "label": "Donald Trump",
            "type": "person"
        },
        {
            "id": 2,
            "label": "Bishop Talbert Swan",
            "type": "person"
        },
        {
            "id": 3,
            "label": "Calvin",
            "type": "person"
        },
        {
            "id": 4,
            "label": "Miranda Yaver",
            "type": "person"
        },
        {
            "id": 5,
            "label": "Alan Sandoval",
            "type": "person"
        },
        {
            "id": 6,
            "label": "Marlene",
            "type": "person"
        },
        {
            "id": 7,
            "label": "Koren Pollitt",
            "type": "person"
        },
        {
            "id": 8,
            "label": "Daniel Dale",
            "type": "person"
        },
        {
            "id": 9,
            "label": "Steven Goodine",
            "type": "person"
        },
        {
            "id": 10,
            "label": "Roy Schulze",
            "type": "person"
        },
        {
            "id": 11,
            "label": "Wendy",
            "type": "person"
        },
        {
            "id": 12,
            "label": "Who Knows",
            "type": "person"
        }
    ],
    "edges": [
        {
            "source": 1,
            "target": 2,
            "relation": "responded_to",
            "description": "Trump's tweet went down about as welll as you d expect."
        },
        {
            "source": 1,
            "target": 3,
            "relation": "responded_to",
            "description": "no one likes you"
        },
        {
            "source": 1,
            "target": 4,
            "relation": "responded_to",
            "description": "Your impeachment would make 2018 a great year for America, but I ll also accept regaining control of Congress."
        },
        {
            "source": 1,
            "target": 5,
            "relation": "responded_to",
            "description": "Do you hear yourself talk? When you have to include that many people that hate you you have to wonder? Why do the they all hate me?"
        },
        {
            "source": 1,
            "target": 6,
            "relation": "responded_to",
            "description": "Who uses the word Haters in a New Years wish??"
        },
        {
            "source": 1,
            "target": 7,
            "relation": "responded_to",
            "description": "You can t just say happy new year?"
        },
        {
            "source": 8,
            "target": 1,
            "relation": "reminded",
            "description": "This is nothing new for Trump. He s been doing this for years."
        },
        {
            "source": 9,
            "target": 1,
            "relation": "criticized",
            "description": "Trump s holiday tweets are clearly not presidential.How long did he work at Hallmark before becoming President?"
        },
        {
            "source": 10,
            "target": 1,
            "relation": "described",
            "description": "He s always been like this . . . the only difference is that in the last few years, his filter has been breaking down."
        },
        {
            "source": 11,
            "target": 1,
            "relation": "questioned",
            "description": "Who, apart from a teenager uses the term haters?"
        },
        {
            "source": 12,
            "target": 1,
            "relation": "insulted",
            "description": "he s a fucking 5 year old"
        }
    ]
}