{
    "nodes": [
        {
            "id": 1,
            "label": "Kid Rock",
            "type": "person"
        },
        {
            "id": 2,
            "label": "Nancy Pelosi",
            "type": "person"
        },
        {
            "id": 3,
            "label": "Maxine",
            "type": "person"
        },
        {
            "id": 4,
            "label": "Waters",
            "type": "person"
        }
    ],
    "edges": [
        {
            "source": 1,
            "target": 2,
            "relation": "Linking",
            "description": "Linking social media platforms"
        },
        {
            "source": 2,
            "target": 4,
            "relation": "Linking",
            "description": "Linking social media platforms"
        },
        {
            "source": 4,
            "target": 1,
            "relation": "Linking",
            "description": "Linking social media platforms"
        }
    ]
}