{
    "nodes": [
        {
            "id": 1,
            "label": "John P. Johnson (former Secretary of Homeland Security under Obama)",
            "type": "person"
        },
        {
            "id": 2,
            "label": "Martha Raditz ( Martha Raddatz)",
            "type": "person"
        },
        {
            "id": 3,
            "label": "Robert E. Lee",
            "type": "person"
        },
        {
            "id": 4,
            "label": "John Johnson (current Secretary of Homeland Security)",
            "type": "person"
        },
        {
            "id": 5,
            "label": "United States Army National Defense Academy",
            "type": "organization"
        },
        {
            "id": 6,
            "label": "University of Virginia Law School",
            "type": "organization"
        },
        {
            "id": 7,
            "label": "John Johnson (local decision maker)",
            "type": "person"
        }
    ],
    "edges": [
        {
            "source": 1,
            "target": 4,
            "relation": "The removal of Robert E. Lee's statues has brought historical tensions to public and national security",
            "description": "Historical events involving the removal or modification of Robert E. Lee's statues have raised concerns over public safety, homeland security, and the broader implications for American identity."
        },
        {
            "source": 2,
            "target": 5,
            "relation": "Martha Raditz has criticized President Trump for supporting local initiatives that remove statues",
            "description": "Martha Raditz, a prominent political figure, has called out the removal of Robert E. Lee's statues as a violation of national security and American values."
        },
        {
            "source": 3,
            "target": 6,
            "relation": "John Johnson, former Secretary of Homeland Security, supports the removal of historical monuments to preserve local pride",
            "description": "After a protracted standoff, John Johnson has continued his efforts to remove Robert E. Lee's statues as part of broader national security measures."
        }
    ]
}