{
    "nodes": [
        {
            "id": 1,
            "label": "CNN reporter",
            "type": "person"
        },
        {
            "id": 2,
            "label": "Daily Caller",
            "type": "person"
        },
        {
            "id": 3,
            "label": "Location",
            "type": "location"
        },
        {
            "id": 4,
            "label": "Woman with children",
            "type": "person"
        },
        {
            "id": 5,
            "label": "Rescue team",
            "type": "organization"
        }
    ],
    "edges": [
        {
            "source": 1,
            "target": 2,
            "relation": "Covers a scene in the interview with Daily Caller",
            "description": "The CNN reporter is discussing her interview with Daily Caller."
        },
        {
            "source": 4,
            "target": 5,
            "relation": "She and her children are rescued after being stranded.",
            "description": "The woman was stranded for days; her children were not saved."
        }
    ]
}