{
    "nodes": [
        {
            "id": 1,
            "label": "Rev. Bill Shillady",
            "type": "Person"
        },
        {
            "id": 2,
            "label": "365 of the over 600 devotions",
            "type": "Organization"
        },
        {
            "id": 3,
            "label": "Praise The World RadioYEAH..Okay.",
            "type": "Person"
        },
        {
            "id": 4,
            "label": "United Methodist City Society",
            "type": "Organization"
        }
    ],
    "edges": [
        {
            "source": 1,
            "target": 2,
            "relation": "a text value",
            "description": "The book will include 365 of the over 600 devotions."
        },
        {
            "source": 2,
            "target": 3,
            "relation": "a text value",
            "description": "Praise The World RadioYEAH..Okay. A portion of the proceeds from the book will go to a church related organization."
        },
        {
            "source": 4,
            "target": 2,
            "relation": "a text value",
            "description": "The proceeds from the book will go to a church related organization."
        }
    ]
}