{
    "nodes": [
        {
            "id": 1,
            "label": "FBI",
            "type": "organization"
        },
        {
            "id": 2,
            "label": "Person",
            "type": "person"
        },
        {
            "id": 3,
            "label": "Social Services Administration (SSA)",
            "type": "organization"
        },
        {
            "id": 4,
            "label": "Kathy Griffin",
            "type": "person"
        },
        {
            "id": 5,
            "label": "Robert William Simet",
            "type": "person"
        },
        {
            "id": 6,
            "label": "Motorcycle Shop",
            "type": "place"
        },
        {
            "id": 7,
            "label": "U.S. Attorney's Office",
            "type": "organization"
        }
    ],
    "edges": [
        {
            "source": 1,
            "target": 2,
            "relation": "organization",
            "description": "Delivered karma to person"
        },
        {
            "source": 2,
            "target": 3,
            "relation": "person",
            "description": "Investigating threats"
        },
        {
            "source": 4,
            "target": 5,
            "relation": "person threatening another person",
            "description": "Threatened U.S. official"
        },
        {
            "source": 5,
            "target": 6,
            "relation": "person threatening place",
            "description": "Threatened person at place"
        },
        {
            "source": 7,
            "target": 4,
            "relation": "organization",
            "description": "Investigating threat"
        }
    ]
}