{
    "nodes": [
        {
            "id": 1,
            "label": "John McCain",
            "type": "person"
        },
        {
            "id": 2,
            "label": "Lisa Murkowski",
            "type": "person"
        },
        {
            "id": 3,
            "label": "Susan Collins",
            "type": "person"
        }
    ],
    "edges": [
        {
            "source": 1,
            "target": 2,
            "relation": "both are involved in political actions related to the healthcare bill",
            "description": "John McCain votes 'NO' to support the Republicanskin's healthcare repeal."
        },
        {
            "source": 1,
            "target": 3,
            "relation": "both are involved in political discussions about the passage and consequences of the healthcare bill.",
            "description": "Susan Collins discusses the implications of the Republicanskin's healthcare repeal vote."
        },
        {
            "source": 2,
            "target": 3,
            "relation": "both are involved in political actions that led to the failure of the healthcare bill in Arizona",
            "description": "Lisa Murkowski and Susan Collins discuss how their support for the Republicanskin's healthcare repeal bill was a major factor in its failure."
        },
        {
            "source": 3,
            "target": 1,
            "relation": "Speaker of House discusses with committee members about legislative decisions related to the healthcare bill",
            "description": "The Speaker discusses with the committee about legislative actions taken on the healthcare bill, including the Republicanskin's vote."
        },
        {
            "source": 3,
            "target": 2,
            "relation": "Speaker of House and Senate members discuss legislative decisions related to the healthcare bill",
            "description": "The Speaker and Senate members discuss legislative decisions made about the Republicanskin's healthcare repeal bill."
        }
    ]
}