{
    "nodes": [
        {
            "id": 1,
            "label": " Senator McCain",
            "type": "person"
        },
        {
            "id": 2,
            "label": " Ted Kennedy",
            "type": "person"
        }
    ],
    "edges": [
        {
            "source": 1,
            "target": 2,
            "relation": "Between two people - McCain and Kennedy",
            "description": "Both individuals are involved in the medical process and have their own conditions."
        }
    ]
}