{
    "nodes": [
        {
            "id": 1,
            "label": "Hillary Clinton",
            "type": "person"
        },
        {
            "id": 2,
            "label": "Donald J. Trump",
            "type": "person"
        },
        {
            "id": 3,
            "label": "Nate Silver",
            "type": "statistician"
        },
        {
            "id": 4,
            "label": "Election Integrity Project (EIP)",
            "type": "organization"
        },
        {
            "id": 5,
            "label": "Judicial Watch",
            "type": "legal group"
        }
    ],
    "edges": [
        {
            "source": 1,
            "target": 2,
            "relation": "candidate",
            "description": " discusses election predictions and voter behavior"
        },
        {
            "source": 1,
            "target": 3,
            "relation": "statistician",
            "description": " provides analysis on election outcomes"
        },
        {
            "source": 1,
            "target": 4,
            "relation": "organization",
            "description": " evaluates data integrity and voter discrepancies"
        },
        {
            "source": 2,
            "target": 3,
            "relation": "candidate",
            "description": " predicts Hillary's victory margins in certain states"
        },
        {
            "source": 2,
            "target": 4,
            "relation": "organization",
            "description": " identifies ghost voters affecting election outcomes"
        },
        {
            "source": 3,
            "target": 5,
            "relation": "organization",
            "description": " assesses the impact of voter fraud on election results"
        }
    ]
}