{
    "nodes": [
        {
            "id": 1,
            "label": "Woman",
            "type": "person"
        },
        {
            "id": 2,
            "label": "Patriot",
            "type": "person"
        }
    ],
    "edges": [
        {
            "source": 1,
            "target": 2,
            "relation": "defended the woman's words",
            "description": "the woman was pulled into a group of Black Lives Matter girls."
        },
        {
            "source": 1,
            "target": 2,
            "relation": "reaction to the violence against women",
            "description": "the Boston Patriot community felt heartbroken."
        },
        {
            "source": 2,
            "target": 2,
            "relation": "shame on them!",
            "description": "the media did not cover their reaction."
        }
    ]
}