{
    "nodes": [
        {
            "id": 1,
            "label": "Gym",
            "type": "location"
        },
        {
            "id": 2,
            "label": "EAV Barbell Club",
            "type": "organization"
        },
        {
            "id": 3,
            "label": "Jim Chambers",
            "type": "person"
        },
        {
            "id": 4,
            "label": "Atlanta",
            "type": "location"
        }
    ],
    "edges": [
        {
            "source": 1,
            "target": 2,
            "relation": "The sign posted on the gym restricts police officers",
            "description": "Sign forbids police officers from the gym."
        },
        {
            "source": 2,
            "target": 3,
            "relation": "No Cop policy enforced",
            "description": "Club enforces No Cop policy lawfully."
        }
    ]
}