{
    "nodes": [
        {
            "id": 1,
            "label": "Tucker Carlson",
            "type": "person"
        },
        {
            "id": 2,
            "label": "Ned Ryun",
            "type": "person"
        },
        {
            "id": 3,
            "label": "Jeff Sessions",
            "type": "agent"
        },
        {
            "id": 4,
            "label": "Trump",
            "type": "person"
        },
        {
            "id": 5,
            "label": "Mueller",
            "type": "agent"
        },
        {
            "id": 6,
            "label": "Russia",
            "type": "group"
        },
        {
            "id": 7,
            "label": "president",
            "type": "person"
        }
    ],
    "edges": [
        {
            "source": 1,
            "target": 2,
            "relation": "agent",
            "description": "Tucker Carlson is involved in the discussion about the AG Jeff Sessions leak."
        },
        {
            "source": 4,
            "target": 3,
            "relation": "person",
            "description": "Trump and his family discuss the leak"
        },
        {
            "source": 6,
            "target": 7,
            "relation": "group",
            "description": "The U.S. president has a close relationship with Russia."
        }
    ]
}