{
    "nodes": [
        {
            "id": 1,
            "label": "Supreme Court",
            "type": "organization"
        },
        {
            "id": 2,
            "label": "Donald Trump",
            "type": "person"
        },
        {
            "id": 3,
            "label": "John Roberts",
            "type": "person"
        },
        {
            "id": 4,
            "label": "Sonia Sotomayor",
            "type": "person"
        },
        {
            "id": 5,
            "label": "Ruth Bader Ginsburg",
            "type": "person"
        },
        {
            "id": 6,
            "label": "Missouri",
            "type": "location"
        }
    ],
    "edges": [
        {
            "source": 1,
            "target": 2,
            "relation": "upheld",
            "description": "Upheld Muslim ban"
        },
        {
            "source": 1,
            "target": 3,
            "relation": "opinion_writer",
            "description": "Wrote majority opinion"
        },
        {
            "source": 1,
            "target": 4,
            "relation": "dissented",
            "description": "Dissented in playground case"
        },
        {
            "source": 1,
            "target": 5,
            "relation": "dissented",
            "description": "Dissented in playground case"
        },
        {
            "source": 6,
            "target": 3,
            "relation": "stateconstitution",
            "description": "Prohibited state money for church playgrounds"
        }
    ]
}