{
    "nodes": [
        {
            "id": 1,
            "label": "Swarthmore Students",
            "type": "person"
        },
        {
            "id": 2,
            "label": "SACC",
            "type": "organization"
        },
        {
            "id": 3,
            "label": "Swapconsonant Society",
            "type": "organization"
        },
        {
            "id": 4,
            "label": "Gilbert Guerra",
            "type": "person"
        },
        {
            "id": 5,
            "label": "Campus Reform",
            "type": "organization"
        }
    ],
    "edges": [
        {
            "source": 1,
            "target": 2,
            "relation": "main group to SACC",
            "description": "Realized makeup was at odds with their principles."
        },
        {
            "source": 2,
            "target": 3,
            "relation": "SACC to Swapconsonant Society",
            "description": "They were an anti-communist collective."
        }
    ]
}