{
    "nodes": [
        {
            "id": 1,
            "label": "Steve Bannon",
            "type": "person"
        },
        {
            "id": 2,
            "label": "John Kelly",
            "type": "person"
        },
        {
            "id": 3,
            "label": "Sarah Huckabee Sanders",
            "type": "person"
        },
        {
            "id": 4,
            "label": "Trump",
            "type": "person"
        },
        {
            "id": 5,
            "label": "Drudge Report",
            "type": "organization"
        },
        {
            "id": 6,
            "label": "Daily Caller",
            "type": "organization"
        },
        {
            "id": 7,
            "label": "Ann Coulter",
            "type": "person"
        },
        {
            "id": 8,
            "label": "Newt Gingrich",
            "type": "person"
        }
    ],
    "edges": [
        {
            "source": 1,
            "target": 4,
            "relation": "person:person",
            "description": "Steve Bannon was appointed as White House Chief Strategist and submitted his resignation today."
        },
        {
            "source": 7,
            "target": 4,
            "relation": "person:person",
            "description": "Ann Coulter expressed disappointment over Steve Bannon's removal from the news media."
        },
        {
            "source": 8,
            "target": 4,
            "relation": "person:person",
            "description": "Newt Gingrich expresses concern about Trump's stability as he faces challenges due to media manipulation."
        }
    ]
}