{
    "nodes": [
        {
            "id": 1,
            "label": "Georgia",
            "type": "location"
        },
        {
            "id": 2,
            "label": "Alabama",
            "type": "location"
        },
        {
            "id": 3,
            "label": "North Carolina",
            "type": "location"
        },
        {
            "id": 4,
            "label": "Florida",
            "type": "location"
        },
        {
            "id": 5,
            "label": "Virginia",
            "type": "location"
        },
        {
            "id": 6,
            "label": "South Carolina",
            "type": "location"
        },
        {
            "id": 7,
            "label": "Kentucky",
            "type": "location"
        },
        {
            "id": 8,
            "label": "Louisiana",
            "type": "location"
        },
        {
            "id": 9,
            "label": "Texas",
            "type": "location"
        },
        {
            "id": 10,
            "label": "Georgia State",
            "type": "location"
        },
        {
            "id": 11,
            "label": "Alabama State",
            "type": "location"
        }
    ],
    "edges": [
        {
            "source": 1,
            "target": 5,
            "relation": "participant",
            "description": "Georgia is a location that is connected to SNAP as an participant."
        },
        {
            "source": 2,
            "target": 5,
            "relation": "participant",
            "description": "Alabama is a location that is connected to SNAP as an participant."
        },
        {
            "source": 1,
            "target": 9,
            "relation": "program participant",
            "description": "Georgia is a location that is part of the SNAP program."
        },
        {
            "source": 2,
            "target": 9,
            "relation": "program participant",
            "description": "Alabama is a location that is part of the SNAP program."
        },
        {
            "source": 5,
            "target": 10,
            "relation": "participant",
            "description": "Florida is a location that is connected to SNAP as an participant."
        },
        {
            "source": 6,
            "target": 10,
            "relation": "participant",
            "description": "South Carolina is a location that is connected to SNAP as an participant."
        },
        {
            "source": 7,
            "target": 10,
            "relation": "program participant",
            "description": "Louisiana is a location that is part of the SNAP program."
        },
        {
            "source": 8,
            "target": 10,
            "relation": "program participant",
            "description": "Texas is a location that is part of the SNAP program."
        },
        {
            "source": 9,
            "target": 3,
            "relation": "program participant",
            "description": "Georgia State is a location that is part of the SNAP program."
        },
        {
            "source": 10,
            "target": 4,
            "relation": "program participant",
            "description": "Texas is a location that is part of the SNAP program."
        },
        {
            "source": 3,
            "target": 8,
            "relation": "lawmakers",
            "description": "Georgia State is connected to federal lawmakers."
        },
        {
            "source": 4,
            "target": 8,
            "relation": "lawmakers",
            "description": "Texas is connected to federal lawmakers."
        },
        {
            "source": 5,
            "target": 7,
            "relation": "participant: SNAP cuts proposal",
            "description": "Georgia is a location where the SNAP program's cuts are discussed."
        },
        {
            "source": 6,
            "target": 7,
            "relation": "participant: SNAP cuts proposal",
            "description": "South Carolina is connected to the proposal of SNAP cutouts."
        },
        {
            "source": 7,
            "target": 9,
            "relation": "lawmakers",
            "description": "Georgia State is a location where federal lawmakers are involved in SNAP program discussions."
        },
        {
            "source": 8,
            "target": 9,
            "relation": "program participant: SNAP cuts proposal",
            "description": "Louisiana is connected to the proposal of SNAP cutouts."
        },
        {
            "source": 10,
            "target": 3,
            "relation": "lawmakers",
            "description": "Texas is a location where federal lawmakers discuss SNAP program cuts."
        }
    ]
}