{
    "nodes": [
        {
            "id": 1,
            "label": "rev_jessac_hughes",
            "type": "person"
        },
        {
            "id": 2,
            "label": "tom_perez",
            "type": "person"
        },
        {
            "id": 3,
            "label": "don't_forgot... etc.",
            "type": "text phrase"
        },
        {
            "id": 4,
            "label": "city IL",
            "type": "location"
        }
    ],
    "edges": [
        {
            "source": 1,
            "target": 2,
            "relation": "introduced_by",
            "description": "rev_jessac_hughes introduced tom_perez when making the accusation."
        },
        {
            "source": 1,
            "target": 3,
            "relation": "accused",
            "description": "rev_jessac_hughes accused Trump of stealing the election."
        },
        {
            "source": 1,
            "target": 4,
            "relation": "derangement_syndrome",
            "description": "Text mentions 'Don\u2019t forget when you lose...', which is associated with Trump derangement syndrome."
        },
        {
            "source": 1,
            "target": 4,
            "relation": "located_at",
            "description": "The text is centered around the event in crooked Chicago, IL."
        }
    ]
}