{
    "nodes": [
        {
            "id": 1,
            "label": "President Trump",
            "type": "person"
        },
        {
            "id": 2,
            "label": "Susan Collins",
            "type": "person"
        },
        {
            "id": 3,
            "label": "Shelley Moore Capito",
            "type": "person"
        },
        {
            "id": 4,
            "label": "Lisa Murkowski",
            "type": "person"
        },
        {
            "id": 5,
            "label": "Frankly",
            "type": "text value"
        },
        {
            "id": 6,
            "label": "Buzzfeed News",
            "type": "organization"
        },
        {
            "id": 7,
            "label": "BuzzFeed",
            "type": "organization"
        },
        {
            "id": 8,
            "label": "Facebook",
            "type": "organization"
        }
    ],
    "edges": [
        {
            "source": 1,
            "target": 2,
            "relation": "President Trump said he was surprised when Senator Moran and Lee came out as No s last night.",
            "description": "We thought they were in fairly good shape."
        },
        {
            "source": 1,
            "target": 5,
            "relation": "President Trump called onGOP Senators to continue working through August recess on repealing and replacing Obamacare:\u7279\u6717\u666e calls on GOP Senators to continue working through August recess on repealing and replacing Obamacare: Frankly, I don t think we should leave town"
        },
        {
            "source": 6,
            "target": 2,
            "relation": "Buzzfeed News reported that president thought the votes were there to pass this yesterday and has said he is very disappointed in the failure of the Senate to pass this Obamacare repealing and replacing: buzzfeed reports: It s a full court press from Trump! He thought the votes were there to pass this yesterday and has said he is very disappointed in the failure of the Senate to pass this Obamacare repealing and replacing"
        },
        {
            "source": 2,
            "target": 5,
            "relation": "Susan Collins needs to go!",
            "description": "President Trump also said he was surprised when Senators Moran and Lee came out as No s last night."
        },
        {
            "source": 3,
            "target": 6,
            "relation": "By Tuesday afternoon, three Republican senators all women had come out against Senate Majority Leader Mitch McConnell s plan to push a vote on a clean Obamacare repeal bill enough to sink it altogether.",
            "description": "Three no votes came from three women who should really be in the D column: By Tuesday afternoon, three Republican senators   all women   had come out against a clean Obamacare repeal plan"
        }
    ]
}