{
    "nodes": [
        {
            "id": 1,
            "label": "Center for Immigration Studies",
            "type": "organization"
        },
        {
            "id": 2,
            "label": "Patty and I",
            "type": "person"
        },
        {
            "id": 3,
            "label": "Duke University, DC",
            "type": "institution"
        },
        {
            "id": 4,
            "label": "John Doe (food stamp program)",
            "type": "\u4eba\u7269"
        },
        {
            "id": 5,
            "label": "Supplemental Nutrition Assistance Program (SNAP)",
            "type": "organization"
        },
        {
            "id": 6,
            "label": "Duke University, DC",
            "type": "institution"
        },
        {
            "id": 7,
            "label": "All-Citizen Families",
            "type": "group"
        },
        {
            "id": 8,
            "label": "Mixed Families",
            "type": "group"
        }
    ],
    "edges": [
        {
            "source": 1,
            "target": 3,
            "relation": "center for immigration studies was involved in the workshop and government operations",
            "description": "The Center for Immigration Studies was directly involved in the workshop attended by Patty and I, which focused on food stamp programs."
        },
        {
            "source": 1,
            "target": 5,
            "relation": "Duke University (John Doe) was responsible for assisting all citizens with food stamps",
            "description": "The Food Stamp Program managed by the Center for Immigration Studies and Duke University provided assistance to all citizens."
        },
        {
            "source": 2,
            "target": 5,
            "relation": "Patty and I were part of the workshop associated with thefood stamp program",
            "description": "The workshop attended by Patty and me was directly related to the food stamp program and government operations."
        },
        {
            "source": 4,
            "target": 5,
            "relation": "John Doe (Duke University) was part of the center for immigration studies",
            "description": "John Doe, as a staff member at Duke University, was involved in the food stamp program and government operations."
        },
        {
            "source": 4,
            "target": 7,
            "relation": "All-Citizen Families were treated without distinction from Mixed Families under thefood stamp program",
            "description": "Under the food stamp program, all citizens received assistance, while mixed families were treated differently."
        },
        {
            "source": 5,
            "target": 8,
            "relation": "Mixed Families were exclusively treated with additional support for individuals over the age of 21 compared to All-Citizen Families",
            "description": "The Food Stamp Program provided extra support to individuals over the age of 21 in mixed families, while all citizens received basic assistance."
        }
    ]
}