{
    "nodes": [
        {
            "id": 1,
            "label": "Dr. Sebastian Gorka",
            "type": "person"
        },
        {
            "id": 2,
            "label": " MSNBC",
            "type": "organization"
        },
        {
            "id": 3,
            "label": "Ali Velshi",
            "type": "individual"
        },
        {
            "id": 4,
            "label": "Stephanie Ruhle",
            "type": "individual"
        },
        {
            "id": 5,
            "label": "The White House Adviser",
            "type": "organization"
        }
    ],
    "edges": [
        {
            "source": 1,
            "target": 5,
            "relation": "person:organization",
            "description": "Gorka points out the metaphor used by the White House."
        },
        {
            "source": 2,
            "target": 5,
            "relation": "organization:organization",
            "description": "The criticism is from the Obama administration, who blame the geopolitical issue on economic conditions and societal disenfranchisement."
        }
    ]
}