{
    "nodes": [
        {
            "id": 1,
            "label": "Kid Rock",
            "type": "person"
        },
        {
            "id": 2,
            "label": "Elizabeth Warren",
            "type": "person"
        }
    ],
    "edges": [
        {
            "source": 1,
            "target": 2,
            "relation": "donation",
            "description": "Donations for campaign fundraising"
        },
        {
            "source": 2,
            "target": 2,
            "relation": "challenge",
            "description": "Next month's challenge by Republican state Rep. Geoff Diehl"
        },
        {
            "source": 1,
            "target": 2,
            "relation": "support",
            "description": "Investments in Michigan Republican party support, Ann Arbor location"
        }
    ]
}