{
    "nodes": [
        {
            "id": 1,
            "label": "person",
            "type": "person"
        },
        {
            "id": 2,
            "label": "organization",
            "type": "organization"
        }
    ],
    "edges": [
        {
            "source": 1,
            "target": 2,
            "relation": "FBI agent raided Manafort's home",
            "description": "Armed with a search warrant, federal agents went to Manafort's Alexandria home during the predawn hours of July 26, one day after he met voluntarily with members of the Senate Intelligence Committee."
        }
    ]
}