{
    "nodes": [
        {
            "id": 1,
            "label": "Maria Chappelle-Nadal",
            "type": "person"
        },
        {
            "id": 2,
            "label": "Christopher Gagn",
            "type": "person"
        }
    ],
    "edges": [
        {
            "source": 1,
            "target": 2,
            "relation": "their conversation in the post",
            "description": "Their interaction in the post discussing his cousin on Trump's Secret Service."
        }
    ]
}