{
    "nodes": [
        {
            "id": 1,
            "label": "Trump",
            "type": "person"
        },
        {
            "id": 2,
            "label": "Perdue David",
            "type": "organization"
        },
        {
            "id": 3,
            "label": "Cotton Tom",
            "type": "organization"
        },
        {
            "id": 4,
            "label": "RAISE Act",
            "type": "act"
        },
        {
            "id": 5,
            "label": "Green Card legislation",
            "type": "reform"
        },
        {
            "id": 6,
            "label": "others",
            "type": "organization"
        }
    ],
    "edges": [
        {
            "source": 2,
            "target": 4,
            "relation": "introduced...",
            "description": "The RAISE Act was introduced by Perdue and Cotton to reduce green card issuance."
        },
        {
            "source": 4,
            "target": 5,
            "relation": "brought...",
            "description": "Trump supported the introduction of the RAISE Act for immigration reform."
        },
        {
            "source": 1,
            "target": 2,
            "relation": "brought...",
            "description": "President Trump brought together Perdue and Cotton to introduce the Reforming American Immigration Act (RAISE Act)."
        }
    ]
}