{
    "nodes": [
        {
            "id": 1,
            "label": "President Trump",
            "type": "person"
        },
        {
            "id": 2,
            "label": "Sebastian Gorka",
            "type": "person"
        },
        {
            "id": 3,
            "label": "Anderson Cooper",
            "type": "organization"
        },
        {
            "id": 4,
            "label": "CNN",
            "type": "organization"
        },
        {
            "id": 5,
            "label": "Walter Cronkite",
            "type": "person"
        },
        {
            "id": 6,
            "label": "TRUMPSTERS NEWS TRUTH",
            "type": "text"
        }
    ],
    "edges": [
        {
            "source": 1,
            "target": 2,
            "relation": "Gorka is the deputy assistant on Anderson Cooper's 360 show",
            "description": "Provided in the text that Sebastian Gorka appeared on Anderson Cooper's 360 show where he was quoted about Trump Jr. and Russian lawyer pretending to support Hillary, instead talking about Russian adoptions."
        },
        {
            "source": 1,
            "target": 4,
            "relation": "Gorka is quoted as saying the network made up news about Trump administration crisis",
            "description": "Said Gorka on Anderson Cooper's show that they were in crisis and that CNN made up news about the meeting between Donald Trump Jr. and a Russian lawyer."
        }
    ]
}