{
    "nodes": [
        {
            "id": 1,
            "label": "George Soros",
            "type": "person"
        },
        {
            "id": 2,
            "label": "Snopes.com",
            "type": "organization"
        },
        {
            "id": 3,
            "label": "$500k",
            "type": "amount"
        },
        {
            "id": 4,
            "label": "Facebook",
            "type": "organization"
        },
        {
            "id": 5,
            "label": "Kimberly LaCapria",
            "type": "writer"
        },
        {
            "id": 6,
            "label": "Libertarian for Congress",
            "type": "person"
        }
    ],
    "edges": [
        {
            "source": 1,
            "target": 4,
            "relation": "fact-checking",
            "description": "Snopes raised $500k in funding."
        },
        {
            "source": 2,
            "target": 3,
            "relation": "funding",
            "description": "Snopes raised $500k to support fact-checking."
        },
        {
            "source": 4,
            "target": 2,
            "relation": "fact-checking",
            "description": "Facebook assists in Snopes' fact-checking efforts."
        },
        {
            "source": 6,
            "target": 4,
            "relation": "person",
            "description": "Kimberly LaCapria is a fact-checker associated with Facebook."
        }
    ]
}