{
    "nodes": [
        {
            "id": 1,
            "label": "Paul Goodloe",
            "type": "person"
        },
        {
            "id": 2,
            "label": "The Weather Channel",
            "type": "organization"
        },
        {
            "id": 3,
            "label": "Downed American flag",
            "type": "node"
        }
    ],
    "edges": [
        {
            "source": 1,
            "target": 2,
            "relation": "covered by",
            "description": "Spotted a downed American flag."
        },
        {
            "source": 3,
            "target": 3,
            "relation": "occurring at",
            "description": "At the location where the fallen American flag was found."
        }
    ]
}