{
    "nodes": [
        {
            "id": 1,
            "label": "Jonathan Soloman",
            "type": "person"
        },
        {
            "id": 2,
            "label": "Nabra Hassanen",
            "type": "person"
        },
        {
            "id": 3,
            "label": "Washington D.C.",
            "type": "location"
        },
        {
            "id": 4,
            "label": "Dupont Circle",
            "type": "location"
        },
        {
            "id": 5,
            "label": "U.S. attorney's office in Washington D.C.",
            "type": "organization"
        }
    ],
    "edges": [
        {
            "source": 1,
            "target": 3,
            "relation": "arrested_in",
            "description": "Jonathan Soloman was arrested by the police in Washington D.C."
        },
        {
            "source": 2,
            "target": 4,
            "relation": "murdered_at",
            "description": "Nabra Hassanen was murdered at Dupont Circle"
        },
        {
            "source": 1,
            "target": 5,
            "relation": "released_from_custody_by",
            "description": "Jonathan Soloman was released from custody by the U.S. attorney's office in Washington D.C."
        },
        {
            "source": 3,
            "target": 4,
            "relation": "has_memorial_for",
            "description": "Washington D.C. has a memorial for Nabra Hassanen at Dupont Circle"
        }
    ]
}