{
    "nodes": [
        {
            "id": 1,
            "label": "Imran Awan",
            "type": "person"
        },
        {
            "id": 2,
            "label": "Hina",
            "type": "person"
        },
        {
            "id": 3,
            "label": "the couple",
            "type": "person"
        },
        {
            "id": 4,
            "label": "Abid",
            "type": "person"
        },
        {
            "id": 5,
            "label": "Jamal",
            "type": "person"
        },
        {
            "id": 6,
            "label": "parents of the couple",
            "type": "location"
        },
        {
            "id": 7,
            "label": "collegiate employee (Awan)",
            "type": "person"
        }
    ],
    "edges": [
        {
            "source": 1,
            "target": 3,
            "relation": "anti-muslim-bigness",
            "description": "The couple has been targeted with anti-Muslim bigotry in the literal heart of our democracy."
        },
        {
            "source": 1,
            "target": 6,
            "relation": "pizzagate media targeting them",
            "description": "Support for pizzas (pizzagate) targets Mr. Awan and his family."
        }
    ]
}