{
    "nodes": [
        {
            "id": 1,
            "label": "Donald Trump Jr.",
            "type": "person"
        },
        {
            "id": 2,
            "label": "Barack Obama",
            "type": "person"
        },
        {
            "id": 3,
            "label": "Hillary Clinton",
            "type": "person"
        },
        {
            "id": 4,
            "label": "Joe Biden",
            "type": "person"
        },
        {
            "id": 5,
            "label": "Mitt Romney",
            "type": "person"
        },
        {
            "id": 6,
            "label": "Allegations",
            "type": "organization"
        },
        {
            "id": 7,
            "label": "Magnifying.com",
            "type": "organization"
        },
        {
            "id": 8,
            "label": "The Washington Post",
            "type": "organization"
        },
        {
            "id": 9,
            "label": "New York Times",
            "type": "organization"
        },
        {
            "id": 10,
            "label": "The U.S. Department of State",
            "type": "organization"
        },
        {
            "id": 11,
            "label": "Law enforcement agencies",
            "type": "agency"
        },
        {
            "id": 12,
            "label": "FBI",
            "type": "agency"
        },
        {
            "id": 13,
            "label": "DEA",
            "type": "agency"
        },
        {
            "id": 14,
            "label": "GCHQ",
            "type": "agency"
        },
        {
            "id": 15,
            "label": "Nikolai Gorokhov (event)",
            "type": "person"
        }
    ],
    "edges": [
        {
            "source": 3,
            "target": 12,
            "relation": " went to",
            "description": "Did something with"
        },
        {
            "source": 10,
            "target": 6,
            "relation": " legal action against",
            "description": " law enforcement agency did something"
        },
        {
            "source": 8,
            "target": 7,
            "relation": " legal action against",
            "description": " law enforcement agency did something"
        },
        {
            "source": 9,
            "target": 6,
            "relation": " legal action against",
            "description": " law enforcement agency did something"
        },
        {
            "source": 4,
            "target": 8,
            "relation": " legal action against",
            "description": " law enforcement agency did something"
        },
        {
            "source": 5,
            "target": 12,
            "relation": " went to",
            "description": "Did something with"
        }
    ]
}