{
    "nodes": [
        {
            "id": 1,
            "label": "The Globe",
            "type": "organization"
        },
        {
            "id": 2,
            "label": "Trump",
            "type": "person"
        },
        {
            "id": 3,
            "label": "Clinton",
            "type": "person"
        },
        {
            "id": 4,
            "label": "Eclipse",
            "type": "location"
        }
    ],
    "edges": [
        {
            "source": 1,
            "target": 2,
            "relation": "the Globe uses the eclipse to make a case for Clinton winning",
            "description": "The article goes out of its way to make the claim that Trump lost to Clinton."
        },
        {
            "source": 3,
            "target": 4,
            "relation": "The eclipse path of ideal viewing spots for this month's highly-anticipated total solar eclipse cuts overwhelmingly through places that voted for President Trump in November.",
            "description": "The eclipse on Aug. 21 will be visible to people across the United States, but in most areas, the view will be of a partial eclipse."
        }
    ]
}