{
    "nodes": [
        {
            "id": 1,
            "label": "person",
            "type": "person"
        },
        {
            "id": 2,
            "label": "organization",
            "type": "organization"
        },
        {
            "id": 3,
            "label": "person",
            "type": "person"
        },
        {
            "id": 4,
            "label": "text",
            "type": "text"
        }
    ],
    "edges": [
        {
            "source": 1,
            "target": 2,
            "relation": "organization is an entity in Twitter",
            "description": "This connects the Twitter organization to William Shatner as a person."
        },
        {
            "source": 2,
            "target": 3,
            "relation": "person is an entity (organizational or personal)",
            "description": "This links Twitter with William Shatner, who is a person."
        },
        {
            "source": 1,
            "target": 4,
            "relation": "text is information that describes the content of a node",
            "description": "This text defines the 'person' label of William Shatner."
        },
        {
            "source": 3,
            "target": 4,
            "relation": "person is an entity (organizational or personal)",
            "description": "This connects George Takei with the social justice warrior term, indicating they are related as such."
        }
    ]
}