{
    "nodes": [
        {
            "id": 1,
            "label": "Basketball great Charles Barkley",
            "type": "person"
        },
        {
            "id": 2,
            "label": "Russell Wilson",
            "type": "person"
        },
        {
            "id": 3,
            "label": "Charles Barkley",
            "type": "person"
        }
    ],
    "edges": [
        {
            "source": 1,
            "target": 2,
            "relation": "Barkley spoke out about Russell Wilson on racial issues",
            "description": "Barkley discussed Seattle Seahawks quarterback Russell Wilson and his team issues."
        },
        {
            "source": 1,
            "target": 3,
            "relation": "Barkley's interview included a quote from Colin Kaepernick",
            "description": "Barkley, during an interview with a local radio station, made a statement regarding Seattle Seahawks quarterback Russell Wilson."
        },
        {
            "source": 3,
            "target": 1,
            "relation": "Barkley is known for speaking out on racial issues in America",
            "description": "Charles Barkley, an NBA legend and a figurehead of racial unity, has spoken about racial issues in his interview."
        },
        {
            "source": 3,
            "target": 1,
            "relation": "Barkley gave a high five for his take on the Confederate Statues controversy",
            "description": "During social media interaction, Charles Barkley was praised for his stance on the Confederate Statues controversy."
        },
        {
            "source": 3,
            "target": 1,
            "relation": "Barkley's previous statements about racial issues were interviewees in a segment of national news",
            "description": "Charles Barkley, during an interview with a local Philadelphia radio station, discussed the current challenges faced by African-Americans."
        }
    ]
}