{
    "nodes": [
        {
            "id": 1,
            "label": "Former Vice President Joe Biden",
            "type": "person"
        },
        {
            "id": 2,
            "label": " Former President Barack Obama",
            "type": "person"
        },
        {
            "id": 3,
            "label": "John McCain",
            "type": "person"
        }
    ],
    "edges": [
        {
            "source": 1,
            "target": 2,
            "relation": "Emotional interaction between Biden and Obama regarding the bill",
            "description": "The emotional interaction between Joe Biden and John McCain regarding the repeal of Obamacare."
        }
    ]
}