{
    "nodes": [
        {
            "id": 1,
            "label": "Tom Perez",
            "type": "person"
        },
        {
            "id": 2,
            "label": "Judge Jeanine",
            "type": "judge"
        },
        {
            "id": 3,
            "label": "Don't stand for our values?",
            "type": "text"
        },
        {
            "id": 4,
            "label": "Percet",
            "type": "person"
        },
        {
            "id": 5,
            "label": "Don't stand for our values",
            "type": "text"
        },
        {
            "id": 6,
            "label": "Percet's new team",
            "type": "new person"
        },
        {
            "id": 7,
            "label": "New direction",
            "type": "organization"
        },
        {
            "id": 8,
            "label": "Republicans don't care about JSON notation",
            "type": "organization"
        }
    ],
    "edges": [
        {
            "source": 1,
            "target": 2,
            "relation": "Percet is a fearmonger and racist",
            "description": "Percet has a long history of fear mongering and racism."
        },
        {
            "source": 2,
            "target": 3,
            "relation": "Judge Jeanine responded to Percet's speech",
            "description": "Judge Jeanine asked Percet about our values."
        },
        {
            "source": 4,
            "target": 5,
            "relation": "Percet is a radical and far left",
            "description": "Don't stand for our values ? Pray tell, Percet, what are our values & what it is that you want us to resist?"
        },
        {
            "source": 5,
            "target": 6,
            "relation": "Percet has a long history of fear mongering and racism",
            "description": "Percet likes to stir up fake concerns for Democrat voters."
        },
        {
            "source": 7,
            "target": 8,
            "relation": "The party is taking a new direction because Percet went far left",
            "description": "The party is clearly taking a new direction and it's not a good one for any American."
        }
    ]
}