{
    "nodes": [
        {
            "id": 1,
            "label": "John McCain",
            "type": "person"
        },
        {
            "id": 2,
            "label": "Donald Trump Jr.",
            "type": "person"
        },
        {
            "id": 3,
            "label": " Hillary Clinton",
            "type": "person"
        },
        {
            "id": 4,
            "label": "Russian lawyer Natalia Veselnitskaya",
            "type": "person"
        },
        {
            "id": 5,
            "label": "Alex Donohue",
            "type": "person"
        },
        {
            "id": 6,
            "label": "Raju",
            "type": "person"
        },
        {
            "id": 7,
            "label": "Oleg Erovinkin",
            "type": "person"
        },
        {
            "id": 8,
            "label": "Fusion GPS",
            "type": "organization"
        },
        {
            "id": 9,
            "label": "Christopher Burrows",
            "type": "person"
        },
        {
            "id": 10,
            "label": "Christopher Steele",
            "type": "person"
        }
    ],
    "edges": [
        {
            "source": 1,
            "target": 2,
            "relation": "discussed meetings with Russian lawyers about political matters",
            "description": "John discussed meetings with Russian lawyers about political matters."
        },
        {
            "source": 1,
            "target": 4,
            "relation": "suggested Russia might be involved in a smear campaign against the president",
            "description": "John suggested Russia might be involved in a smear campaign against the president."
        },
        {
            "source": 3,
            "target": 8,
            "relation": "linking Fusion GPS to the dossier on Trump",
            "description": "Fusion GPS is linked to the dossier on Trump."
        },
        {
            "source": 10,
            "target": 9,
            "relation": "found dead under mysterious circumstances (Christopher Steele)",
            "description": "Christopher Steele, found dead under mysterious circumstances (Christopher Steele)."
        }
    ]
}