{
    "nodes": [
        {
            "id": 1,
            "label": "Donald Trump",
            "type": "person"
        },
        {
            "id": 2,
            "label": "Papa John Schnatter",
            "type": "person"
        },
        {
            "id": 3,
            "label": "National Football League (NFL)",
            "type": "organization"
        },
        {
            "id": 4,
            "label": "The Statue of Liberty",
            "type": "location"
        }
    ],
    "edges": [
        {
            "source": 1,
            "target": 3,
            "relation": "criticizes",
            "description": "Criticizes NFL players for kneeling during the national anthem"
        },
        {
            "source": 2,
            "target": 3,
            "relation": "complains about",
            "description": "Complains about NFL players protesting during the national anthem"
        },
        {
            "source": 2,
            "target": 1,
            "relation": "opposes",
            "description": "Opposes Donald Trump's views on racism"
        }
    ]
}