{
    "nodes": [
        {
            "id": 1,
            "label": "Smithsonian",
            "type": "location"
        },
        {
            "id": 2,
            "label": "museum",
            "type": "organization"
        },
        {
            "id": 3,
            "label": "display",
            "type": "event_or_activity"
        },
        {
            "id": 4,
            "label": "kaepernick",
            "type": "person"
        },
        {
            "id": 5,
            "label": "national mall",
            "type": "location"
        },
        {
            "id": 6,
            "label": "damion",
            "type": "person"
        },
        {
            "id": 7,
            "label": "clarence thomas",
            "type": "person"
        }
    ],
    "edges": [
        {
            "source": 3,
            "target": 5,
            "relation": "display related to Kaepernick's exhibit",
            "description": "An exhibit at the Smithsonian National Mall featuring Colin Kaepernick."
        },
        {
            "source": 4,
            "target": 7,
            "relation": "person involved in protest of Kaepernick's display",
            "description": "Colin Kaepernick is being displayed, and he is associated with the museum's collection."
        },
        {
            "source": 2,
            "target": 6,
            "relation": "organizational responsibility for handling exhibits that include Kaepernick's work",
            "description": "The museum handles exhibits related to Kaepernick's protest activities."
        }
    ]
}