{
    "nodes": [
        {
            "id": 1,
            "label": "Rosie O Donnell",
            "type": "person"
        },
        {
            "id": 2,
            "label": "Online Game",
            "type": "organization"
        }
    ],
    "edges": [
        {
            "source": 1,
            "target": 2,
            "relation": "hasLink",
            "description": "Make America Great Again slogan"
        },
        {
            "source": 2,
            "target": 1,
            "relation": "hasLink",
            "description": "Push Trump Off A Cliff Again tweet"
        }
    ]
}