{
    "nodes": [
        {
            "id": 1,
            "label": "Minneapolis",
            "type": "location"
        },
        {
            "id": 2,
            "label": "Star Tribune Report",
            "type": "reporting"
        },
        {
            "id": 3,
            "label": "Somali Refugees",
            "type": "location"
        },
        {
            "id": 4,
            "label": "Officer Candidates",
            "type": "person"
        },
        {
            "id": 5,
            "label": "Gun Control Law",
            "type": "law"
        },
        {
            "id": 6,
            "label": "Refugee Origin",
            "type": "location"
        }
    ],
    "edges": [
        {
            "source": 2,
            "target": 1,
            "relation": " STAR TRIE report",
            "description": "Based on a STAR_TREY report about refugee resettlement."
        },
        {
            "source": 5,
            "target": 1,
            "relation": " Gun Control Law",
            "description": "Based on a mention of gun control in Minneapolis laws."
        },
        {
            "source": 2,
            "target": 4,
            "relation": " dispersal of cops",
            "description": "Based on an STAR_TREY report about officer candidates."
        }
    ]
}