{
    "nodes": [
        {
            "id": 1,
            "label": "John McCain",
            "type": "person"
        },
        {
            "id": 2,
            "label": "Multiple Hill staffers",
            "type": "group"
        },
        {
            "id": 3,
            "label": "Dems (Dems)",
            "type": "group"
        },
        {
            "id": 4,
            "label": "Jack Posobiec",
            "type": "person"
        }
    ],
    "edges": [
        {
            "source": 1,
            "target": 2,
            "relation": "person",
            "description": "John McCain was mentioned in a statement following multiple Hill staffers confirming their presence after his vote."
        },
        {
            "source": 4,
            "target": 1,
            "relation": "person",
            "description": "Jack Posobiec is discussing a photo of him surrounded by Dems afterward."
        },
        {
            "source": 4,
            "target": 3,
            "relation": "person",
            "description": "Jack Posobiec mentions that he saw a photo of him surrounded by Dems after his vote."
        }
    ]
}