{
    "nodes": [
        {
            "id": 1,
            "label": "Mc McConnell",
            "type": "person"
        },
        {
            "id": 2,
            "label": "Trump",
            "type": "person"
        },
        {
            "id": 3,
            "label": "Cornyn",
            "type": "person"
        },
        {
            "id": 4,
            "label": "Corker",
            "type": "person"
        },
        {
            "id": 5,
            "label": "Tillis",
            "type": "person"
        },
        {
            "id": 6,
            "label": "Isakson",
            "type": "person"
        },
        {
            "id": 7,
            "label": "Collins",
            "type": "person"
        },
        {
            "id": 8,
            "label": "Hagerd",
            "type": "person"
        },
        {
            "id": 9,
            "label": "heller",
            "type": "person"
        },
        {
            "id": 10,
            "label": "flake",
            "type": "person"
        },
        {
            "id": 11,
            "label": "Young",
            "type": "person"
        },
        {
            "id": 12,
            "label": "Capito",
            "type": "person"
        }
    ],
    "edges": [
        {
            "source": 1,
            "target": 3,
            "relation": "oten for politics",
            "description": "The Senate has responsibility for politics."
        },
        {
            "source": 2,
            "target": 5,
            "relation": "oten for healthcare and education",
            "description": "The House has responsibility for healthcare and education."
        },
        {
            "source": 2,
            "target": 12,
            "relation": "oten for foreign affairs",
            "description": "The President is responsible for foreign affairs."
        }
    ]
}