{
    "nodes": [
        {
            "id": 1,
            "label": "President Trump",
            "type": "person"
        },
        {
            "id": 2,
            "label": "Melania Trump (First Lady)",
            "type": "person"
        },
        {
            "id": 3,
            "label": "Michelle Obama",
            "type": "person"
        },
        {
            "id": 4,
            "label": "Ryan Teague Beckwith",
            "type": "person"
        },
        {
            "id": 5,
            "label": "Elizabeth Bruenig",
            "type": "assistant-editor"
        },
        {
            "id": 6,
            "label": "Texas",
            "type": "location"
        },
        {
            "id": 7,
            "label": "Louisiana floods",
            "type": "location"
        },
        {
            "id": 8,
            "label": "Hurricane Sandy",
            "type": "location"
        },
        {
            "id": 9,
            "label": "New Jersey",
            "type": "location"
        }
    ],
    "edges": [
        {
            "source": 1,
            "target": 2,
            "relation": "heels",
            "description": "Melania wore stilettos when departing for Texas."
        },
        {
            "source": 1,
            "target": 6,
            "relation": "airforce-one-landing-corpus-christi",
            "description": "President Trump landed in Corpus Christi after arriving in Texas from Air Force One."
        },
        {
            "source": 2,
            "target": 7,
            "relation": "black-hat-with-white-letters",
            "description": "Melania wore a black hat with white lettering when departing from Air Force One."
        },
        {
            "source": 3,
            "target": 8,
            "relation": "white-sneakers-black-pants-white-button-up",
            "description": "Michelle Obama wore white sneakers, black pants, and a white button-up shirt in New Jersey."
        },
        {
            "source": 1,
            "target": 5,
            "relation": "louisiana-floors",
            "description": "President Trump visited Louisiana during the floods due to Hurricane Sandy."
        },
        {
            "source": 1,
            "target": 7,
            "relation": " hurricane-sandy-triggers- Hurricane",
            "description": "According to some sources, Michelle Obama did not go on a trip with Barack and the girls when Hurricane Sandy struck in Louisiana."
        }
    ]
}