{
    "nodes": [
        {
            "id": 1,
            "label": "JK Rowling",
            "type": "person"
        },
        {
            "id": 2,
            "label": "Chris Possible",
            "type": "person"
        },
        {
            "id": 3,
            "label": "tweet",
            "type": "single entity"
        }
    ],
    "edges": [
        {
            "source": 1,
            "target": 3,
            "relation": "a tweet from JK Rowling mentioned in the first message",
            "description": "A tweet from JK Rowling mentioning a message about ignoring a disabled boy."
        },
        {
            "source": 2,
            "target": 3,
            "relation": "a tweet from Chris Possible mentioned in the second and third messages",
            "description": "A tweet from Chris Possible mentioning a message about ignoring a disabled boy."
        },
        {
            "source": 1,
            "target": 2,
            "relation": "the tweet itself referenced by both JK Rowling and Chris Possible's tweets",
            "description": "The tweet referenced by both JK Rowling and Chris Possible."
        }
    ]
}