{
    "nodes": [
        {
            "id": 1,
            "label": "Van Jones",
            "type": "person"
        },
        {
            "id": 2,
            "label": " unlabeled",
            "type": "text"
        },
        {
            "id": 3,
            "label": "the liberal media freakout",
            "type": "text"
        }
    ],
    "edges": [
        {
            "source": 1,
            "target": 2,
            "relation": "fake crying",
            "description": "A narrative of the fake crying narrative."
        },
        {
            "source": 3,
            "target": 3,
            "relation": "narrative continuation",
            "description": "Continues with real news about fake crying."
        }
    ]
}