{
    "nodes": [
        {
            "id": 1,
            "label": "Trump",
            "type": "person"
        },
        {
            "id": 2,
            "label": "Supreme Court",
            "type": "organization"
        },
        {
            "id": 3,
            "label": "The Guardian",
            "type": "news_source"
        },
        {
            "id": 4,
            "label": "CNBC",
            "type": "news_source"
        },
        {
            "id": 5,
            "label": "Neil Gorsuch",
            "type": "person"
        },
        {
            "id": 6,
            "label": "Islamic terrorists",
            "type": "group"
        },
        {
            "id": 7,
            "label": "United States",
            "type": "location"
        }
    ],
    "edges": [
        {
            "source": 1,
            "target": 2,
            "relation": "challenged",
            "description": "Challenge against the ruling that blocked Trump's Muslim ban executive order"
        },
        {
            "source": 2,
            "target": 3,
            "relation": "allowed_enforcement",
            "description": "Allowed enforcement of parts of Trump's Muslim ban while the case moves forward"
        },
        {
            "source": 1,
            "target": 4,
            "relation": "promoted",
            "description": "Trump championed this ban far and wide, instilling Islamophobia left and right"
        },
        {
            "source": 5,
            "target": 2,
            "relation": "voted_to_allow",
            "description": "Three justices, including Trump appointee Neil Gorsuch, said they would have let the executive order go into effect in full"
        },
        {
            "source": 1,
            "target": 6,
            "relation": "targeted",
            "description": "The Muslim ban targets immigrants based on religion, critics argue"
        },
        {
            "source": 7,
            "target": 1,
            "relation": "affected_by",
            "description": "The Muslim ban affects refugees and immigration to the United States"
        }
    ]
}