{
    "nodes": [
        {
            "id": 1,
            "label": "Bob Young",
            "type": "person"
        },
        {
            "id": 2,
            "label": "Firebrand Lena Epstein",
            "type": "person"
        },
        {
            "id": 3,
            "label": "Debbie Stabenow",
            "type": "person"
        },
        {
            "id": 4,
            "label": "Kid Rock",
            "type": "person"
        },
        {
            "id": 5,
            "label": "Piers Morgan",
            "type": "person"
        },
        {
            "id": 6,
            "label": "MI Supreme Court Justice",
            "type": "organization"
        }
    ],
    "edges": [
        {
            "source": 2,
            "target": 1,
            "relation": "shared support for Donald Trump",
            "description": "They both ran against candidates and aligned with him."
        },
        {
            "source": 5,
            "target": 3,
            "relation": "drug-free lifestyle",
            "description": "Kid Rock made money from ticket prices to help fans."
        }
    ]
}