{
    "nodes": [
        {
            "id": 1,
            "label": "Media Note",
            "type": "text"
        },
        {
            "id": 2,
            "label": "Frank Huckabee-Sanders",
            "type": "person"
        },
        {
            "id": 3,
            "label": "Business Letter",
            "type": "text"
        }
    ],
    "edges": [
        {
            "source": 1,
            "target": 2,
            "relation": "direct link from media to Frank's report"
        },
        {
            "source": 2,
            "target": 2,
            "relation": "self-edge on Frank Huckabee-Sanders"
        }
    ]
}