{
    "nodes": [
        {
            "id": 1,
            "label": "Mark Feigin",
            "type": "person"
        },
        {
            "id": 2,
            "label": "Los Angeles Police Department",
            "type": "organization"
        },
        {
            "id": 3,
            "label": "California Attorney General Kamala Harris",
            "type": "government official"
        }
    ],
    "edges": [
        {
            "source": 1,
            "target": 2,
            "relation": "accused by private citizens or law enforcement officials",
            "description": "Mark Feigin was charged with a hate crime involving Muslims."
        },
        {
            "source": 1,
            "target": 3,
            "relation": "accused by government and law enforcement officials",
            "description": "Mark Feigin was involved in the case."
        }
    ]
}