{
    "nodes": [
        {
            "id": 1,
            "label": "Chris Matthews",
            "type": "person"
        },
        {
            "id": 2,
            "label": "His clip of Trump and Putin",
            "type": "text"
        },
        {
            "id": 3,
            "label": "President Donald Trump",
            "type": "person"
        },
        {
            "id": 4,
            "label": "Vladimir Putin",
            "type": "person"
        },
        {
            "id": 5,
            "label": "Fox News hosts",
            "type": "text"
        },
        {
            "id": 6,
            "label": "China",
            "type": "organization"
        },
        {
            "id": 7,
            "label": "MSNBC",
            "type": "institution"
        }
    ],
    "edges": [
        {
            "source": 1,
            "target": 2,
            "relation": "is connected to",
            "description": "His clip of Trump and Putin as they appear to be having a casual conversation."
        },
        {
            "source": 1,
            "target": 3,
            "relation": "is connected to",
            "description": "The big story was the way they both engaged in the art of manspreading."
        },
        {
            "source": 4,
            "target": 5,
            "relation": "is connected to",
            "description": "After stopping laughing, Fox News hosts mocked MSNBC's Chris Matthews for making such an embarrassing and petty observation."
        },
        {
            "source": 3,
            "target": 6,
            "relation": "is connected to",
            "description": "Discussing things like Trump's movement in encouraging China to reign in North Korea."
        },
        {
            "source": 5,
            "target": 7,
            "relation": "is connected to",
            "description": "Using their own media, discusses topics around the G20 meeting and world leaders."
        }
    ]
}