{
    "nodes": [
        {
            "id": 1,
            "label": "Dr. Ben Carson's home was vandalized",
            "type": "person"
        },
        {
            "id": 2,
            "label": "Charlottesville, Virginia",
            "type": "location"
        },
        {
            "id": 3,
            "label": "Secretary of the U.S. Department of Housing and Urban Development",
            "type": "organization"
        },
        {
            "id": 4,
            "label": "F. Donald Trump",
            "type": "person"
        },
        {
            "id": 5,
            "label": "The events in Charlottesville (including removal of Confederate statues)",
            "type": "text"
        }
    ],
    "edges": [
        {
            "source": 1,
            "target": 3,
            "relation": "Dr. Ben Carson's home was vandalized",
            "description": "Vandalism occurred in Dr. Ben Carson's home."
        },
        {
            "source": 2,
            "target": 5,
            "relation": "Charlottesville is a location involved in the events in Charlottesville.",
            "description": "Charlottesville was the location where Dr. Ben Carson was in discussions."
        }
    ]
}