{
    "nodes": [
        {
            "id": 1,
            "label": "Mayor Mike Signer",
            "type": "person"
        },
        {
            "id": 2,
            "label": " Governor Terry McAuliffe",
            "type": "person"
        },
        {
            "id": 3,
            "label": "Virginia City Hall",
            "type": "place"
        },
        {
            "id": 4,
            "label": " Charlottesville",
            "type": "location"
        },
        {
            "id": 5,
            "label": "Daniel Kessler",
            "type": "person"
        }
    ],
    "edges": [
        {
            "source": 1,
            "target": 2,
            "relation": "The mayor talks about the rules not applying.",
            "description": "The mayor expresses that the rules do not apply in this situation."
        },
        {
            "source": 1,
            "target": 5,
            "relation": "Mayor Mike Signer is involved in discussions related to the incident involving Daniel Kessler.",
            "description": "MAYOR and GOVERNOR are involved in discussing incidents with Daniel Kessler."
        }
    ]
}