{
    "nodes": [
        {
            "id": 1,
            "label": "Terrence Williams",
            "type": "person"
        },
        {
            "id": 2,
            "label": "Larry Elder",
            "type": "person"
        },
        {
            "id": 3,
            "label": "Brian Fraser",
            "type": "person"
        },
        {
            "id": 4,
            "label": "Maxine Waters",
            "type": "person"
        }
    ],
    "edges": [
        {
            "source": 1,
            "target": 2,
            "relation": "The election results between Terrence Williams and Maxine Waters.",
            "description": "Elected from 2017 to the current term."
        },
        {
            "source": 1,
            "target": 4,
            "relation": "A political action statement by Maxine Waters.",
            "description": "She is considering running for President 2020."
        },
        {
            "source": 2,
            "target": 3,
            "relation": "The false narrative by Brian Fraser and Maxine Waters.",
            "description": "They are accusing the Trump administration of corruption."
        },
        {
            "source": 2,
            "target": 4,
            "relation": "A statement from Brian Fraser about Maxine Waters.",
            "description": "He admits to lying about her role in housing issues."
        }
    ]
}