{
    "nodes": [
        {
            "id": 1,
            "label": "American Family Association",
            "type": "organization"
        },
        {
            "id": 2,
            "label": "Family Research Council",
            "type": "organization"
        },
        {
            "id": 3,
            "label": "Alliance Defending Freedom",
            "type": "organization"
        },
        {
            "id": 4,
            "label": "Liberty Counsel",
            "type": "organization"
        },
        {
            "id": 5,
            "label": "Pacific Justice Institute",
            "type": "organization"
        }
    ],
    "edges": [
        {
            "source": 1,
            "target": 2,
            "relation": "family research council president Tony Perkins appeared on my nationally syndicated radio show Thursday to condemn CNN for using material from an organization that is  an attack dog of the Left.",
            "description": "They are not a neutral arbiter that is calling balls and strikes. They are on the field   playing. They are pushing an agenda and anyone who opposes them   they slap a label on them,  Perkins told me."
        },
        {
            "source": 1,
            "target": 3,
            "relation": "the Southern Poverty Law Center s so-called  hate map",
            "description": "fostering an agenda and inciting violence and it needs to stop,  he added"
        }
    ]
}