{
    "nodes": [
        {
            "id": 1,
            "label": "Trump's judicial nominations",
            "type": "person"
        },
        {
            "id": 2,
            "label": "Obama's judicial nominations",
            "type": "person"
        },
        {
            "id": 3,
            "label": "Bush's judicial nominations",
            "type": "person"
        },
        {
            "id": 4,
            "label": "Reagan's judicial nominations",
            "type": "person"
        }
    ],
    "edges": [
        {
            "source": 1,
            "target": 1,
            "relation": "comparing",
            "description": "Comparing Trump to others on their roles and claims."
        },
        {
            "source": 2,
            "target": 2,
            "relation": "comparing",
            "description": "Comparing Trump to others on their roles and claims."
        },
        {
            "source": 1,
            "target": 3,
            "relation": "related",
            "description": "Trump's updates compared to others' updates."
        },
        {
            "source": 2,
            "target": 3,
            "relation": "related",
            "description": "Trump's updates compared to others' updates."
        },
        {
            "source": 1,
            "target": 4,
            "relation": "related",
            "description": "Trump's updates compared to others' updates."
        },
        {
            "source": 2,
            "target": 4,
            "relation": "related",
            "description": "Trump's updates compared to others' updates."
        }
    ]
}