{
    "nodes": [
        {
            "id": 1,
            "label": "SPEAKER PAUL RYAN",
            "type": "person"
        },
        {
            "id": 2,
            "label": "TEAM",
            "type": "team"
        },
        {
            "id": 3,
            "label": "DRAWN THE SWAMP",
            "type": "location"
        },
        {
            "id": 4,
            "label": "PAUL RYAN ANNOUNCES BUDGET",
            "type": "message"
        }
    ],
    "edges": [
        {
            "source": 1,
            "target": 2,
            "relation": "TEAM",
            "description": "SPEAKER PAUL RYAN is in the team."
        },
        {
            "source": 2,
            "target": 4,
            "relation": "DRAWN THE SWAMP",
            "description": "The swamp refers to the area where they are building a wall."
        }
    ]
}