{
    "nodes": [
        {
            "id": 1,
            "label": "Roseville, Mich.",
            "type": "location"
        },
        {
            "id": 2,
            "label": "Parents",
            "type": "person"
        },
        {
            "id": 3,
            "label": " Detroit area school district",
            "type": "organization"
        },
        {
            "id": 4,
            "label": "U.S. flag item",
            "type": "text_node"
        },
        {
            "id": 5,
            "label": "slippers",
            "type": "item"
        },
        {
            "id": 6,
            "label": "sagging pants",
            "type": "item"
        },
        {
            "id": 7,
            "label": "spaghetti straps",
            "type": "item"
        },
        {
            "id": 8,
            "label": "bare midriff tops",
            "type": "item"
        },
        {
            "id": 9,
            "label": "Hats or head gear",
            "type": "text_node"
        },
        {
            "id": 10,
            "label": "low cut shirts",
            "type": "item"
        },
        {
            "id": 11,
            "label": "Roseville Community School",
            "type": "organization"
        }
    ],
    "edges": [
        {
            "source": 1,
            "target": 3,
            "relation": "location",
            "description": "Roseville, Michigan is the location of Roseville Community Schools."
        },
        {
            "source": 2,
            "target": 11,
            "relation": "person",
            "description": "Parents are individuals associated with Roseville, Michigan."
        },
        {
            "source": 3,
            "target": 11,
            "relation": "organization",
            "description": "Roseville Community Schools is the organization that coordinates these messages."
        },
        {
            "source": 11,
            "target": 4,
            "relation": "person",
            "description": "Roseville Community Schools removed the U.S. flag as a correction."
        }
    ]
}