{
    "nodes": [
        {
            "id": 1,
            "label": "Stock Market Index",
            "type": "economic indicator"
        },
        {
            "id": 2,
            "label": "Political Campaign",
            "type": "organization"
        },
        {
            "id": 3,
            "label": "Job Creation",
            "type": "economic indicator"
        },
        {
            "id": 4,
            "label": "Economic Impact",
            "type": "economic indicator"
        },
        {
            "id": 5,
            "label": "Unemployment Rate",
            "type": "economic indicator"
        },
        {
            "id": 6,
            "label": "Job Creation Details",
            "type": "\u7ec4\u7ec7\u4fe1\u606f"
        },
        {
            "id": 7,
            "label": "GDP Growth",
            "type": "economic indicator"
        }
    ],
    "edges": [
        {
            "source": 1,
            "target": 2,
            "relation": "Political Campaign activities",
            "description": "The political campaign activities of President Trump are creating over 1 million jobs."
        },
        {
            "source": 2,
            "target": 5,
            "relation": "Job Creation",
            "description": "This political campaign activity has created over 3.7 billion jobs in various industries."
        },
        {
            "source": 2,
            "target": 4,
            "relation": "Economic Impact",
            "description": "These job creation activities have created over 4,000 jobs across multiple industries."
        },
        {
            "source": 5,
            "target": 6,
            "relation": "Unemployment Rate",
            "description": "The unemployment rate for the political campaign period is 3.2%."
        },
        {
            "source": 4,
            "target": 7,
            "relation": "Economic Impact",
            "description": "This economic impact has created over 1,300,000 jobs in various industries under Trump's campaign."
        }
    ]
}