{
    "nodes": [
        {
            "id": 1,
            "label": "Stephen Miller",
            "type": "person"
        },
        {
            "id": 2,
            "label": "Hillary Clinton",
            "type": "person"
        },
        {
            "id": 3,
            "label": "Chuck Todd",
            "type": "person"
        },
        {
            "id": 4,
            "label": "Emma Lazarus",
            "type": "person"
        },
        {
            "id": 5,
            "label": "United States Organization of Law and Professional Women (ULPW)",
            "type": "organization"
        },
        {
            "id": 6,
            "label": "The Washington Post (WaPo)",
            "type": "organization"
        },
        {
            "id": 7,
            "label": "The American Historical Association",
            "type": "organization"
        },
        {
            "id": 8,
            "label": "Trump Administration",
            "type": "organization"
        },
        {
            "id": 9,
            "label": "White House Press Corp",
            "type": "organization"
        },
        {
            "id": 10,
            "label": "Statue of Liberty",
            "type": "place"
        }
    ],
    "edges": [
        {
            "source": 1,
            "target": 9,
            "relation": "the person Stephen Miller is with the White House Press Corp",
            "description": "Stephen Miller is a member of the White House Press Corp."
        },
        {
            "source": 1,
            "target": 8,
            "relation": "the person Stephen Miller is with the Trump Administration",
            "description": "Stephen Miller is part of the Trump administration."
        },
        {
            "source": 1,
            "target": 7,
            "relation": "the person Stephen Miller corresponds with Emma Lazarus in 1903",
            "description": "Stephen Miller spoke to Emma Lazarus in 1903 for political reasons."
        },
        {
            "source": 1,
            "target": 6,
            "relation": "the person Stephen Miller hammers into Hillary Clinton during his campaign against her",
            "description": "Stephen Miller's speeches and actions includehamming down Hillary Clinton in his campaign."
        },
        {
            "source": 2,
            "target": 7,
            "relation": "the person Hillary Clinton is known for speaking at Emma Lazarus's book party (1903)",
            "description": "Hillary Clinton was involved in a political event where Emma Lazarus participated, focusing on her book."
        },
        {
            "source": 2,
            "target": 5,
            "relation": "the person Hillary Clinton is associated with being a famous political campaigner",
            "description": " Hillary Clinton is widely recognized for her contributions to political campaigns and speeches."
        }
    ]
}