{
    "nodes": [
        {
            "id": 1,
            "label": "Dave Brat",
            "type": "person"
        },
        {
            "id": 2,
            "label": "Democrats",
            "type": "group"
        },
        {
            "id": 3,
            "label": "Mark Warner",
            "type": "individual"
        },
        {
            "id": 4,
            "label": "Tim Kaine",
            "type": "individual"
        },
        {
            "id": 5,
            "label": "CNN",
            "type": "organization"
        },
        {
            "id": 6,
            "label": "DCCC",
            "type": "organization"
        },
        {
            "id": 7,
            "label": "Washington Post",
            "type": "organization"
        }
    ],
    "edges": [
        {
            "source": 1,
            "target": 2,
            "relation": "Involvement in impeachment process",
            "description": "The individuals involved are part of the impeachment team."
        },
        {
            "source": 3,
            "target": 1,
            "relation": "Says about Trump's win",
            "description": "Mark Warner and Tim Kaine react to his victory."
        },
        {
            "source": 4,
            "target": 1,
            "relation": "Further reaction on the situation",
            "description": "Tim Kaine details the perceived worse son."
        },
        {
            "source": 5,
            "target": 6,
            "relation": "Ethical concerns between organizations",
            "description": "CNN, DCCC, and Washington Post are not legally prohibited from discussing the matter."
        }
    ]
}