{
    "nodes": [
        {
            "id": 1,
            "label": "CNN",
            "type": "organization"
        },
        {
            "id": 2,
            "label": "Barack Obama",
            "type": "person"
        },
        {
            "id": 3,
            "label": "Donald Trump",
            "type": "person"
        },
        {
            "id": 4,
            "label": "Texas",
            "type": "location"
        },
        {
            "id": 5,
            "label": " Hurricane Harvey",
            "type": "location"
        },
        {
            "id": 6,
            "label": "Joe Arpaio",
            "type": "person"
        },
        {
            "id": 7,
            "label": " Sebastian Gorka",
            "type": "person"
        },
        {
            "id": 8,
            "label": "Barack Obama's documents (e.g., Agence France-Presse reports)",
            "type": "text"
        },
        {
            "id": 9,
            "label": "Banned from joining military",
            "type": "person"
        },
        {
            "id": 10,
            "label": "Conicted Sheriff Joe Arpaio",
            "type": "person"
        }
    ],
    "edges": [
        {
            "source": 6,
            "target": 8,
            "relation": "covered documents related to Hurricane Harvey",
            "description": "Banned from joining military,Convict sheriff (Joe Arpaio) was involved in documents related to Hurricane Harvey."
        },
        {
            "source": 2,
            "target": 6,
            "relation": " CNN probably forgot about",
            "description": "CNN probably forgot about [ hurricane Harvey ]."
        },
        {
            "source": 1,
            "target": 4,
            "relation": " CNN was apoplectic about Hurricane Harvey",
            "description": " CNN was apoplectic about [ hurricane Harvey ]."
        },
        {
            "source": 1,
            "target": 5,
            "relation": " CNN probably forgot about",
            "description": "CNN probably forgot about [ hurricane Harvey ]."
        },
        {
            "source": 3,
            "target": 6,
            "relation": " CNN was apoplectic about Hurricane Harvey",
            "description": " CNN was apoplectic about [ hurricane Harvey ]."
        }
    ]
}