{
    "nodes": [
        {
            "id": 1,
            "label": "Judge Napolitano",
            "type": "person"
        },
        {
            "id": 2,
            "label": "Debbie Wasserman Schultz",
            "type": "organization"
        },
        {
            "id": 3,
            "label": "Tammy Duckworth",
            "type": "organization"
        },
        {
            "id": 4,
            "label": "FBI",
            "type": "organization"
        }
    ],
    "edges": [
        {
            "source": 1,
            "target": 2,
            "relation": " investigation of members of the DNC and other investigated entities",
            "description": " Investigating members of the DNC and others who were part of the DNC's IT activities."
        },
        {
            "source": 1,
            "target": 4,
            "relation": " investigation of members of the DNC and other investigated entities",
            "description": " Investigating members of the DNC and others involved in the DNC's internal operations."
        },
        {
            "source": 2,
            "target": 4,
            "relation": " investigation of members of the DNC and other investigated entities",
            "description": " Investigating Debbie Wasserman Schultz, who was a target of an email attack."
        }
    ]
}