{
    "nodes": [
        {
            "id": 1,
            "label": "Leonardo DiCaprio",
            "type": "person"
        },
        {
            "id": 2,
            "label": "St-Tropez",
            "type": "location"
        },
        {
            "id": 3,
            "label": "NYP",
            "type": "organization"
        },
        {
            "id": 4,
            "label": "France Riviera",
            "type": "organization"
        },
        {
            "id": 5,
            "label": "AmFAR gala",
            "type": "event"
        },
        {
            "id": 6,
            "label": "Antibes",
            "type": "location"
        }
    ],
    "edges": [
        {
            "source": 1,
            "target": 3,
            "relation": "flights from St-Tropez to NYP",
            "description": "NYP flights to France Riviera and Antibes."
        },
        {
            "source": 3,
            "target": 4,
            "relation": "flights from France Riviera to AmFAR gala",
            "description": "AmFAR gala in Antibes via France Riviera."
        },
        {
            "source": 4,
            "target": 5,
            "relation": "flights from Antibes to St-Tropez",
            "description": "Antibes flights to St-Tropez."
        }
    ]
}