{
    "nodes": [
        {
            "id": 1,
            "label": "office",
            "type": "office"
        },
        {
            "id": 2,
            "label": "floor",
            "type": "floor"
        },
        {
            "id": 3,
            "label": "wall",
            "type": "wall"
        },
        {
            "id": 4,
            "label": "ceiling",
            "type": "ceiling"
        }
    ],
    "edges": [
        {
            "source": 1,
            "target": 2,
            "relation": "on the floor of your home",
            "description": "a description of location on the floor"
        },
        {
            "source": 1,
            "target": 3,
            "relation": "the wall of your home",
            "description": "a description of location on the wall"
        },
        {
            "source": 2,
            "target": 4,
            "relation": "on the ceiling of your home",
            "description": "a description of location on the ceiling"
        }
    ]
}