{
    "nodes": [
        {
            "id": 1,
            "label": "Strongsville, Ohio VFW",
            "type": "location"
        },
        {
            "id": 2,
            "label": "Clevand 19",
            "type": "sign"
        },
        {
            "id": 3,
            "label": "VFW 3345",
            "type": "organization"
        }
    ],
    "edges": [
        {
            "source": 1,
            "target": 2,
            "relation": " protest about Cleveland Browns game",
            "description": "Climactic sign outside VFW hall points out the Cleveland Browns players kneeling during the National Anthem and the coaching staff backing their decision."
        },
        {
            "source": 3,
            "target": 1,
            "relation": " ban on Sunday games",
            "description": "VFW Commander Tim Zvoncheck informed his Facebook page that VFW Post 3345 will no longer televise any Cleveland Browns games."
        }
    ]
}