{
    "nodes": [
        {
            "id": 1,
            "label": "Gino DeFabio",
            "type": "person"
        },
        {
            "id": 2,
            "label": "Fox Business",
            "type": "organization"
        },
        {
            "id": 3,
            "label": "David Asman",
            "type": "person"
        },
        {
            "id": 4,
            "label": "President Trump",
            "type": "person"
        },
        {
            "id": 5,
            "label": "Steel Valley",
            "type": "location"
        },
        {
            "id": 6,
            "label": "Coal Industry",
            "type": "organization"
        },
        {
            "id": 7,
            "label": "People",
            "type": "group"
        },
        {
            "id": 8,
            "label": "Russia",
            "type": "location"
        },
        {
            "id": 9,
            "label": "Jared Kushner",
            "type": "person"
        }
    ],
    "edges": [
        {
            "source": 1,
            "target": 2,
            "relation": "De Fabio spoke to Asman about his thoughts on supporting Trump.",
            "description": "Direct interaction between the two people."
        },
        {
            "source": 4,
            "target": 5,
            "relation": "Trump won the election.",
            "description": "The outcome of the election."
        },
        {
            "source": 7,
            "target": 8,
            "relation": "People opposed Trump in a political context.",
            "description": "Opposing party members."
        },
        {
            "source": 6,
            "target": 5,
            "relation": "People discussed trade deals and regulations affecting job creation.",
            "description": "Policy discussions on regulations."
        },
        {
            "source": 9,
            "target": 5,
            "relation": "Kushner's campaign tried to create a narrative around the Russia-Ruled election.",
            "description": "Political motivations for the narrative."
        }
    ]
}