{
    "nodes": [
        {
            "id": 1,
            "label": "Mohamed Noor",
            "type": "person"
        },
        {
            "id": 2,
            "label": "Justine Dramond",
            "type": "person"
        },
        {
            "id": 3,
            "label": "Officer Mohamed Noor",
            "type": "police officer"
        },
        {
            "id": 4,
            "label": "Dancer Justine Dramond",
            "type": "person"
        },
        {
            "id": 5,
            "label": "Dancer Zach Damond",
            "type": "person"
        },
        {
            "id": 6,
            "label": "Officer NND",
            "type": "police officer"
        },
        {
            "id": 7,
            "label": "Harrity",
            "type": "police officer"
        }
    ],
    "edges": [
        {
            "source": 1,
            "target": 2,
            "relation": "Connected via Justine Dramond's report",
            "description": "Justine reported the shooting near her home."
        },
        {
            "source": 3,
            "target": 4,
            "relation": "Reported by Dancer Dramond",
            "description": "Justine shared the incident, so she was in pajamas."
        },
        {
            "source": 3,
            "target": 5,
            "relation": "At scene but not directly connected to Zach Damond",
            "description": " officers were present but did not engage with him."
        },
        {
            "source": 6,
            "target": 4,
            "relation": "Moved her right wrist and upper arm to hospital",
            "description": "officer NND transported the woman."
        },
        {
            "source": 4,
            "target": 5,
            "relation": "Dancer Dramond's engagement",
            "description": "Don Damond is engaged with Justine."
        },
        {
            "source": 5,
            "target": 6,
            "relation": "Dancer Zach Damond's marriage",
            "description": "They are married in August."
        }
    ]
}