{
    "nodes": [
        {
            "id": 1,
            "label": "Marie Washington",
            "type": "person"
        },
        {
            "id": 2,
            "label": "George Washington",
            "type": "person"
        },
        {
            "id": 3,
            "label": "Mount Vernon",
            "type": "location"
        },
        {
            "id": 4,
            "label": "Jackson Park",
            "type": "location"
        },
        {
            "id": 5,
            "label": "Thomas Jefferson",
            "type": "person"
        },
        {
            "id": 6,
            "label": "John Adams",
            "type": "person"
        },
        {
            "id": 7,
            "label": "Ben Franklin",
            "type": "person"
        },
        {
            "id": 8,
            "label": "Alexander Hamilton",
            "type": "person"
        },
        {
            "id": 9,
            "label": "Martha Washington",
            "type": "person"
        },
        {
            "id": 10,
            "label": "Marie Washington",
            "type": "organization"
        },
        {
            "id": 11,
            "label": "The George Washington University",
            "type": "organization"
        }
    ],
    "edges": [
        {
            "source": 2,
            "target": 9,
            "relation": "historical figure - person",
            "description": "Connects Martha Washington to her husband and later to the university."
        },
        {
            "source": 9,
            "target": 5,
            "relation": "organization - institution",
            "description": "Martha Washington is president of The George Washington University."
        },
        {
            "source": 10,
            "target": 2,
            "relation": "person - person",
            "description": "Martha Washington became president after being president's wife."
        },
        {
            "source": 4,
            "target": 5,
            "relation": "location - place",
            "description": "John Adams was born in Mount Vernon."
        },
        {
            "source": 6,
            "target": 4,
            "relation": "organization - institution",
            "description": "The University of Virginia was founded by Thomas Jefferson."
        },
        {
            "source": 11,
            "target": 5,
            "relation": "organization - institution",
            "description": "The George Washington University is a constituent of The University of Virginia."
        }
    ]
}