{
    "nodes": [
        {
            "id": 1,
            "label": "Free Speech Rally",
            "type": "text"
        },
        {
            "id": 2,
            "label": "Antifa Group",
            "type": "person"
        },
        {
            "id": 3,
            "label": "Black Lives Matter",
            "type": "person"
        },
        {
            "id": 4,
            "label": "Boston Common",
            "type": "location"
        },
        {
            "id": 5,
            "label": "Antifa member",
            "type": "person"
        },
        {
            "id": 6,
            "label": "Black Lives Matter member",
            "type": "person"
        }
    ],
    "edges": [
        {
            "source": 2,
            "target": 5,
            "relation": "is aponent of Black Lives Matter",
            "description": "The Black Lives Matter group is considered to be an exponent of the Black Lives Matter movement."
        },
        {
            "source": 3,
            "target": 6,
            "relation": "is aponent of Antifa",
            "description": "Some members of the Black Lives Matter group are labeled as being an exponent of the Antifa movement."
        }
    ]
}