{
    "nodes": [
        {
            "id": 1,
            "label": "Barack Obama moving in with his household (2017)",
            "type": "person"
        },
        {
            "id": 2,
            "label": " Valerie Jarrett (high school now)",
            "type": "person"
        },
        {
            "id": 3,
            "label": "Charltson Protests (2017)",
            "type": "event"
        },
        {
            "id": 4,
            "label": "CNN Calling Obama's Response",
            "type": "relation"
        },
        {
            "id": 5,
            "label": "True narrative shift about Trump'",
            "type": "node"
        },
        {
            "id": 6,
            "label": "Jason Kessler's participation in Charlottesville rally",
            "type": "person"
        },
        {
            "id": 7,
            "label": "Barack Obama's decision on White Supremacy",
            "type": "node"
        },
        {
            "id": 8,
            "label": "Jason Kessler's political change after Twitter controversy",
            "type": "node"
        },
        {
            "id": 9,
            "label": " CNN's inactive past (2013)",
            "type": "person"
        },
        {
            "id": 10,
            "label": " Jason Kessler's previous work at CNN",
            "type": "person"
        }
    ],
    "edges": [
        {
            "source": 1,
            "target": 5,
            "relation": "Barack Obama moved in with his household (2017)",
            "description": "The event of Barack Obama moving in with his household after the White House exit."
        },
        {
            "source": 1,
            "target": 6,
            "relation": " CNN called Obama's response to Charlottesville protests",
            "description": "CNN reported Obama's tweet regarding the Charlottesville protests."
        },
        {
            "source": 2,
            "target": 5,
            "relation": " Valerie Jarrett moved in after Obama's household",
            "description": "Valerie Jarrett joined her husband in high school following Obama's household."
        },
        {
            "source": 3,
            "target": 7,
            "relation": "Baralthson Protests led by Obama addressed the Charlottesville protests",
            "description": "The Charlottesville protests were the immediate reaction to Obama's visit."
        },
        {
            "source": 4,
            "target": 5,
            "relation": "Barack Obama promoted false narrative about Trump being racist",
            "description": " Media falsely attributed Trump's rhetoric to Obama's coverage of the Charlottesville protests."
        },
        {
            "source": 6,
            "target": 7,
            "relation": " Jason Kessler joined the White Supremacy movement organized by Obama",
            "description": "Jason Kessler was part of the rally led by Obama for the WSP."
        },
        {
            "source": 6,
            "target": 8,
            "relation": " Baralthson Protests caused media shift about Trump's remarks",
            "description": " The Charlottesville protests triggered a narrative change in the media regarding Trump."
        },
        {
            "source": 7,
            "target": 8,
            "relation": " Jason Kessler changed his political stance after Twitter controversy",
            "description": " Jason Kessler's decision to support Trump over a Twitter account was key to his role."
        },
        {
            "source": 8,
            "target": 9,
            "relation": " CNN has stopped working on this project in 2013",
            "description": " CNN no longer worked on Jason Kessler's project until after Obama's household visit in 2017."
        },
        {
            "source": 9,
            "target": 10,
            "relation": " CNN has been inactive for three years (2013-2016)",
            "description": " CNN has not worked on this project since its initial involvement with Jason Kessler in 2015."
        }
    ]
}