{
    "nodes": [
        {
            "id": 1,
            "label": "Washington Post",
            "type": "organization"
        },
        {
            "id": 2,
            "label": "Iraq",
            "type": "location"
        },
        {
            "id": 3,
            "label": " Syria",
            "type": "location"
        },
        {
            "id": 4,
            "label": "Raqqa",
            "type": "location"
        },
        {
            "id": 5,
            "label": "Mosul",
            "type": "location"
        }
    ],
    "edges": [
        {
            "source": 1,
            "target": 2,
            "relation": "economic influence",
            "description": "The Washington Post gained significant economic ties with Iraq and Syria."
        },
        {
            "source": 2,
            "target": 3,
            "relation": "strategic focus",
            "description": "The Iraq security forces targeted the Islamic State group in Raqqa last month."
        },
        {
            "source": 3,
            "target": 4,
            "relation": "economic influence",
            "description": "Syrian authorities received economic support for their operations in Mosul."
        }
    ]
}