{
    "nodes": [
        {
            "id": 1,
            "label": "Trump",
            "type": "person"
        },
        {
            "id": 2,
            "label": "Ivankatrump",
            "type": "person"
        },
        {
            "id": 3,
            "label": "swimsuit",
            "type": "object"
        },
        {
            "id": 4,
            "label": "beachcoolers",
            "type": "object"
        },
        {
            "id": 5,
            "label": "wallposts",
            "type": "object"
        },
        {
            "id": 6,
            "label": "women",
            "type": "object"
        },
        {
            "id": 7,
            "label": "eponymouslabel",
            "type": "object"
        },
        {
            "id": 8,
            "label": "Trumpbrandedwear",
            "type": "object"
        }
    ],
    "edges": [
        {
            "source": 1,
            "target": 2,
            "relation": "person",
            "description": "The #GrabYourWallet campaign targeted Ivanka fashions."
        },
        {
            "source": 1,
            "target": 3,
            "relation": "object",
            "description": "Women supported Trump's brand clothing and accessories."
        },
        {
            "source": 2,
            "target": 4,
            "relation": "person",
            "description": "Ivankatrump users engage with the brand."
        },
        {
            "source": 3,
            "target": 5,
            "relation": "object",
            "description": "Swimwear from Trump-branded brands is in demand."
        },
        {
            "source": 4,
            "target": 6,
            "relation": "person",
            "description": "Women wear Trump's products to support his campaign."
        },
        {
            "source": 5,
            "target": 7,
            "relation": "object",
            "description": "#MAGA and #womenfortrump are influential hashtags."
        }
    ]
}