{
    "nodes": [
        {
            "id": 1,
            "label": "Boston police officer",
            "type": "person"
        },
        {
            "id": 2,
            "label": "Boston police station",
            "type": "location"
        },
        {
            "id": 3,
            "label": "CHIEF of Boston Police Force",
            "type": "organization"
        },
        {
            "id": 4,
            "label": "Rousers and\u5e02\u6c11 from Boston",
            "type": "group"
        }
    ],
    "edges": [
        {
            "source": 2,
            "target": 3,
            "relation": "attacking",
            "description": "Interactions between police officers and the Boston population."
        },
        {
            "source": 1,
            "target": 4,
            "relation": "attacking",
            "description": "Interactions between Boston police officers and local groups."
        }
    ]
}