{
    "nodes": [
        {
            "id": 1,
            "label": "President Trump",
            "type": "person"
        },
        {
            "id": 2,
            "label": "White House communications director, Anthony Scaramucci",
            "type": "organization"
        },
        {
            "id": 3,
            "label": "President Trump's communications staff, Reince Priebus",
            "type": "person"
        },
        {
            "id": 4,
            "label": "White House communications office",
            "type": "location"
        },
        {
            "id": 5,
            "label": "Susan Lewis",
            "type": "person"
        },
        {
            "id": 6,
            "label": "Michael Short",
            "type": "person"
        }
    ],
    "edges": [
        {
            "source": 2,
            "target": 5,
            "relation": "directly responsible",
            "description": "Scaramucci is responsible for terminating Michael Short from the White House communications office."
        }
    ]
}