{
    "nodes": [
        {
            "id": 1,
            "label": "Two months before the 2016 election",
            "type": "time period"
        },
        {
            "id": 2,
            "label": "Personal essays by Hillary Clinton, Amandla Stenberg, and Gloria Steinem",
            "type": "collection of pieces written about the time"
        },
        {
            "id": 3,
            "label": "Suggesting that teenagers rely on Teen Vogue for info on anal sex",
            "type": "statement or advice"
        },
        {
            "id": 4,
            "label": "Editor-in-chief of Teen Vogue in 2003",
            "type": "specific person"
        },
        {
            "id": 5,
            "label": "Quoted as relying solely on Teen Vogue for all info",
            "type": "statement or advice"
        },
        {
            "id": 6,
            "label": "Quote from a Pentagon protests article about Dakota Access Pipeline",
            "type": "specific article or event"
        },
        {
            "id": 7,
            "label": "Focus on fashion, beauty, and style",
            "type": "content focus area"
        }
    ],
    "edges": [
        {
            "source": 1,
            "target": 2,
            "relation": "two months before the 2016 election led to the suggestion that teenagers rely on Teen Vogue for info on anal sex",
            "description": "Connected piece about personal essays in 2016 election and suggesting reliance on Teen Vogue"
        },
        {
            "source": 3,
            "target": 5,
            "relation": " quote from a Pentagon protests article led to the suggestion that teenagers rely on Teen Vogue for info on anal sex",
            "description": "Connected quote about the Pentagon protests and suggested reliance on Teen Vogue"
        },
        {
            "source": 4,
            "target": 6,
            "relation": " editor-in-chief of Teen Vogue in 2003 led to editing towards public opinion issues",
            "description": "Connected specific person and led to quote about Pentagon protests"
        },
        {
            "source": 7,
            "target": 4,
            "relation": " content focus area on fashion, beauty, and style led to quote from a Pentagon protests article",
            "description": "Connected content focus and led to quote about Dakota Access Pipeline"
        }
    ]
}