{
    "nodes": [
        {
            "id": 1,
            "label": "Gary Tuckman",
            "type": " reporter"
        },
        {
            "id": 2,
            "label": "Very Fake News CNN",
            "type": " organization"
        },
        {
            "id": 3,
            "label": "TFC (Terror Front)",
            "type": " group"
        },
        {
            "id": 4,
            "label": "Antifa",
            "type": " group"
        },
        {
            "id": 5,
            "label": "Don Lemon",
            "type": " reporter"
        },
        {
            "id": 6,
            "label": "Rally in Phoenix",
            "type": " event"
        },
        {
            "id": 7,
            "label": "TV Appearance",
            "type": " event"
        },
        {
            "id": 8,
            "label": "Support Law Enforcement",
            "type": " group"
        }
    ],
    "edges": [
        {
            "source": 1,
            "target": 2,
            "relation": " reporter",
            "description": "Gary Tuckman is the reporter for Very Fake News CNN."
        },
        {
            "source": 1,
            "target": 3,
            "relation": "group member",
            "description": " Gary Tuckman is part of the group known as TFC (Terror Front)."
        },
        {
            "source": 1,
            "target": 4,
            "relation": "group member",
            "description": "Gary Tuckman is a core member of Antifa."
        },
        {
            "source": 3,
            "target": 5,
            "relation": "event node",
            "description": "Gary Tuckman was part of the rally in Phoenix that day."
        },
        {
            "source": 4,
            "target": 5,
            "relation": "event node",
            "description": " Gary Tuckman was part of the Antifa group."
        },
        {
            "source": 4,
            "target": 6,
            "relation": "event node",
            "description": "Gary Tuckman appeared on TV to talk about the rally."
        },
        {
            "source": 5,
            "target": 7,
            "relation": "group member",
            "description": " Gary Tuckman was present at the rally and supported law enforcement during the event."
        },
        {
            "source": 6,
            "target": 8,
            "relation": "group member",
            "description": "Gary Tuckman also appeared on TV to talk about the incident with the protesters."
        },
        {
            "source": 8,
            "target": 5,
            "relation": "supporter of law enforcement",
            "description": " Gary Tuckman was seen supporting law enforcement during the rally."
        }
    ]
}