{
    "nodes": [
        {
            "id": 1,
            "label": "Sean Spicer",
            "type": "person"
        },
        {
            "id": 2,
            "label": "Barack Obama",
            "type": "person"
        },
        {
            "id": 3,
            "label": "Fox News",
            "type": "organization"
        },
        {
            "id": 4,
            "label": "White House",
            "type": "location"
        }
    ],
    "edges": [
        {
            "source": 1,
            "target": 3,
            "relation": "appeared_on",
            "description": "Sean Spicer went to Fox News for an interview."
        },
        {
            "source": 2,
            "target": 4,
            "relation": "responded_to",
            "description": "Barack Obama responded to the Republican Health Care bill."
        },
        {
            "source": 1,
            "target": 4,
            "relation": "held_press_briefing_at",
            "description": "Sean Spicer held an off-camera press briefing at the White House."
        }
    ]
}