{
    "nodes": [
        {
            "id": 1,
            "label": "Trump supporter",
            "type": "person"
        },
        {
            "id": 2,
            "label": "Anti-Trump group (MoveOn.org)",
            "type": "group"
        },
        {
            "id": 3,
            "label": "Conservative individual",
            "type": "person"
        },
        {
            "id": 4,
            "label": "Conservative individual",
            "type": "person"
        },
        {
            "id": 5,
            "label": "Conservative individual",
            "type": "person"
        },
        {
            "id": 6,
            "label": "Anti-Trump group (Black Lives Matter)",
            "type": "group"
        },
        {
            "id": 7,
            "label": "Left group trying narrative hijacking",
            "type": "group"
        },
        {
            "id": 8,
            "label": "Other person",
            "type": "person"
        },
        {
            "id": 9,
            "label": "Person",
            "type": "person"
        },
        {
            "id": 10,
            "label": "Person",
            "type": "person"
        },
        {
            "id": 11,
            "label": "Person",
            "type": "person"
        }
    ],
    "edges": [
        {
            "source": 2,
            "target": 5,
            "relation": "Anti-Trump group (MoveOn.org) attacking Trump supporter",
            "description": "Anti-Trump group MoveOn.org targeted Trump supporter"
        },
        {
            "source": 5,
            "target": 6,
            "relation": "Conservative individual attacked anti- trump group",
            "description": "Conservative individual attacked conservative individual"
        },
        {
            "source": 6,
            "target": 7,
            "relation": "Anti-Trump group (Black Lives Matter) attacking Trump supporter",
            "description": "Anti-Trump group Black Lives Matter targeted Trump supporter"
        },
        {
            "source": 7,
            "target": 8,
            "relation": "Group trying narrative hijacking attacking Trump supporter",
            "description": "Group trying narrative hijacking attacked Trump supporter"
        }
    ]
}