{
    "nodes": [
        {
            "id": 1,
            "label": "Nancy Pelosi",
            "type": "person"
        },
        {
            "id": 2,
            "label": "North Korean Aggression",
            "type": "event"
        },
        {
            "id": 3,
            "label": "Kim Jung In",
            "type": "person"
        },
        {
            "id": 4,
            "label": "ICBM Launch",
            "type": "event"
        },
        {
            "id": 5,
            "label": "West Coast",
            "type": "location"
        },
        {
            "id": 6,
            "label": "Term Limits",
            "type": "event"
        }
    ],
    "edges": [
        {
            "source": 1,
            "target": 2,
            "relation": "Nancy Pelosi is discussing North Korean Aggression."
        },
        {
            "source": 1,
            "target": 3,
            "relation": "Nancy Pelosi is visiting Kim Jung In."
        },
        {
            "source": 1,
            "target": 4,
            "relation": "Nancy Pelosi is discussing ICBM Launch with Kim Jung In."
        },
        {
            "source": 1,
            "target": 5,
            "relation": "The reporter asks Nancy Pelosi if she thinks the administration will protect the West Coast from an attack."
        },
        {
            "source": 1,
            "target": 6,
            "relation": "Nancy Pelosi is asking about term limits in Congress."
        }
    ]
}