{
    "nodes": [
        {
            "id": 1,
            "label": "President Trump s rally in Phoenix, AZ",
            "type": "location"
        },
        {
            "id": 2,
            "label": "George Soros",
            "type": "donor"
        },
        {
            "id": 3,
            "label": "Major Democratic donors (e.g., George Soros)",
            "type": " Donor"
        },
        {
            "id": 4,
            "label": "Charlie Kirk (@charliekirk11)",
            "type": "person"
        },
        {
            "id": 5,
            "label": "Gay & Deplorable (@purplemeatballs)",
            "type": "person"
        },
        {
            "id": 6,
            "label": "Indivisible",
            "type": "organization"
        }
    ],
    "edges": [
        {
            "source": 1,
            "target": 2,
            "relation": "donor to donor",
            "description": "Major donors are participating in the rally through Soros funds."
        },
        {
            "source": 1,
            "target": 3,
            "relation": "person to donor",
            "description": "George Soros is a major donor."
        },
        {
            "source": 2,
            "target": 4,
            "relation": "donor to group",
            "description": "Soros also funds individual donating groups."
        },
        {
            "source": 2,
            "target": 5,
            "relation": "person to group",
            "description": "Charlie Kirk supports anti-Trump protest activities."
        },
        {
            "source": 3,
            "target": 6,
            "relation": "donor to group",
            "description": "George Soros funds Indivisible, a resistance group."
        },
        {
            "source": 4,
            "target": 5,
            "relation": "person to person",
            "description": "Graham Kirby supports women's march and Indivisible."
        },
        {
            "source": 5,
            "target": 6,
            "relation": "person to organization",
            "description": "Ruth Bader Ginsburg is part of Women's March and Indivisible."
        }
    ]
}