{
    "nodes": [
        {
            "id": 1,
            "label": "President Trump",
            "type": "person"
        },
        {
            "id": 2,
            "label": "Military Policy Decision",
            "type": "military-policy"
        },
        {
            "id": 3,
            "label": "Consultation-with-experts",
            "type": "action"
        },
        {
            "id": 4,
            "label": "Explicit-Rejection",
            "type": "policy-reform"
        }
    ],
    "edges": [
        {
            "source": 1,
            "target": 2,
            "relation": "President Trump made the decision on military policy",
            "description": "President Trump announced his decision after consulting with generals and military experts."
        },
        {
            "source": 1,
            "target": 3,
            "relation": "Consultation-with-experts led to the formation of military policy decisions.",
            "description": "The consultation was conducted in accordance with military expertise."
        },
        {
            "source": 1,
            "target": 4,
            "relation": "Explicit-rejection rejected the inclusion of transgender individuals in the military.",
            "description": "The government explicitly rejects accepting transgender members."
        }
    ]
}