{
    "nodes": [
        {
            "id": 1,
            "label": "Susan Rice",
            "type": "NSA"
        },
        {
            "id": 2,
            "label": "H.R. McMaster",
            "type": "NSA"
        },
        {
            "id": 3,
            "label": "Sarah Carter",
            "type": "Person"
        }
    ],
    "edges": [
        {
            "source": 1,
            "target": 2,
            "relation": "NSA",
            "description": "Susan Rice is the NSA of Obama."
        },
        {
            "source": 2,
            "target": 3,
            "relation": "NSA",
            "description": "H.R. McMaster sent a letter after Trump's team was unmasking."
        },
        {
            "source": 2,
            "target": 1,
            "relation": "Person",
            "description": "Sarah Carter reports below H.R. McMaster on his work."
        }
    ]
}