{
    "nodes": [
        {
            "id": 1,
            "label": "Esther Lee",
            "type": "person"
        },
        {
            "id": 2,
            "label": "Robert E. Lee",
            "type": "person"
        }
    ],
    "edges": [
        {
            "source": 1,
            "target": 2,
            "relation": "The deaths of Robert E. Lee and Esther Lee were caused by the same event.",
            "description": "Two soldiers in the Abraham-Enright Affair were killed, one due to vandalism at a national park and another for attempting to support Lee's actions."
        }
    ]
}