{
    "nodes": [
        {
            "id": 1,
            "label": "Democrats never win another election",
            "type": "text"
        },
        {
            "id": 2,
            "label": "Denver County",
            "type": "location"
        },
        {
            "id": 3,
            "label": "Arapahoe County",
            "type": "location"
        },
        {
            "id": 4,
            "label": "Kansas",
            "type": "state"
        },
        {
            "id": 5,
            "label": "Kris Kobach",
            "type": "person"
        },
        {
            "id": 6,
            "label": "14 states (including DC)",
            "type": "location"
        }
    ],
    "edges": [
        {
            "source": 1,
            "target": 2,
            "relation": "compel requests to comply with voter registrations in Denver County",
            "description": " Denver County clerks have seen hundreds of people withdraw their voter registrations following the state's announcement."
        },
        {
            "source": 1,
            "target": 3,
            "relation": "compel requests to comply with voter registrations in Arapahoe County",
            "description": " At least 160 people have withdrawn their registrations since July 1, following the state's announcement."
        },
        {
            "source": 1,
            "target": 5,
            "relation": "compel requests to comply with voter registrations in Kansas",
            "description": " Numerous states (including many) have refused to comply with requests by the Trump administration."
        }
    ]
}