{
    "nodes": [
        {
            "id": 1,
            "label": "Non-Democrat Residents",
            "type": "person"
        },
        {
            "id": 2,
            "label": "Democrat Residents",
            "type": "person"
        },
        {
            "id": 3,
            "label": "City of Chicago",
            "type": "location"
        },
        {
            "id": 4,
            "label": "Chicago River Sculpture",
            "type": "location"
        }
    ],
    "edges": [
        {
            "source": 1,
            "target": 2,
            "relation": "Involves Residents",
            "description": "The residents in this group interacted directly with both the video message and the sculpture."
        },
        {
            "source": 1,
            "target": 3,
            "relation": "Participated in Video Message",
            "description": "Non-Democrat Residents participated in the message delivered to Obama and the Democrat Party."
        },
        {
            "source": 2,
            "target": 3,
            "relation": "Participated in Video Message",
            "description": "Democrat Residents participated in the message delivered to Obama and the Democrat Party."
        },
        {
            "source": 1,
            "target": 4,
            "relation": "Involves Sculpture",
            "description": "Non-Democrat Residents were part of the sculpture installation by Chicago."
        },
        {
            "source": 2,
            "target": 4,
            "relation": "Participated in Sculpture Installation",
            "description": "Democrat Residents were part of the sculpture installation by Chicago."
        },
        {
            "source": 3,
            "target": 4,
            "relation": "Involves Film",
            "description": "The City of Chicago installed the sculpture as the backdrop for a film from RebelPundit filmmakers Jeremy Segal and Andrew Marcus."
        }
    ]
}