{
    "nodes": [
        {
            "id": 1,
            "label": "PRESIDENT TRUMP",
            "type": "person"
        },
        {
            "id": 2,
            "label": "PHOENIX",
            "type": "location"
        },
        {
            "id": 3,
            "label": "TERRORISTIC INNOVATION",
            "type": "organization"
        },
        {
            "id": 4,
            "label": "MOLECULAR VICTIMS SUPPORTER",
            "type": "supporter"
        }
    ],
    "edges": [
        {
            "source": 1,
            "target": 2,
            "relation": "PRESIDENT TRUMP speaking to his supporters in Phoenix.",
            "description": "PRESIDENT TRUMP speaking to his supporters in Phoenix."
        },
        {
            "source": 4,
            "target": 1,
            "relation": "Supporter of TERRORISTIC INNOVATION supports President TRUMP's actions.",
            "description": "Supporter of TERRORISTIC INNOVATION supports President TRUMP's actions."
        },
        {
            "source": 4,
            "target": 3,
            "relation": "Supporter of TERRORISTIC INNOVATION supports supporting a war cause.",
            "description": "Supporter of TERRORISTIC INNOVATION supports supporting a war cause."
        },
        {
            "source": 1,
            "target": 3,
            "relation": "PRESIDENT TRUMP supports the actions that target a war cause.",
            "description": "PRESIDENT TRUMP supports the actions that target a war cause."
        }
    ]
}