{
    "nodes": [
        {
            "id": 1,
            "label": "IRS Official",
            "type": "person"
        },
        {
            "id": 2,
            "label": "Taxpayer",
            "type": "person"
        },
        {
            "id": 3,
            "label": "Document Sent",
            "type": "event"
        },
        {
            "id": 4,
            "label": "Audit Report",
            "type": "report"
        }
    ],
    "edges": [
        {
            "source": 1,
            "target": 2,
            "relation": "IRS Official Mentored Taxpayer",
            "description": "The IRS misled taxpayers into believing their insurance would be cheaper than it actually was."
        },
        {
            "source": 3,
            "target": 4,
            "relation": "Document Sent to Taxpayer",
            "description": "Taxpayers received documents from the IRS to promote enrollment in Obamacare."
        },
        {
            "source": 2,
            "target": 4,
            "relation": "Audit Reviewer's Role (or HHS) examined the documents and found misleading information."
        }
    ]
}