{
    "nodes": [
        {
            "id": 1,
            "label": "Liz Harrington",
            "type": "person"
        },
        {
            "id": 2,
            "label": "Tucker Carlson",
            "type": "person"
        },
        {
            "id": 3,
            "label": "Operation (Sex Rep Assignment)",
            "type": "operation"
        },
        {
            "id": 4,
            "label": "Estimated Costs",
            "type": "cost"
        },
        {
            "id": 5,
            "label": "Political Correctness",
            "type": "text"
        }
    ],
    "edges": [
        {
            "source": 1,
            "target": 2,
            "relation": "\u4eba\u7269-\u4e3b\u6301\u4eba",
            "description": "Liz Harrington discusses the topic with Tucker Carlson"
        },
        {
            "source": 2,
            "target": 3,
            "relation": "\u4e3b\u6301\u4eba-operation",
            "description": "Tucker Carlson discusses sex reassignment surgery for transgenders in the military"
        },
        {
            "source": 3,
            "target": 4,
            "relation": "operation-costs",
            "description": "Estimated costs to taxpayers over a 10-year period"
        },
        {
            "source": 4,
            "target": 5,
            "relation": "costs-political_correctness",
            "description": "Political correctness trumps truth for transgenders in the military"
        }
    ]
}