{
    "nodes": [
        {
            "id": 1,
            "label": " seeded by Sean Davis and others related to historical figures and movements",
            "type": "person"
        },
        {
            "id": 2,
            "label": " governor Andrew Cuomo in charge of leftist mob and erasing history",
            "type": "node"
        },
        {
            "id": 3,
            "label": " NY Hall of Great Americans, a significant historical location",
            "type": "location"
        },
        {
            "id": 4,
            "label": " Robert E. Lee, a notable figure and potential node for removal",
            "type": "person"
        },
        {
            "id": 5,
            "label": " Duke of York, involved in Dutch colonies and historical developments",
            "type": "person"
        },
        {
            "id": 6,
            "label": " president Donald J. Trump, discussed in history discussions",
            "type": "node"
        }
    ],
    "edges": [
        {
            "source": 1,
            "target": 2,
            "relation": "seeded by Sean Davis and others related to historical figures",
            "description": "connected through discussions of historical events"
        },
        {
            "source": 1,
            "target": 3,
            "relation": "NY Hall of Great Americans, a significant location in history",
            "description": "connected via references for its importance"
        },
        {
            "source": 1,
            "target": 5,
            "relation": "seeded by Robert E. Lee and others connected to historical context",
            "description": "connected through discussions of Lee's involvement"
        },
        {
            "source": 2,
            "target": 6,
            "relation": " seeded by Sean Davis and others who are erasing history",
            "description": "connected via comments about removing statues from cities"
        }
    ]
}