{
    "nodes": [
        {
            "id": 1,
            "label": "President Trump",
            "type": "Person"
        },
        {
            "id": 2,
            "label": "North Korea",
            "type": "Organization"
        },
        {
            "id": 3,
            "label": "Dr. Sebastian Gorka",
            "type": "Person"
        },
        {
            "id": 4,
            "label": "Wonsan guided-missile patrol boat",
            "type": "Patrol boat"
        },
        {
            "id": 5,
            "label": "U.S. spy agencies",
            "type": "Settlement/Security"
        }
    ],
    "edges": [
        {
            "source": 1,
            "target": 2,
            "relation": "Person",
            "description": "President Trump discussed this development."
        },
        {
            "source": 1,
            "target": 3,
            "relation": "Person",
            "description": "Dr. Sebastian Gorka spoke with Sean Hannity about this development."
        },
        {
            "source": 2,
            "target": 4,
            "relation": "Organization",
            "description": "North Korea is not showing any evidence it plans to halt its missile tests."
        },
        {
            "source": 2,
            "target": 5,
            "relation": "Person",
            "description": "U.S. spy agencies detected two anti-ship cruise missiles on a patrol boat on the country\u2019s east coast."
        }
    ]
}