{
    "nodes": [
        {
            "id": 1,
            "label": "Trump",
            "type": "person"
        },
        {
            "id": 2,
            "label": "John Kelly",
            "type": "individual"
        },
        {
            "id": 3,
            "label": "Ted Levine",
            "type": "individual"
        },
        {
            "id": 4,
            "label": "NYMA",
            "type": "location"
        },
        {
            "id": 5,
            "label": "Levine's office",
            "type": "location"
        }
    ],
    "edges": [
        {
            "source": 1,
            "target": 2,
            "relation": "john_kelly_is_a_companion_to_trump",
            "description": "johndoesnotdoanythingelse"
        },
        {
            "source": 1,
            "target": 5,
            "relation": "levi_includes_donald_and_another_person",
            "description": "donaldisnotonanyonesideoftime"
        },
        {
            "source": 2,
            "target": 3,
            "relation": "john_kelly_lasts_a_compliment_onnewyorkmilitaryadacapacity",
            "description": "johndoesnotdoanythingelse"
        },
        {
            "source": 2,
            "target": 4,
            "relation": "johndoesnotdoanythingelse"
        },
        {
            "source": 3,
            "target": 4,
            "relation": "newyorkmilitaryadacapacity_is_a_location",
            "description": "nymanydoesnothaveanychildsoonhissideoftime"
        }
    ]
}