{
    "nodes": [
        {
            "id": 1,
            "label": "Duarte",
            "type": "person"
        },
        {
            "id": 2,
            "label": "Duke Nursery (company)",
            "type": "organization"
        },
        {
            "id": 3,
            "label": "U.S. Army Corps of Engineers",
            "type": "organization"
        },
        {
            "id": 4,
            "label": "House Agriculture Chairman Mike Conway",
            "type": "person"
        },
        {
            "id": 5,
            "label": "House Judiciary Chairman Bob Goodlatte",
            "type": "person"
        },
        {
            "id": 6,
            "label": "Trump administration",
            "type": "organization"
        },
        {
            "id": 7,
            "label": "U.S. military officials from FedEx",
            "type": "person"
        }
    ],
    "edges": [
        {
            "source": 1,
            "target": 3,
            "relation": "organizational connection between Duarte and the Army Corps",
            "description": "Duarte owns the U.S. Army Corps of Engineers."
        },
        {
            "source": 4,
            "target": 5,
            "relation": "organization connection",
            "description": "HAR and HJ are involved in the case involving Duarte."
        },
        {
            "source": 4,
            "target": 7,
            "relation": "person connection between military officials and agriculture officials",
            "description": "Military officials from FedEx communicate with agricultural officials."
        },
        {
            "source": 5,
            "target": 6,
            "relation": "organization connection",
            "description": "HAR and HJ are involved in the case involving Trump administration."
        },
        {
            "source": 2,
            "target": 7,
            "relation": "person connection between Duarte's company and military officials",
            "description": "The corporation owns the U.S. Military officials from FedEx."
        },
        {
            "source": 3,
            "target": 6,
            "relation": "organization connection",
            "description": "The Army Corps of Engineers are involved in the case with Trump administration."
        }
    ]
}