{
    "nodes": [
        {
            "id": 1,
            "label": "Senator Lindsey Graham",
            "type": "person"
        },
        {
            "id": 2,
            "label": "President Trump",
            "type": "person"
        },
        {
            "id": 3,
            "label": "Donald Trump",
            "type": "person"
        },
        {
            "id": 4,
            "label": "South Carolina voters",
            "type": "location"
        },
        {
            "id": 5,
            "label": "CNN",
            "type": "organization"
        },
        {
            "id": 6,
            "label": "NBC",
            "type": "organization"
        },
        {
            "id": 7,
            "label": "Noah Trevor of The Daily Show",
            "type": "person"
        },
        {
            "id": 8,
            "label": "Bill Clinton",
            "type": "person"
        },
        {
            "id": 9,
            "label": "Barack Obama",
            "type": "person"
        },
        {
            "id": 10,
            "label": "RINO Lindsey Graham",
            "type": "person"
        },
        {
            "id": 11,
            "label": "NCDC",
            "type": "organization"
        },
        {
            "id": 12,
            "label": "MS-13",
            "type": "organization"
        }
    ],
    "edges": [
        {
            "source": 1,
            "target": 4,
            "relation": "Senator Lindsey Graham interacts with South Carolina voters",
            "description": "Graham makes an announcement in South Carolina about asylum and outsourcing."
        },
        {
            "source": 1,
            "target": 2,
            "relation": "Graham talks directly to President Trump",
            "description": "Graham comments on Trump's decision to pull out of Paris Climate deal."
        },
        {
            "source": 1,
            "target": 9,
            "relation": "Graham warns Republicans to back off their attacks on Hillary Clinton and Barack Obama.",
            "description": "Graham warns of potential burnout in Republican leadership during the 2024 election season."
        },
        {
            "source": 1,
            "target": 10,
            "relation": "Graham warns Republicans to back off their attacks on RINO Lindsey Graham.",
            "description": "RINO Graham warns of potential burnout in Republican leadership during the 2024 election season."
        },
        {
            "source": 7,
            "target": 10,
            "relation": "Graham comments about climate change and interacts with NCDC and MS-13.",
            "description": "Graham's comments touch on climate change, prompting mention of NCDC and MS-13."
        }
    ]
}