{
    "nodes": [
        {
            "id": 1,
            "label": "Mashiyat Rashid",
            "type": "person"
        },
        {
            "id": 2,
            "label": "Rashid Rashis",
            "type": "person"
        },
        {
            "id": 3,
            "label": "Dashell Properties",
            "type": "location"
        },
        {
            "id": 4,
            "label": "Government",
            "type": "organization"
        },
        {
            "id": 5,
            "label": "Stufield Surveillance Team",
            "type": "organization"
        },
        {
            "id": 6,
            "label": "Cash Storage Units",
            "type": "location"
        }
    ],
    "edges": [
        {
            "source": 1,
            "target": 2,
            "relation": "person",
            "description": "Mashiyat Rashid is responsible for recruiting people and phony bills."
        },
        {
            "source": 3,
            "target": 5,
            "relation": "location",
            "description": "Dashell Properties are located in Detroit, Michigan."
        },
        {
            "source": 4,
            "target": 6,
            "relation": "organization",
            "description": "The Government is involved with the surveillance team."
        },
        {
            "source": 1,
            "target": 5,
            "relation": "person",
            "description": "Rashid deposited $500,000 into a bank and stored cash in a duffel bag for later use."
        }
    ]
}