{
    "nodes": [
        {
            "id": 1,
            "label": "Crazed lunatic fringe elements of America",
            "type": "text"
        },
        {
            "id": 2,
            "label": "Conneconsolate Confederate statue",
            "type": "text"
        }
    ],
    "edges": [
        {
            "source": 1,
            "target": 2,
            "relation": "target a Confederate statue in Durham, North Carolina",
            "description": "The LFR elements targeted the Confederate statue in Durham."
        }
    ]
}