{
    "nodes": [
        {
            "id": 1,
            "label": "Jolene Jackinsky",
            "type": "person"
        },
        {
            "id": 2,
            "label": "Jasmin Roederer",
            "type": "person"
        },
        {
            "id": 3,
            "label": "Dinesh D Souza",
            "type": "person"
        },
        {
            "id": 4,
            "label": "Debbie D'Souza",
            "type": "person"
        },
        {
            "id": 5,
            "label": "Chaffer",
            "type": "person"
        }
    ],
    "edges": [
        {
            "source": 1,
            "target": 2,
            "relation": "Jolene noticed Obama's baby at the airport",
            "description": "Reported that Alaska mom Jolene Jackinsky was waiting at an airport when she noticed the former president, who was immediately drawn to her baby. Barack Obama can be seen posing and smiling with a baby he randomly saw in the airport."
        },
        {
            "source": 3,
            "target": 5,
            "relation": "Dinesh appeared more concerned about the ring than Obama's photo",
            "description": "Debbie D'Souza had a good point. Where is the ring? He didn't seem to go anywhere without it when he was campaigning or when he was President. So why is the ring missing now?"
        },
        {
            "source": 1,
            "target": 5,
            "relation": "Chaffer with no S (some reference), July 8, 2017",
            "description": "Dinesh where Barry's ring? Someone should ask his lovely wife."
        }
    ]
}