{
    "nodes": [
        {
            "id": 1,
            "label": "John Spink",
            "type": "person"
        },
        {
            "id": 2,
            "label": "Black Lives Matter",
            "type": "person"
        },
        {
            "id": 3,
            "label": "Black antifa group",
            "type": "person"
        },
        {
            "id": 4,
            "label": "Protesters from the Atlanta March",
            "type": "person"
        },
        {
            "id": 5,
            "label": "Individual",
            "type": "person"
        },
        {
            "id": 6,
            "label": "Union soldiers",
            "type": "person"
        }
    ],
    "edges": [
        {
            "source": 1,
            "target": 2,
            "relation": "Protesters from the Atlanta March and Black Lives Matter group came together to support the movement.",
            "description": "These two groups interacted or came together with their respective leaders."
        },
        {
            "source": 3,
            "target": 4,
            "relation": "Black antifa group members collaborated with the Black Lives Matter protesters",
            "description": "The Black antifa group worked together with the Black Lives Matter protesters to support the movement."
        },
        {
            "source": 2,
            "target": 5,
            "relation": "Protesters from the Atlanta March interacted with individual protesters during the protest.",
            "description": "These individuals were part of the larger protest and connected with each other."
        }
    ]
}