{
    "nodes": [
        {
            "id": 1,
            "label": "Former DNC Chair",
            "type": "person"
        },
        {
            "id": 2,
            "label": "Debbie Wasserman Schultz, former DNC IT Staff",
            "type": "person"
        },
        {
            "id": 3,
            "label": "Other IT Staff (e.g., Shady)",
            "type": "person"
        },
        {
            "id": 4,
            "label": "Pakistani-American tech personnel involved in data transfer/sles",
            "type": "person"
        }
    ],
    "edges": [
        {
            "source": 1,
            "target": 2,
            "relation": "collaboration or relationship (person to person)",
            "description": "Debbie Wasserman Schultz and other IT staff are involved in collaborating with the DNC."
        },
        {
            "source": 2,
            "target": 3,
            "relation": "collaboration or relationship",
            "description": "Other IT staff (e.g., Shady) collaborate directly with Debbie Wasserman Schultz."
        },
        {
            "source": 1,
            "target": 4,
            "relation": "data flow or transfer (person to person)",
            "description": "Sensitive data accessed and possibly sold/ transferred from congressional offices by Pakistani-American tech personnel."
        }
    ]
}