{
    "nodes": [
        {
            "id": 1,
            "label": "Antifa member",
            "type": "person"
        },
        {
            "id": 2,
            "label": "Trump supporter",
            "type": "supporter"
        },
        {
            "id": 3,
            "label": " masked terrorist",
            "type": "threat actor"
        },
        {
            "id": 4,
            "label": "other Trump supporter",
            "type": "supporter"
        },
        {
            "id": 5,
            "label": "public figure",
            "type": "public representative"
        },
        {
            "id": 6,
            "label": "police officer",
            "type": "police"
        },
        {
            "id": 7,
            "label": "man in uniform",
            "type": "police"
        },
        {
            "id": 8,
            "label": "woman",
            "type": "person"
        }
    ],
    "edges": [
        {
            "source": 1,
            "target": 2,
            "relation": "showing up for rally",
            "description": "Antifa members and their supporters are demonstrating against hate."
        },
        {
            "source": 3,
            "target": 7,
            "relation": "threatening to attack public figures",
            "description": "Trump supporters target the police with threats."
        },
        {
            "source": 4,
            "target": 6,
            "relation": "threatening to attack public figures",
            "description": "Another Trump supporter threatens to attack a public person."
        },
        {
            "source": 8,
            "target": 5,
            "relation": "attacked public figure",
            "description": "A woman was attacked by someone else (presumably the public representative)."
        }
    ]
}