{
    "nodes": [
        {
            "id": 1,
            "label": "Gayle King",
            "type": "person"
        },
        {
            "id": 2,
            "label": "Harrisburg",
            "type": "location"
        },
        {
            "id": 3,
            "label": "Houston",
            "type": "location"
        },
        {
            "id": 4,
            "label": "Corpus Christi",
            "type": "location"
        },
        {
            "id": 5,
            "label": "WFB",
            "type": "organization"
        },
        {
            "id": 6,
            "label": "Maurice DuBois",
            "type": "organization"
        }
    ],
    "edges": [
        {
            "source": 1,
            "target": 2,
            "relation": " Gayle King was the first to ask Sanders if it was a good idea for Trump to visit.",
            "description": "Gayle King was the first to ask Sanders if it was a good idea for Trump to visit."
        },
        {
            "source": 1,
            "target": 3,
            "relation": " Sanders did not mention Trump's visit, which will not include Houston due to the ongoing conditions there.",
            "description": "Sanders did not mention Trump's visit, which will not include Houston due to the ongoing conditions there."
        },
        {
            "source": 1,
            "target": 4,
            "relation": "The focus now has got to be on doing everything that we can do address the terrible, terrible pain that is taking place in that city.",
            "description": "The focus right now has got to be on doing everything that we can do address the terrible, terrible pain that is taking place in that city."
        },
        {
            "source": 1,
            "target": 5,
            "relation": "co-host Maurice DuBois again asked.",
            "description": "co-host Maurice DuBois again asked."
        },
        {
            "source": 2,
            "target": 4,
            "relation": "The focus right now has got to be on doing everything that we can do address the terrible, terrible pain that is taking place in that city.",
            "description": "The focus right now has got to be on doing everything that we can do address the terrible, terrible pain that is taking place in that city."
        },
        {
            "source": 2,
            "target": 6,
            "relation": "wfb using json notation.",
            "description": "co-host Maurice DuBois again asked. The focus right now has got to be on doing everything that we can do address the terrible, terrible pain that is taking place in that city."
        }
    ]
}