{
    "nodes": [
        {
            "id": 1,
            "label": "America First Policies",
            "type": "organization"
        },
        {
            "id": 2,
            "label": "Trump",
            "type": "person"
        },
        {
            "id": 3,
            "label": "Heller",
            "type": "person"
        },
        {
            "id": 4,
            "label": "Republican Senator",
            "type": "organization"
        }
    ],
    "edges": [
        {
            "source": 1,
            "target": 2,
            "relation": "supports",
            "description": "Promotes Trump's talking points"
        },
        {
            "source": 1,
            "target": 3,
            "relation": "attacks",
            "description": "Publicly attacks Heller after he announces not supporting the GOP healthcare bill"
        },
        {
            "source": 2,
            "target": 4,
            "relation": "supports",
            "description": "Supports Republican Senator Dean Heller's decision not to support the GOP healthcare bill"
        },
        {
            "source": 1,
            "target": 4,
            "relation": "spends",
            "description": "Spent $200,000 in a single day to promote #HellerVoteYes hashtag on Twitter"
        }
    ]
}