{
    "nodes": [
        {
            "id": 1,
            "label": "Alabama Flag & Banner",
            "type": "organization"
        },
        {
            "id": 2,
            "label": "Belinda Kennedy",
            "type": "person"
        },
        {
            "id": 3,
            "label": "United States Department of History",
            "type": "organization"
        },
        {
            "id": 4,
            "label": "Charter Revival Historical Museum",
            "type": "location"
        },
        {
            "id": 5,
            "label": "Huntsville, Alabama",
            "type": "location"
        },
        {
            "id": 6,
            "label": "Cassellation National History Museum",
            "type": "organization"
        },
        {
            "id": 7,
            "label": "Vineyard Park, South Carolina",
            "type": "location"
        }
    ],
    "edges": [
        {
            "source": 1,
            "target": 2,
            "relation": "The business owner of Alabama Flag & Banner is the main entity in this graph and links to Belinda Kennedy.",
            "description": "Belinda Kennedy is the key person involved in managing the business."
        },
        {
            "source": 1,
            "target": 4,
            "relation": "Alabama Flag & Banner operates a location that's part of the community's history.",
            "description": "The business handles operations at the History Museum, which has historical significance."
        },
        {
            "source": 2,
            "target": 5,
            "relation": "Belinda Kennedy is in charge of managing locations and connections related to the business.",
            "description": "She coordinates with other businesses to ensure proper relationships and sales."
        },
        {
            "source": 4,
            "target": 6,
            "relation": "The History Museum, as a location, connects back to the Business entity.",
            "description": "It's part of the community that has historical significance."
        },
        {
            "source": 5,
            "target": 7,
            "relation": "Vineyard Park is part of the community, but it doesn't have connections with Alabama Flag & Banner or the Business entity.",
            "description": "A separate location unrelated to business operations."
        }
    ]
}