{
    "nodes": [
        {
            "id": 1,
            "label": "Gypsy Freeman",
            "type": "person"
        },
        {
            "id": 2,
            "label": "Kat Von D Beauty",
            "type": "organization"
        },
        {
            "id": 3,
            "label": "Wichita Eagle",
            "type": "organization"
        },
        {
            "id": 4,
            "label": "Donald Trump",
            "type": "person"
        }
    ],
    "edges": [
        {
            "source": 1,
            "target": 2,
            "relation": "contest winner",
            "description": "Kat Von D Beauty organized a contest for Gypsy Freeman, who won."
        },
        {
            "source": 1,
            "target": 4,
            "relation": "attending party",
            "description": "Gypsy will not be upset if Donald Trump is replaced because she respects him."
        }
    ]
}