{
    "nodes": [
        {
            "id": 1,
            "label": "President Trump",
            "type": "person"
        },
        {
            "id": 2,
            "label": "Refugees",
            "type": "location"
        },
        {
            "id": 3,
            "label": "terror hotbed nations",
            "type": "location"
        },
        {
            "id": 4,
            "label": "mother",
            "type": "person"
        },
        {
            "id": 5,
            "label": "child",
            "type": "person"
        },
        {
            "id": 6,
            "label": " trigger event",
            "type": "node"
        }
    ],
    "edges": [
        {
            "source": 1,
            "target": 2,
            "relation": "addressing",
            "description": "Refugees are addressed in the presence of a trigger."
        },
        {
            "source": 3,
            "target": 4,
            "relation": "holding",
            "description": "The mother is holding a trigger."
        },
        {
            "source": 6,
            "target": 5,
            "relation": " detonate",
            "description": "An IS leader area (mosul) and Iraqi troops detonated an explosive device near soldiers."
        }
    ]
}