{
    "nodes": [
        {
            "id": 1,
            "label": "Tomi Lahren",
            "type": "person"
        },
        {
            "id": 2,
            "label": "FOX News",
            "type": "organization"
        },
        {
            "id": 3,
            "label": "CNN",
            "type": "organization"
        }
    ],
    "edges": [
        {
            "source": 1,
            "target": 2,
            "relation": "contribution",
            "description": "Lahren has been hired to contribute to FOX News."
        },
        {
            "source": 2,
            "target": 3,
            "relation": "link",
            "description": "Sean Hannity's show"
        }
    ]
}