{
    "nodes": [
        {
            "id": 1,
            "label": "American pride",
            "type": "person"
        },
        {
            "id": 2,
            "label": "U.S. Defense Department",
            "type": "organization"
        },
        {
            "id": 3,
            "label": "94-year-old Donald Stratton",
            "type": "person"
        },
        {
            "id": 4,
            "label": "Newt-Trump Fan Club @NewtTrump",
            "type": "group"
        },
        {
            "id": 5,
            "label": "96-year-old Lauren Bruner",
            "type": "person"
        },
        {
            "id": 6,
            "label": "Ken Potts",
            "type": "organization"
        },
        {
            "id": 7,
            "label": "Stratton, 95",
            "type": "organization"
        },
        {
            "id": 8,
            "label": "Joe George",
            "type": "person"
        },
        {
            "id": 9,
            "label": "Louis Conter",
            "type": "organization"
        },
        {
            "id": 10,
            "label": "Lonnie Cook, 96",
            "type": "organization"
        },
        {
            "id": 11,
            "label": "Geoffrey R. Taylor",
            "type": "organization"
        },
        {
            "id": 12,
            "label": "Newt-Trump",
            "type": "person"
        }
    ],
    "edges": [
        {
            "source": 1,
            "target": 3,
            "relation": "visited",
            "description": "American pride visited the White House to speak with others."
        },
        {
            "source": 2,
            "target": 4,
            "relation": "group",
            "description": "Newt-Trump Fan Club joined in this event."
        },
        {
            "source": 3,
            "target": 5,
            "relation": "person",
            "description": "American pride spoke to Lauren Bruner."
        },
        {
            "source": 3,
            "target": 6,
            "relation": "person",
            "description": "American pride spoke to Ken Potts."
        },
        {
            "source": 5,
            "target": 8,
            "relation": "group",
            "description": " Lauren Bruner visited the White House in this event."
        },
        {
            "source": 6,
            "target": 12,
            "relation": "person",
            "description": "Ken Potts spoke to Newt-Trump on behalf of Lauren Bruner."
        },
        {
            "source": 7,
            "target": 11,
            "relation": "person",
            "description": "Newt-Trump Fan Club members visited the White House."
        },
        {
            "source": 8,
            "target": 9,
            "relation": "organization",
            "description": "Newt-Trump Fan Club members worked on this project."
        },
        {
            "source": 10,
            "target": 12,
            "relation": "person",
            "description": "Louis Conter spoke to Newt-Trump on behalf of Geoffrey R. Taylor."
        },
        {
            "source": 11,
            "target": 12,
            "relation": "person",
            "description": "Geoffrey R. Taylor joined in this event."
        }
    ]
}