{
    "nodes": [
        {
            "id": 1,
            "label": "Anthony Scaramucci",
            "type": "person"
        },
        {
            "id": 2,
            "label": "Jake Tapper",
            "type": "person"
        }
    ],
    "edges": [
        {
            "source": 1,
            "target": 2,
            "relation": "interact",
            "description": "Anthony Scaramucci brought a box of Kleenex over here to CNN in 2020."
        },
        {
            "source": 2,
            "target": 1,
            "relation": "interact",
            "description": "Jake Tapper loves how Anthony is talking to one specific viewer right now, the most important audience that there is."
        }
    ]
}