{
    "nodes": [
        {
            "id": 1,
            "label": "Muna Jama",
            "type": "person"
        },
        {
            "id": 2,
            "label": "Anna Burdzy",
            "type": "person"
        },
        {
            "id": 3,
            "label": "Mugs",
            "type": "organization"
        },
        {
            "id": 4,
            "label": "Miss Universe Great Britain",
            "type": "location"
        },
        {
            "id": 5,
            "label": "London",
            "type": "location"
        },
        {
            "id": 6,
            "label": "Cardiff",
            "type": "location"
        }
    ],
    "edges": [
        {
            "source": 1,
            "target": 2,
            "relation": "Mala claims she wasn't disqualified for not following rules consistently",
            "description": "Mala's decision to compete in the Miss Universe Great Britain competition without following the same rules as others, including failing to wear a kaftan."
        },
        {
            "source": 1,
            "target": 4,
            "relation": "NYP mentioned that Muna Jama failed to follow rules",
            "description": "A photo of Muna Jama performing at a pageant in Cardiff referenced by Metro.co.uk."
        },
        {
            "source": 3,
            "target": 5,
            "relation": "Mugs shared a quote about bravery, emotional resilience, and the importance of strong-minded individuals",
            "description": "A photo of Muna Jama performing at a pageant in Cardiff referenced by Metro.co.uk."
        },
        {
            "source": 4,
            "target": 6,
            "relation": "Mugs also shared a quote about positivity and change, referencing the pageant in Cardiff."
        }
    ]
}