{
    "nodes": [
        {
            "id": 1,
            "label": "Hillary Clinton",
            "type": "person"
        },
        {
            "id": 2,
            "label": "Barack Obama",
            "type": "person"
        },
        {
            "id": 3,
            "label": "Senate Republicans",
            "type": "organization"
        },
        {
            "id": 4,
            "label": "Democrats",
            "type": "organization"
        }
    ],
    "edges": [
        {
            "source": 1,
            "target": 3,
            "relation": "criticizes",
            "description": "Hillary Clinton criticizes the Senate Republicans' health care bill"
        },
        {
            "source": 2,
            "target": 3,
            "relation": "criticizes",
            "description": "Barack Obama criticizes the Senate Republicans' health care bill"
        },
        {
            "source": 1,
            "target": 4,
            "relation": "supports",
            "description": "Hillary Clinton supports the Democrats in opposing the health care bill"
        }
    ]
}