{
    "nodes": [
        {
            "id": 1,
            "label": "John McCain",
            "type": "person"
        },
        {
            "id": 2,
            "label": "Congresswoman Kirkpatrick",
            "type": "person"
        }
    ],
    "edges": [
        {
            "source": 1,
            "target": 2,
            "relation": "voted against each other over a debate about the repeal of Obamacare.",
            "description": "Voted against each other over a debate about the repeal of Obamacare. They decided to change it and start over."
        }
    ]
}