{
    "nodes": [
        {
            "id": 1,
            "label": "NJ Governor Chris Christie",
            "type": "person"
        },
        {
            "id": 2,
            "label": "Miller Park",
            "type": "location"
        },
        {
            "id": 3,
            "label": "Chicago Cubs Fan",
            "type": "person"
        },
        {
            "id": 4,
            "label": "New York Mets Fan",
            "type": "person"
        },
        {
            "id": 5,
            "label": "Ben Hutchison",
            "type": "person"
        },
        {
            "id": 6,
            "label": "#Cubs #Brewers game",
            "type": "location"
        },
        {
            "id": 7,
            "label": "WISN12News",
            "type": "location"
        },
        {
            "id": 8,
            "label": " gateway Pundit",
            "type": "person"
        }
    ],
    "edges": [
        {
            "source": 1,
            "target": 3,
            "relation": "reserged with",
            "description": " Christie was being heckled during a baseball game at Miller Park."
        },
        {
            "source": 1,
            "target": 8,
            "relation": "cuffed up",
            "description": "At #Cubs #Brewers game."
        },
        {
            "source": 2,
            "target": 3,
            "relation": "handed over some nachos",
            "description": "He lost it and got in the face of a Chicago Cubs fan."
        },
        {
            "source": 4,
            "target": 8,
            "relation": "banned from game",
            "description": "He said, \"You want to act like a big shot?\""
        },
        {
            "source": 2,
            "target": 5,
            "relation": "met with the Cubs fan",
            "description": "He got razzed by fans, so he got in the face of one of them."
        }
    ]
}