{
    "nodes": [
        {
            "id": 1,
            "label": "Hillary Clinton",
            "type": "person"
        },
        {
            "id": 2,
            "label": "Donald Trump",
            "type": "person"
        },
        {
            "id": 3,
            "label": "Newt-Trump",
            "type": "person"
        }
    ],
    "edges": [
        {
            "source": 1,
            "target": 2,
            "relation": "discussed",
            "description": "Both Hillary Clinton and Donald Trump have had discussions discussing foreign leaders."
        },
        {
            "source": 2,
            "target": 3,
            "relation": "discussed",
            "description": "Newt-Trump has discussed with foreign leaders about his relationship with foreign leaders."
        }
    ]
}