{
    "nodes": [
        {
            "id": 1,
            "label": "Sen. Orrin Hatch",
            "type": "person"
        },
        {
            "id": 2,
            "label": "Sen. Bernie Sanders",
            "type": "person"
        },
        {
            "id": 3,
            "label": "Trumpcare",
            "type": "organization"
        },
        {
            "id": 4,
            "label": "Medicaid",
            "type": "organization"
        }
    ],
    "edges": [
        {
            "source": 1,
            "target": 2,
            "relation": "response",
            "description": "Sen. Hatch responded to Sen. Sanders' tweet"
        },
        {
            "source": 2,
            "target": 3,
            "relation": "concern",
            "description": "Sen. Sanders expressed concern about Trumpcare's impact on people's lives"
        },
        {
            "source": 1,
            "target": 4,
            "relation": "disagreement",
            "description": "Sen. Hatch disagreed with Sen. Sanders' statement about Medicaid"
        }
    ]
}