{
    "nodes": [
        {
            "id": 1,
            "label": "Sebastian Gorka",
            "type": "person"
        },
        {
            "id": 2,
            "label": "Jared Kushner",
            "type": "person"
        },
        {
            "id": 3,
            "label": "Gary Cohn",
            "type": "organization"
        },
        {
            "id": 4,
            "label": "Steve Mnuchin",
            "type": "organization"
        },
        {
            "id": 5,
            "label": "H.R. McMaster",
            "type": "organization"
        }
    ],
    "edges": [
        {
            "source": 1,
            "target": 2,
            "relation": "Familiar professional connection",
            "description": "Gorka is well-known in political circles and has direct interactions with Kushner."
        },
        {
            "source": 1,
            "target": 3,
            "relation": "Addressed by external sources",
            "description": "Mentioned by reputable media organizations as a key figure."
        },
        {
            "source": 1,
            "target": 4,
            "relation": "Highlighted in reports and discussions",
            "description": "Central focus of Gorka's work with multiple strategic initiatives."
        },
        {
            "source": 1,
            "target": 5,
            "relation": "Also involved in various policy decisions and projects",
            "description": "Understood by many political figures as critical to the administration."
        }
    ]
}