{
    "nodes": [
        {
            "id": 1,
            "label": "General McInerney",
            "type": "person"
        },
        {
            "id": 2,
            "label": "John Songbird McCain",
            "type": "person"
        },
        {
            "id": 3,
            "label": "Trump",
            "type": "person"
        }
    ],
    "edges": [
        {
            "source": 1,
            "target": 2,
            "relation": "songbird",
            "description": "General McInerney calls out his Songbird nickname to prepare for war with North Korea and mentions the Cuban Missile Crisis."
        },
        {
            "source": 2,
            "target": 3,
            "relation": "presumably Trump's",
            "description": "The interview transcript mentions that General McInerney drops 'Songbird' as a call to prepare for war with North Korea and mentions the Cuban Missile Crisis."
        }
    ]
}