{
    "nodes": [
        {
            "id": 1,
            "label": "\u6295\u8d44\u94f6\u884c\u5bb6",
            "type": "organization"
        },
        {
            "id": 2,
            "label": "\u526f dipping \u76ee\u524d\u662f\u9ad8\u7ea7\u7ecf\u7406",
            "type": "person"
        },
        {
            "id": 3,
            "label": "\u901a\u7528 Electric \u5148\u751f",
            "type": "organization"
        },
        {
            "id": 4,
            "label": "\u7279\u6717\u666e",
            "type": "organization"
        }
    ],
    "edges": [
        {
            "source": 1,
            "target": 2,
            "relation": "\u4ed6\u4eec\u4e4b\u95f4\u6709\u7ade\u4e89\u5173\u7cfb.",
            "description": "\u4ed6\u4fe9\u56e0\u4e3a\u5bf9\u7279\u6717\u666e\u7684 ruthless \u91ce\u5fc3\u800c\u53d1\u751f\u77db\u76fe."
        },
        {
            "source": 1,
            "target": 3,
            "relation": "\u4ed6\u662f skybridge \u5e02\u573a\u90e8\u9ad8\u7ea7\u7ecf\u7406",
            "description": " Anthony \u662f SkyBridge Capital \u7684\u9ad8\u7ea7\u7ba1\u7406\u4eba\u5458."
        },
        {
            "source": 1,
            "target": 4,
            "relation": "\u4ed6\u662f\u7279\u6717\u666e\u7684 communications \u76d1\u63a7\u603b\u76d1.",
            "description": " Anthony \u662f\u7279\u6717\u666e\u7684\u901a\u8baf\u90e8\u603b\u76d1."
        }
    ]
}