{
    "nodes": [
        {
            "id": 1,
            "label": "Melania Trump",
            "type": "person"
        },
        {
            "id": 2,
            "label": "Ivanka Trump",
            "type": "person"
        },
        {
            "id": 3,
            "label": "Vladimir Putin",
            "type": "organization"
        },
        {
            "id": 4,
            "label": "Jehan Bouchamayen",
            "type": "person"
        },
        {
            "id": 5,
            "label": "Talul Al-Mustansar",
            "type": "organization"
        }
    ],
    "edges": [
        {
            "source": 1,
            "target": 3,
            "relation": "The publication that just can t seem to get over Hillary s loss to President Trump has sunk to a new low.",
            "description": "He is the one who brought it down."
        },
        {
            "source": 1,
            "target": 4,
            "relation": "Comparing our First Lady and our President s daughter to prostitutes?",
            "description": "Perhaps no one told Newsweek that both of these beautiful, yes feminine women, happened to be successful businesswomen before Donald Trump ever decided to run for President Newsweek attacked."
        },
        {
            "source": 1,
            "target": 5,
            "relation": "Comparing our First Lady and our President s daughter to prostitutes?",
            "description": "Perhaps no one told Newsweek that both of these beautiful, yes feminine women, happened to be successful businesswomen before Donald Trump ever decided to run for President Newsweek attacked."
        }
    ]
}