{
    "nodes": [
        {
            "id": 1,
            "label": "Walmart store",
            "type": "location"
        },
        {
            "id": 2,
            "label": "Tractor-trailer",
            "type": "location"
        },
        {
            "id": 3,
            "label": "Driver",
            "type": "person"
        },
        {
            "id": 4,
            "label": "Immigrants",
            "type": "person"
        },
        {
            "id": 5,
            "label": "Walmart employee",
            "type": "location"
        },
        {
            "id": 6,
            "label": "Tractor-trailer driver",
            "type": "person"
        },
        {
            "id": 7,
            "label": "Tuxtla Gutierrez",
            "type": "location"
        }
    ],
    "edges": [
        {
            "source": 2,
            "target": 6,
            "relation": "Tractor-trailer is located in the same area as the Walmart store.",
            "description": "A tractor-trailer is part of the factored death description."
        },
        {
            "source": 1,
            "target": 7,
            "relation": "The Walmart employee reported finding an immigrant in a parked vehicle.",
            "description": "The employee called police to report finding an immigrant in a parked vehicle near Tuxtla Gutierrez."
        }
    ]
}