{
    "nodes": [
        {
            "id": 1,
            "label": "Holy Trinity Church Marylebone",
            "type": "church"
        },
        {
            "id": 2,
            "label": "St. Aidan's Cathedral",
            "type": "organization"
        },
        {
            "id": 3,
            "label": "Holy Spirit Church",
            "type": "org"
        },
        {
            "id": 4,
            "label": "L\u2019Abbaye de Saint-Beno\u00eet-du-Luc",
            "type": "person"
        },
        {
            "id": 5,
            "label": "St. Paul\u2019s Cathedral in Liege",
            "type": "church"
        }
    ],
    "edges": [
        {
            "source": 1,
            "target": 4,
            "relation": "Chelsea\u2019s Visit to Holy Trinity Church Marylebone",
            "description": "Chelsea visited Holy Trinity Church Marylebone."
        },
        {
            "source": 2,
            "target": 5,
            "relation": "St. Paul\u2019s Cathedral in Liege",
            "description": "Visits to St. Paul\u2019s Cathedral in Liege."
        },
        {
            "source": 1,
            "target": 4,
            "relation": "Chelsea\u2019s Visit to Holy Spirit Church",
            "description": "Chelsea visited Holy Spirit Church."
        },
        {
            "source": 2,
            "target": 5,
            "relation": "St. Aidan's Cathedral",
            "description": "Visits to St. Aidan's Cathedral."
        }
    ]
}