{
    "nodes": [
        {
            "id": 1,
            "label": "Trump Campaign",
            "type": "person"
        },
        {
            "id": 2,
            "label": "Entertainment Industry",
            "type": "person"
        },
        {
            "id": 3,
            "label": "James Woods",
            "type": "person"
        }
    ],
    "edges": [
        {
            "source": 1,
            "target": 2,
            "relation": "They are in conflict over the media and entertainment industry.",
            "description": "The Trump Campaign and Entertainment Industry are fighting over their exposure of the other."
        },
        {
            "source": 1,
            "target": 3,
            "relation": "The Trump Campaign is colluding with Russia to obtain false information.",
            "description": "The Trump Campaign has allegedly collaborated with Russia to steal election results."
        },
        {
            "source": 2,
            "target": 3,
            "relation": "James Woods is exposing the entertainment industry to cover its losses.",
            "description": "James Woods is actively working against the media to expose the very people most of his friends embrace."
        }
    ]
}