{
    "nodes": [
        {
            "id": 1,
            "label": "Barack Obama",
            "type": "person"
        },
        {
            "id": 2,
            "label": "Donald Trump",
            "type": "person"
        }
    ],
    "edges": [
        {
            "source": 1,
            "target": 2,
            "relation": "support for police brutality",
            "description": "Both Barack Obama and Donald Trump are calling for support towards police brutality in their respective statements."
        }
    ]
}