{
    "nodes": [
        {
            "id": 1,
            "label": "Yes",
            "type": "binary"
        },
        {
            "id": 2,
            "label": "Funding Measure",
            "type": "binary"
        },
        {
            "id": 3,
            "label": "Spending Bill",
            "type": "binary"
        },
        {
            "id": 4,
            "label": "Department of Defense",
            "type": "binary"
        },
        {
            "id": 5,
            "label": "Department of Veterans Affairs",
            "type": "binary"
        },
        {
            "id": 6,
            "label": "Department of Energy",
            "type": "binary"
        },
        {
            "id": 7,
            "label": "Water Projects",
            "type": "binary"
        },
        {
            "id": 8,
            "label": "Legislative Branch",
            "type": "binary"
        }
    ],
    "edges": [
        {
            "source": 1,
            "target": 2,
            "relation": "The Funding Measure was distributed to the Spending Bill as part of a 4-ball proposal.",
            "description": "This 4-ball proposal includes funding for the Spending Bill which funds the Spending Measure for the border wall."
        }
    ]
}