{
    "nodes": [
        {
            "id": 1,
            "label": "Traditional Public Schools",
            "type": "organization"
        },
        {
            "id": 2,
            "label": " Charter Schools",
            "type": "organization"
        }
    ],
    "edges": [
        {
            "source": 1,
            "target": 2,
            "relation": "Both traditional public schools and charter schools experience a decline in enrollment due to the expansion of charter schools.",
            "description": "Traditional public schools and charter schools face challenges from the expansion of charter schools, affecting their enrollment numbers."
        }
    ]
}