{
    "nodes": [
        {
            "id": 1,
            "label": "An Alarming Copy of the Antifa Manual",
            "type": "text"
        },
        {
            "id": 2,
            "label": "Using Name-Calling to Create Tolerance",
            "type": "text"
        },
        {
            "id": 3,
            "label": "Discerning Race and Gender Perspectives",
            "type": "text"
        },
        {
            "id": 4,
            "label": "Soft Media Pieces on Antifa",
            "type": "text"
        },
        {
            "id": 5,
            "label": "Hard Media Pieces on Antifa",
            "type": "text"
        },
        {
            "id": 6,
            "label": "Threatening Rights of Americans",
            "type": "text"
        },
        {
            "id": 7,
            "label": "New World Order and Government",
            "type": "text"
        }
    ],
    "edges": [
        {
            "source": 1,
            "target": 2,
            "relation": "helps explain the manual's content related to name-calling",
            "description": "Explains how Antifa members use name-calling as a cultural tool."
        },
        {
            "source": 1,
            "target": 3,
            "relation": "helps explain race and gender distinctions in Antifa's message",
            "description": "Clarifies the group's focus on distinguishing between different racial or gender perspectives."
        },
        {
            "source": 1,
            "target": 4,
            "relation": "helps explain soft media pieces related to violence against Americans",
            "description": "Explores how Antifa members use name-calling in their narrative."
        },
        {
            "source": 1,
            "target": 6,
            "relation": "helps explain threats targeting rights of Americans",
            "description": "Details how Antifa members attempt to silence opposition."
        },
        {
            "source": 2,
            "target": 5,
            "relation": "helps explain hard media pieces related to violence against Americans",
            "description": "Presents evidence that some hard media outlets support violence."
        },
        {
            "source": 3,
            "target": 4,
            "relation": "helps explain the connection between race/gender distinctions and soft media",
            "description": "Shows how racial/gender perspectives influence Antifa's narrative."
        },
        {
            "source": 5,
            "target": 6,
            "relation": "helps explain hard media pieces related to violence against Americans",
            "description": "Explores evidence of support for violence by hard media outlets."
        },
        {
            "source": 4,
            "target": 7,
            "relation": "helps outline the aim of Antifa's efforts towards a New World Order",
            "description": "Explains Antifa's goal of establishing a new, free-speech world order."
        },
        {
            "source": 6,
            "target": 7,
            "relation": "helps outline how threatening rights contribute to that aim",
            "description": "Details how threats against American rights drive Antifa's goals."
        }
    ]
}