{
    "nodes": [
        {
            "id": 1,
            "label": "Klaus Eberwein",
            "type": "person"
        },
        {
            "id": 2,
            "label": "Fonds d assistance conomique et social",
            "type": "organization"
        },
        {
            "id": 3,
            "label": "Muncheez",
            "type": "person"
        },
        {
            "id": 4,
            "label": "Clinton Foundation",
            "type": "organization"
        }
    ],
    "edges": [
        {
            "source": 1,
            "target": 2,
            "relation": "person involved in work with Foundation",
            "description": "Eberwein was part of the economic development agency and worked with the Clinton Foundation."
        },
        {
            "source": 1,
            "target": 4,
            "relation": "person who testified about Clinton Foundation's activities",
            "description": "Eberwein acknowledged his life was in danger while testing the foundation's alleged corruption."
        },
        {
            "source": 3,
            "target": 2,
            "relation": "person involved with Fonds manager",
            "description": "Muncheez worked as an advisor to Haitian President Michel Martelly and was a partner in a popular pizza restaurant."
        }
    ]
}