{
    "nodes": [
        {
            "id": 1,
            "label": "Katie Couric",
            "type": "person"
        },
        {
            "id": 2,
            "label": "Dan Rather",
            "type": "person"
        },
        {
            "id": 3,
            "label": "Brian Williams",
            "type": "person"
        },
        {
            "id": 4,
            "label": "CBS",
            "type": "organization"
        },
        {
            "id": 5,
            "label": "NBC",
            "type": "organization"
        },
        {
            "id": 6,
            "label": "Virginia Citizens Defense League",
            "type": "organization"
        }
    ],
    "edges": [
        {
            "source": 1,
            "target": 4,
            "relation": "Katie Couric is a person known for her work in sheep's clothing.",
            "description": "Katie Couric is a known figure in media and politics."
        },
        {
            "source": 1,
            "target": 5,
            "relation": "Dan Rather co-hosted an interview with Katie Couric on NBC.",
            "description": "Dan Rather co-hosted an interview with Katie Couric at NBC."
        },
        {
            "source": 1,
            "target": 6,
            "relation": "Katie Couric discussed a music and politics event in NYC.",
            "description": "Katie Couric hosted a discussion with gun rights activists from the Virginia Citizens Defense League."
        },
        {
            "source": 4,
            "target": 2,
            "relation": "Katie Couric has a defamation lawsuit stemming from a deceptive edit in her film.",
            "description": "Katie Couric is known for being involved with a defamation lawsuit involving a film."
        },
        {
            "source": 6,
            "target": 3,
            "relation": "The Virginia Citizens Defense League labeled the deceptively edited segment featuring Katie Couric as 'dishonest and unprofessional'",
            "description": "The segment involving Katie Couric's film edit was criticized for being dishonest and unprofessional."
        },
        {
            "source": 6,
            "target": 4,
            "relation": "Katie Couric asked gun rights activists to answer a background check question in a interview.",
            "description": "During an interview, Katie Couric asked gun rights activists questions about background checks."
        }
    ]
}