{
    "nodes": [
        {
            "id": 1,
            "label": "Ted Nugent",
            "type": "person"
        },
        {
            "id": 2,
            "label": "David Crosby",
            "type": "person"
        }
    ],
    "edges": [
        {
            "source": 1,
            "target": 2,
            "relation": "social media spat between Ted Nugent and David Crosby",
            "description": "Ted Nugent and David Crosby are in a social-media spat over Nugent's claim that political correctness is keeping him out of the Rock and Roll Hall of Fame."
        },
        {
            "source": 1,
            "target": 2,
            "relation": "David Crosby's evaluation of his work on 'Cat Scratch Fever'",
            "description": "Crosby commented that the track alone might not earn Nugent an induction into the Rock and Roll Hall of Fame."
        }
    ]
}