{
    "nodes": [
        {
            "id": 1,
            "label": "outpatient removal",
            "type": "activity"
        },
        {
            "id": 2,
            "label": "brain cancer",
            "type": "diagnosis"
        },
        {
            "id": 3,
            "label": "senator john McCain",
            "type": "person"
        },
        {
            "id": 4,
            "label": "john McCain's family",
            "type": "person"
        },
        {
            "id": 5,
            "label": "brief statement",
            "type": "statement"
        },
        {
            "id": 6,
            "label": "overall",
            "type": "statement"
        },
        {
            "id": 7,
            "label": "treatment options",
            "type": "collection"
        },
        {
            "id": 8,
            "label": "link",
            "type": "video"
        },
        {
            "id": 9,
            "label": "senator john McCain's past history",
            "type": "person"
        }
    ],
    "edges": [
        {
            "source": 1,
            "target": 2,
            "relation": "outpatient removal happened due to brain cancer.",
            "description": "The procedure was associated with a diagnosis of brain cancer."
        },
        {
            "source": 3,
            "target": 5,
            "relation": "senator john McCain was diagnosed with brain cancer.",
            "description": "A statement from Mayo Clinic labeled 'brain cancer' corroborates this."
        },
        {
            "source": 4,
            "target": 6,
            "relation": "The brief statement mentions the diagnosis and associated treatment.",
            "description": "This brief summary highlights the severity of the surgery."
        },
        {
            "source": 5,
            "target": 7,
            "relation": "His brief statement was released to emphasize the seriousness of his condition.",
            "description": "The release of this concise update underscores the complexity of the situation."
        },
        {
            "source": 6,
            "target": 9,
            "relation": "John McCain's family is reviewing further treatment options considering his diagnosis.",
            "description": "Their investigation includes possible chemotherapy and radiation, aligning with his treatment."
        }
    ]
}