{
    "nodes": [
        {
            "id": 1,
            "label": "Bob Byrd",
            "type": "person"
        },
        {
            "id": 2,
            "label": "Barack Obama",
            "type": "person"
        },
        {
            "id": 3,
            "label": "Charter Orbit, Inc.",
            "type": "organization"
        }
    ],
    "edges": [
        {
            "source": 1,
            "target": 2,
            "relation": "involved with political groups",
            "description": "Bob Byrd was a member of the Klan and later eulogized President Barack Obama."
        },
        {
            "source": 2,
            "target": 3,
            "relation": "eulogized political figures",
            "description": "Barack Obama eulogized former Klan leader Bob Byrd."
        }
    ]
}