{
    "nodes": [
        {
            "id": 1,
            "label": "The KKK came out swinging.",
            "type": "organization"
        },
        {
            "id": 2,
            "label": "Antifa and Black Lives Matter showed up with weapons.",
            "type": "group"
        },
        {
            "id": 3,
            "label": "We as black people refused to acknowledge that we had a hand in slavery.",
            "type": "text"
        }
    ],
    "edges": [
        {
            "source": 1,
            "target": 2,
            "relation": "involved in the fight against racism",
            "description": "These groups were directly involved in organizing the fight."
        }
    ]
}