{
    "nodes": [
        {
            "id": 1,
            "label": "Washington Post",
            "type": "organization"
        },
        {
            "id": 2,
            "label": "Kill Fox & Friends",
            "type": "text value"
        },
        {
            "id": 3,
            "label": "CNN",
            "type": "text value"
        }
    ],
    "edges": [
        {
            "source": 1,
            "target": 2,
            "relation": "criticism support",
            "description": "sycophancy"
        },
        {
            "source": 1,
            "target": 3,
            "relation": "supportive critique",
            "description": "advocacy for media"
        }
    ]
}