{
    "nodes": [
        {
            "id": 1,
            "label": "TQILA",
            "type": "organization"
        },
        {
            "id": 2,
            "label": "IRPGF",
            "type": "group"
        },
        {
            "id": 3,
            "label": "YPG",
            "type": "group"
        },
        {
            "id": 4,
            "label": "ORIGIN",
            "type": "location"
        },
        {
            "id": 5,
            "label": "QUR",
            "type": "organization"
        }
    ],
    "edges": [
        {
            "source": 1,
            "target": 4,
            "relation": "TQILA is in conflict with ORIGIN",
            "description": "TQILA and ORIGIN are in direct conflict due to their actions."
        },
        {
            "source": 1,
            "target": 5,
            "relation": "TQILA interacts with QUR via images",
            "description": "TQILA's image has been shared by QUR, showcasing their interactions."
        },
        {
            "source": 2,
            "target": 4,
            "relation": "IRPGF is in conflict with ORIGIN",
            "description": "IRPGF's activities are impacting the origin community."
        },
        {
            "source": 3,
            "target": 4,
            "relation": "YPG is involved in conflicts in Syria",
            "description": "YPG has been part of larger conflicts in the region."
        }
    ]
}