{
    "nodes": [
        {
            "id": 1,
            "label": "Greg Gutfeld",
            "type": "person"
        },
        {
            "id": 2,
            "label": "Donald Trump",
            "type": "person"
        },
        {
            "id": 3,
            "label": "The Five",
            "type": "collection"
        },
        {
            "id": 4,
            "label": "@greggutfeld",
            "type": "tweet"
        },
        {
            "id": 5,
            "label": "@TheFive",
            "type": "tweet"
        },
        {
            "id": 6,
            "label": "@DonaldTrump",
            "type": "tweet"
        },
        {
            "id": 7,
            "label": "#FNN",
            "type": "hashmark"
        }
    ],
    "edges": [
        {
            "source": 1,
            "target": 2,
            "relation": "@greggutfeld @DonaldTrump",
            "description": " reacted to both tweets about FNN"
        },
        {
            "source": 1,
            "target": 3,
            "relation": "@TheFive",
            "description": " mentioned The Five in his tweet"
        },
        {
            "source": 2,
            "target": 4,
            "relation": "@greggutfeld @TheFive",
            "description": " connected by mutual mention of #FNN"
        },
        {
            "source": 2,
            "target": 6,
            "relation": "@DonaldTrump #FNN",
            "description": " mentioned Trump and FNN in his tweet"
        }
    ]
}