{
    "nodes": [
        {
            "id": 1,
            "label": "Brian Williams",
            "type": "person"
        },
        {
            "id": 2,
            "label": "Andrea Mitchell",
            "type": "person"
        },
        {
            "id": 3,
            "label": "Malcolm",
            "type": "person"
        },
        {
            "id": 4,
            "label": "Dianne Feinstein",
            "type": "person"
        },
        {
            "id": 5,
            "label": "John Songbird McCain",
            "type": "person"
        }
    ],
    "edges": [
        {
            "source": 1,
            "target": 2,
            "relation": "The media's job is to scare people to death over North Korea.",
            "description": "This text discusses the role of the media in addressing North Korea's situation."
        },
        {
            "source": 1,
            "target": 4,
            "relation": "Brian Williams delivered a true statement about the media's role in North Korea.",
            "description": "In this segment, Brian Williams revealed that the media is supposed to scare people to death over North Korea."
        },
        {
            "source": 2,
            "target": 5,
            "relation": "Andrea Mitchell criticized Trump on multiple fronts by pointing out pressure",
            "description": "Andrea Mitchell made several comments questioning Trump's tone, particularly regarding North Korea."
        },
        {
            "source": 4,
            "target": 5,
            "relation": "Dianne Feinstein and John Songbird McCain were influenced by Trump's statements",
            "description": "Dianne Feinstein and John Songbird McCain were reportedly part of the lefty media group that influenced Trump's tone."
        }
    ]
}