{
    "nodes": [
        {
            "id": 1,
            "label": "President Trump",
            "type": "person"
        },
        {
            "id": 2,
            "label": "Michael Siegel",
            "type": "person"
        },
        {
            "id": 3,
            "label": "Michael Needham",
            "type": "person"
        }
    ],
    "edges": [
        {
            "source": 1,
            "target": 2,
            "relation": "President Trump is discussing the possibility of removing tax-payer funded subsidies for individual members of Congress and their staff.",
            "description": "This tweet suggests that the government's tax policies may be impacting individual representatives, potentially leading to a reconsideration of theObamacareExemPTION."
        },
        {
            "source": 1,
            "target": 3,
            "relation": "President Trump is discussing how Congress can take advantage of theObamacoreExemPTION by affecting their own subsidies.",
            "description": "This discussion implies that Trump may consider ways for Congress to bypass tax-based benefits and directly pay higher premiums, potentially seeking theObamacoreExemPTION."
        },
        {
            "source": 2,
            "target": 3,
            "relation": "Michael Siegel is commenting on Trump's tweet about tax subsidies.",
            "description": "Siegel may be analyzing the implications of Trump's proposed measures and their impact on individual representatives, highlighting concerns about financial pressures."
        }
    ]
}