{
    "nodes": [
        {
            "id": 1,
            "label": "Sarah Huckabee Sanders",
            "type": "person"
        },
        {
            "id": 2,
            "label": "Dylan aka Pickle",
            "type": "person"
        }
    ],
    "edges": [
        {
            "source": 1,
            "target": 2,
            "relation": "proving letter is fake",
            "description": "Washington Post tried to prove the letter was fake"
        },
        {
            "source": 1,
            "target": 2,
            "relation": "person meets president",
            "description": "Sarah Huckabee met with someone who supports President Trump"
        }
    ]
}