{
    "nodes": [
        {
            "id": 1,
            "label": "Rebel Pundit",
            "type": "person"
        },
        {
            "id": 2,
            "label": "Paul McKinley",
            "type": "person"
        }
    ],
    "edges": [
        {
            "source": 1,
            "target": 2,
            "relation": "opponent",
            "description": "Rebel Pundit is an opponent of Paul McKinley's statements and concerns about the statue."
        }
    ]
}