{
    "nodes": [
        {
            "id": 1,
            "label": "President Trump",
            "type": "person"
        },
        {
            "id": 2,
            "label": "Chris Cuomo",
            "type": "person"
        },
        {
            "id": 3,
            "label": "Wes Bellowamy",
            "type": "person"
        },
        {
            "id": 4,
            "label": "Charlie Voss (Vice Mayor of Charlottesville)",
            "type": "person"
        },
        {
            "id": 5,
            "label": "Charterville, Virginia",
            "type": "location"
        },
        {
            "id": 6,
            "label": "Robert E. Lee statue controversy",
            "type": "location or organization"
        }
    ],
    "edges": [
        {
            "source": 1,
            "target": 2,
            "relation": "President Trump is the 45th president",
            "description": "He has been in office for over 40 years, making him a key figure in their journey."
        },
        {
            "source": 1,
            "target": 3,
            "relation": "Chris Cuomo is the vice mayor towards the presidency and has been criticized by both Trump and Bellowamy.",
            "description": "Bellowamy and the city have criticized him for his actions, which align with Trump's recent statements about the statue."
        },
        {
            "source": 1,
            "target": 4,
            "relation": "Charlie Voss is the vice mayor who was part of the March on Washington.",
            "description": "He has been actively involved in the city's efforts to address the statue controversy."
        },
        {
            "source": 2,
            "target": 3,
            "relation": "Chris Cuomo refers to himself as the 45th president.",
            "description": "This nickname reflects his role as the vice mayor and his connection to Trump's ascension to office."
        },
        {
            "source": 1,
            "target": 6,
            "relation": "The Robert E. Lee statue controversy involves the city of Charterville in Virginia.",
            "description": "The statue was originally placed by a real local hero (Robert E. Lee) but has been removed due to the controversy."
        },
        {
            "source": 3,
            "target": 4,
            "relation": "Charlie Voss is the vice mayor who coordinates the city's efforts towards resolving the statue controversy.",
            "description": "He works closely with Chris Cuomo and other city officials to address both the president and the local issues."
        }
    ]
}