{
    "nodes": [
        {
            "id": 1,
            "label": "Kellyanne Conway",
            "type": "person"
        },
        {
            "id": 2,
            "label": "Anthony Scaramucci",
            "type": "person"
        },
        {
            "id": 3,
            "label": "Chris Cuomo",
            "type": "person"
        }
    ],
    "edges": [
        {
            "source": 1,
            "target": 2,
            "relation": "beamed to person in a source's words",
            "description": "Scaramucci was told Kellyanne Conway is being looked at as the next communications director."
        },
        {
            "source": 1,
            "target": 3,
            "relation": "beamed to person in a source's words",
            "description": "Cooky would be a perfect choice for President Trump s new communications director. She is no stranger to dealing with the press. She is also no pushover."
        },
        {
            "source": 2,
            "target": 3,
            "relation": "beamed to person in an interview",
            "description": "Cuoyne responded, 'It s not about CNN.' It's about what the president said, Kellyanne. Conway immediately landed a right hook to fake news host Chris Cuomo when she asked him, 'Aren t you the least bit reluctant, if not embarrassed that you now talk about Russia more than you talk about America?'"
        }
    ]
}