{
    "nodes": [
        {
            "id": 1,
            "label": "Donald Trump",
            "type": "person"
        },
        {
            "id": 2,
            "label": "President Obama",
            "type": "person"
        },
        {
            "id": 3,
            "label": "Hillary Clinton",
            "type": "person"
        },
        {
            "id": 4,
            "label": "Bernie Sanders",
            "type": "person"
        }
    ],
    "edges": [
        {
            "source": 1,
            "target": 2,
            "relation": "accused of treason",
            "description": "Trump accused President Obama of colluding with Russia on June 26, 2017"
        },
        {
            "source": 1,
            "target": 3,
            "relation": "blamed for crimes",
            "description": "Trump blamed Hillary Clinton for his crimes on June 22, 2017"
        },
        {
            "source": 1,
            "target": 4,
            "relation": "mentioned in tweet",
            "description": "Trump mentioned Bernie Sanders in a tweet on June 25, 2017"
        },
        {
            "source": 2,
            "target": 3,
            "relation": "colluded with",
            "description": "According to Trump, Hillary Clinton colluded with the Democratic Party"
        }
    ]
}