{
    "nodes": [
        {
            "id": 1,
            "label": "Eric Bolling",
            "type": "person"
        },
        {
            "id": 2,
            "label": "Bobby Bolling",
            "type": "person"
        },
        {
            "id": 3,
            "label": "Caroline Heldman",
            "type": "person"
        },
        {
            "id": 4,
            "label": "Debbie Schulssel",
            "type": "person"
        },
        {
            "id": 5,
            "label": "Michelle Fields",
            "type": "person"
        }
    ],
    "edges": [
        {
            "source": 1,
            "target": 2,
            "relation": "Eric Bolling was suspended after accusations of sexual misconduct against him.",
            "description": "Bobby Bolling, the person who is being suspended, received suspensions as a result of accusations that he sent lewd photos to female coworkers."
        },
        {
            "source": 2,
            "target": 5,
            "relation": "Bobby Bolling's team deny the allegations of sexual harassment against Eric Bolling.",
            "description": "The team at Fox News has denied the accusations made by Bobby Bolling that he sexually Harass a female coworker."
        },
        {
            "source": 3,
            "target": 1,
            "relation": "Caroline Heldman was accused of using a picture of herself with a high-profile media whore lawyer, Gloria Allred.",
            "description": "Caroline Heldman, a prominent female activist, falsely accused Bobby Bolling of sexual harassment by using a photograph featuring her and Goro Allred."
        },
        {
            "source": 3,
            "target": 4,
            "relation": "Bobby Bolling's baseball jersey was shown to Caroline Heldman at a party she attended.",
            "description": "Caroline Heldman reportedly visited Bobby Bolling's party where he wore his baseball jersey and engaged in sexual advances."
        },
        {
            "source": 4,
            "target": 5,
            "relation": "Bobby Bolling's team deny the accusations made by Caroline Heldman.",
            "description": "The team at Fox News has denied the false accusations made by Caroline Heldman of sexual harassment."
        }
    ]
}