{
    "nodes": [
        {
            "id": 1,
            "label": "President Trump",
            "type": "person"
        },
        {
            "id": 2,
            "label": "Made in America baseball bat owner",
            "type": "person"
        },
        {
            "id": 3,
            "label": "Omaha Steaks CEO",
            "type": "organization"
        }
    ],
    "edges": [
        {
            "source": 1,
            "target": 2,
            "relation": "opening the beef trade in China",
            "description": " NBC Politics July 17, 2017"
        },
        {
            "source": 3,
            "target": 1,
            "relation": "admirering a baseball bat",
            "description": " NBC Politics July 17, 2017"
        },
        {
            "source": 1,
            "target": 3,
            "relation": "opening the beef trade in China",
            "description": " NBC Politics July 17, 2017"
        },
        {
            "source": 2,
            "target": 3,
            "relation": "admirering a baseball bat",
            "description": " NBC Politics July 17, 2017"
        },
        {
            "source": 3,
            "target": 1,
            "relation": "admirering a baseball bat",
            "description": " NBC Politics July 17, 2017"
        }
    ]
}