{
    "nodes": [
        {
            "id": 1,
            "label": "Donald Trump",
            "type": "person"
        },
        {
            "id": 2,
            "label": "Joe Biden",
            "type": "person"
        },
        {
            "id": 3,
            "label": "Paul Ryan",
            "type": "person"
        },
        {
            "id": 4,
            "label": "Mitch McConnell",
            "type": "person"
        },
        {
            "id": 5,
            "label": "Obama White House",
            "type": "organization"
        },
        {
            "id": 6,
            "label": "Senate",
            "type": "organization"
        }
    ],
    "edges": [
        {
            "source": 1,
            "target": 2,
            "relation": "related_to",
            "description": "Outgoing administration"
        },
        {
            "source": 2,
            "target": 5,
            "relation": "worked_at",
            "description": "Former Vice President of the Obama White House"
        },
        {
            "source": 3,
            "target": 6,
            "relation": "related_to",
            "description": "GOP Senator"
        },
        {
            "source": 4,
            "target": 6,
            "relation": "related_to",
            "description": "GOP Senator"
        },
        {
            "source": 2,
            "target": 6,
            "relation": "tweeted",
            "description": "Tweet about healthcare bill"
        }
    ]
}