{
    "nodes": [
        {
            "id": 1,
            "label": "Obama",
            "type": "person"
        },
        {
            "id": 2,
            "label": "Bush",
            "type": "person"
        },
        {
            "id": 3,
            "label": "Cheney",
            "type": "person"
        },
        {
            "id": 4,
            "label": "Chvez",
            "type": "person"
        },
        {
            "id": 5,
            "label": "Kutcher",
            "type": "person"
        },
        {
            "id": 6,
            "label": "General Motors",
            "type": "organization"
        }
    ],
    "edges": [
        {
            "source": 1,
            "target": 2,
            "relation": "person",
            "description": "Obama and Bush were contemporaries before discussing issues."
        },
        {
            "source": 3,
            "target": 4,
            "relation": "person",
            "description": "Cheney's stance on the Iraq War was influenced by interactions with Chvez."
        },
        {
            "source": 1,
            "target": 5,
            "relation": "person",
            "description": "Obama refused questions from Kutcher during a speech."
        },
        {
            "source": 4,
            "target": 6,
            "relation": "person",
            "description": "Chavez opposed the use of torture in Iraq, which was later criticized by GM for its practices."
        }
    ]
}