{
    "nodes": [
        {
            "id": 1,
            "label": "Linda Sarsour",
            "type": "person"
        },
        {
            "id": 2,
            "label": "Texas Organizing Project",
            "type": "organization"
        },
        {
            "id": 3,
            "label": "Hamas related person spotted at convention posing pictures",
            "type": "person"
        },
        {
            "id": 4,
            "label": "Museum of Islamic Studies",
            "type": "organization"
        },
        {
            "id": 5,
            "label": "Arab American Association of New York",
            "type": "organization"
        },
        {
            "id": 6,
            "label": "The monthly dial host (Linda Sarsour)",
            "type": "person"
        },
        {
            "id": 7,
            "label": "Daily Caller",
            "type": "media outlet"
        }
    ],
    "edges": [
        {
            "source": 1,
            "target": 2,
            "relation": "Texas Organizing Project is one of the organizers of the Women's March in D.C.",
            "description": "One of the participants in the event."
        },
        {
            "source": 1,
            "target": 3,
            "relation": "Linda Sarsour has been involved with this organization",
            "description": "Participated in organizing the Women's March."
        },
        {
            "source": 1,
            "target": 4,
            "relation": "The Hamas related person spotted at the convention posed pictures of participants.",
            "description": "At the Muslim American Society/Islamic Circle convention, this person was seen posing with participants."
        },
        {
            "source": 3,
            "target": 5,
            "relation": "Hamas relates is one of the organizers of the Women's March in D.C.",
            "description": "Presents as a representative of their group at the event."
        },
        {
            "source": 5,
            "target": 6,
            "relation": "The monthly dial host (Linda Sarsour) is organizing the event",
            "description": "Participated in coordinating the publication for this media outlet."
        },
        {
            "source": 6,
            "target": 7,
            "relation": "Daily Caller is a media outlet that Linda Sarsour supports and writes about",
            "description": "Linda Sarsour covers various media outlets, including Daily Caller."
        }
    ]
}