{
    "nodes": [
        {
            "id": 1,
            "label": "Sweden",
            "type": "location",
            "attributes": {}
        },
        {
            "id": 2,
            "label": "Germany",
            "type": "country",
            "attributes": {}
        },
        {
            "id": 3,
            "label": "UK",
            "type": "country",
            "attributes": {}
        },
        {
            "id": 4,
            "label": "Sweden as nation type",
            "type": "nation type",
            "attributes": {}
        },
        {
            "id": 5,
            "label": "Germany as nation type",
            "type": "nation type",
            "attributes": {}
        },
        {
            "id": 6,
            "label": "UK as nation type",
            "type": "nation type",
            "attributes": {}
        }
    ],
    "edges": [
        {
            "source": 1,
            "target": 4,
            "relation": "radical Muslim culture in Sweden",
            "description": "Sweden promoted a radical Muslim cultural replacement."
        },
        {
            "source": 2,
            "target": 5,
            "relation": "imported unvetted refugees from Muslim majority countries",
            "description": "Germany and the UK have been importing refugees from Muslim-majority nations."
        },
        {
            "source": 1,
            "target": 6,
            "relation": "rape in Sweden",
            "description": "Sweden's increase in reported rape cases."
        }
    ]
}