{
    "nodes": [
        {
            "id": 1,
            "label": "US officials",
            "type": "person"
        },
        {
            "id": 2,
            "label": "US officials (Union representing refugee officers at US Citizenship and Immigration Services)",
            "type": "organization"
        },
        {
            "id": 3,
            "label": "Australian officials",
            "type": "organization"
        },
        {
            "id": 4,
            "label": "USCIS",
            "type": "organization"
        },
        {
            "id": 5,
            "label": "Holmes Islands",
            "type": "location"
        },
        {
            "id": 6,
            "label": "Australian Nauru",
            "type": "location"
        },
        {
            "id": 7,
            "label": "Australia",
            "type": "organization"
        }
    ],
    "edges": [
        {
            "source": 1,
            "target": 5,
            "relation": "US officials interview people on Holmes Islands",
            "description": "US officials interviewing refugees held in an Australian-run offshore detention center have halted screening and left the facility abruptly."
        },
        {
            "source": 3,
            "target": 6,
            "relation": "Australian officials manage the Nauru interviews",
            "description": "Australian officials at NAU (Australian National United\u7ec4\u7ec7) handled the interviews with US officials on the Pacific island of Nauru. The officials were scheduled to return on July 26 but left on Friday, one day before their intended schedule."
        },
        {
            "source": 3,
            "target": 7,
            "relation": "USCIS handles refugees in Australia",
            "description": "The US Citizenship and Immigration Services (USCIS) manages the refugee intake for AUDITTE (Australian Department of International Treasury and Trade)."
        },
        {
            "source": 6,
            "target": 7,
            "relation": "Refugees on Holmes Islands and Nauru are from Central America",
            "description": "The refugees interviewed on Holmes Islands and Nauru are typically from Central America."
        }
    ]
}