{
    "nodes": [
        {
            "id": 1,
            "label": "The Atlantic",
            "type": "organization"
        },
        {
            "id": 2,
            "label": "Shadow Government (Trump)",
            "type": "category"
        },
        {
            "id": 3,
            "label": "U.S. Government (Trump)",
            "type": "category"
        },
        {
            "id": 4,
            "label": "Reputation for Anti-American",
            "type": "category"
        },
        {
            "id": 5,
            "label": "Political Features",
            "type": "collection"
        }
    ],
    "edges": [
        {
            "source": 1,
            "target": 2,
            "relation": "Anti-American",
            "description": "Connection between The Atlantic and its reputation for anti-American values."
        },
        {
            "source": 1,
            "target": 4,
            "relation": "Anti-American",
            "description": "The Atlantic's anti-American label connects it to sections about its reputation."
        },
        {
            "source": 2,
            "target": 5,
            "relation": "Shadow Government of Trump",
            "description": "The shadow government is linked to border security, immigration, and climate change."
        },
        {
            "source": 3,
            "target": 5,
            "relation": "U.S. Government issues",
            "description": "The U.S. government's features are connected to political policy areas."
        }
    ]
}