{
    "nodes": [
        {
            "id": 1,
            "label": "GDP Expansion",
            "type": "gdp_expansion"
        },
        {
            "id": 2,
            "label": "Mainstream Media Ignored",
            "type": "media_ignored"
        },
        {
            "id": 3,
            "label": "Economic Team for Trump",
            "type": "economic_team_trump"
        }
    ],
    "edges": [
        {
            "source": 1,
            "target": 2,
            "relation": " GDP expansion will be ignored by mainstream media",
            "description": " The GDP expansion will be ignored by the mainstream media who are focused on statues and protests."
        },
        {
            "source": 1,
            "target": 3,
            "relation": " GDP expansion is great news for Trump's economic team but even greater for all Americans!",
            "description": " This should be great news for Trump's economic team of brilliant and successful businessmen but even greater news for ALL Americans! MAGA!REUTERS REPORTED: The U.S. economy is on track to expand at a 4.0 percent annualized pace in the third quarter..."
        }
    ]
}