{
    "nodes": [
        {
            "id": 1,
            "label": "Father of Grant Berardo",
            "type": "person"
        },
        {
            "id": 2,
            "label": "Grants Berardo",
            "type": "person"
        },
        {
            "id": 3,
            "label": "Yearbook Club Advertisers and Co-contrctors",
            "type": "position"
        },
        {
            "id": 4,
            "label": " wall township high school",
            "type": "location"
        },
        {
            "id": 5,
            "label": "Tackery Company",
            "type": "organization"
        },
        {
            "id": 6,
            "label": "Lors Photography",
            "type": "organization"
        },
        {
            "id": 7,
            "label": "Tackery Company",
            "type": "organization"
        },
        {
            "id": 8,
            "label": "$X",
            "type": "amount"
        }
    ],
    "edges": [
        {
            "source": 1,
            "target": 2,
            "relation": "father of",
            "description": "Father of Grant Berardo donated $5,279 out of his own pocket."
        },
        {
            "source": 1,
            "target": 3,
            "relation": "father of",
            "description": "Father of Grant Berardo also donated $3,000 to the project"
        },
        {
            "source": 2,
            "target": 4,
            "relation": "parent",
            "description": "Grants Berardo is the father of Grant Berardo."
        },
        {
            "source": 1,
            "target": 5,
            "relation": "organization",
            "description": "Tackery Company (Lors Photography) contributed $X towards the project"
        },
        {
            "source": 2,
            "target": 4,
            "relation": "position",
            "description": "Yearbook Club Advertisers and Co-contrctors are a position at wall township high school."
        }
    ]
}