{
    "nodes": [
        {
            "id": 1,
            "label": "Hillary Clinton",
            "type": "person"
        },
        {
            "id": 2,
            "label": "Donald Trump",
            "type": "person"
        },
        {
            "id": 3,
            "label": "Joe Biden",
            "type": "person"
        },
        {
            "id": 4,
            "label": "Cosmopolitan Magazine",
            "type": "organization"
        },
        {
            "id": 5,
            "label": "The Hill (both versions)",
            "type": "organization"
        },
        {
            "id": 6,
            "label": " MSNBC",
            "type": "organization"
        }
    ],
    "edges": [
        {
            "source": 1,
            "target": 2,
            "relation": "support/hate",
            "description": "Media (both Cosmopolitan and The Hill) support/insight Hillary's book."
        },
        {
            "source": 1,
            "target": 4,
            "relation": "support",
            "description": "Support/criticism/feedback from media to Hillary"
        },
        {
            "source": 1,
            "target": 5,
            "relation": "support",
            "description": "Support/criticism/feedback from media to Hillary"
        },
        {
            "source": 1,
            "target": 6,
            "relation": "support",
            "description": "Support/criticism/feedback from media to Hillary"
        }
    ]
}