{
    "nodes": [
        {
            "id": 1,
            "label": "Senator Chris Van Hollen",
            "type": "person"
        },
        {
            "id": 2,
            "label": " Senator Chris Van Hollen's Twitter",
            "type": "contact"
        },
        {
            "id": 3,
            "label": " Senator Chris Van Hollen's Facebook",
            "type": "contact"
        },
        {
            "id": 4,
            "label": "Senator Chris Van Hollen's social media links",
            "type": "video"
        }
    ],
    "edges": [
        {
            "source": 1,
            "target": 2,
            "relation": "Twitter link for Senator Van Hollen",
            "description": "The Twitter account of Senator Chris Van Hollen"
        },
        {
            "source": 1,
            "target": 3,
            "relation": "Facebook account for Senator Van Hollen",
            "description": "The Facebook page about Senator Chris Van Hollen"
        },
        {
            "source": 1,
            "target": 4,
            "relation": "Video links from Senator Van Hollen's social media",
            "description": "Links to videos related to Senator Chris Van Hollen and his comments on Obamacare."
        }
    ]
}