{
    "nodes": [
        {
            "id": 1,
            "label": "Donald Trump",
            "type": "person"
        },
        {
            "id": 2,
            "label": "Vladimir Putin",
            "type": "person"
        },
        {
            "id": 3,
            "label": "Advisors (unspecified)",
            "type": "organization"
        },
        {
            "id": 4,
            "label": "State Department",
            "type": "organization"
        },
        {
            "id": 5,
            "label": "National Security Council",
            "type": "organization"
        }
    ],
    "edges": [
        {
            "source": 1,
            "target": 2,
            "relation": "meeting",
            "description": "First meeting since taking office"
        },
        {
            "source": 1,
            "target": 3,
            "relation": "advising",
            "description": "Advisors are pushing for low-key meeting"
        },
        {
            "source": 2,
            "target": 4,
            "relation": "collaboration",
            "description": "Trump wants to partner with Russia in Syria"
        },
        {
            "source": 1,
            "target": 5,
            "relation": "pressure",
            "description": "State Department and National Security Council urge restraint"
        }
    ]
}