{
    "nodes": [
        {
            "id": 1,
            "label": "President Trump",
            "type": "person"
        },
        {
            "id": 2,
            "label": " Harvey Hurricane relief efforts",
            "type": "location"
        },
        {
            "id": 3,
            "label": "Corpus Christi, Texas",
            "type": "location"
        },
        {
            "id": 4,
            "label": "Austin, Texas",
            "type": "location"
        },
        {
            "id": 5,
            "label": "First responders (people)",
            "type": "person"
        },
        {
            "id": 6,
            "label": "VP Pence",
            "type": "person"
        },
        {
            "id": 7,
            "label": "Karen Pence",
            "type": "organization"
        }
    ],
    "edges": [
        {
            "source": 1,
            "target": 2,
            "relation": "President Trump donated $1 million to Harvey relief efforts.",
            "description": "A donation made by President Trump to the relief efforts of Harvey Hurricane."
        },
        {
            "source": 1,
            "target": 5,
            "relation": "President Trump visited Corpus Christi, Texas, for briefings on Harvey's devastation.",
            "description": "President Trump visited Corpus Christi, Texas, for briefings related to Harvey's devastation."
        },
        {
            "source": 2,
            "target": 3,
            "relation": "First responders (people) praised First responder efforts and described their bravery and devotion as a beacon of hope in the fight against Harvey's destruction.",
            "description": "First responders (people) expressed their admiration for their courage and devotion in protecting the lives affected by Harvey's devastation."
        },
        {
            "source": 2,
            "target": 7,
            "relation": "VP Pence and Karen Pence pitched in to clear debris and support the First responders' efforts.",
            "description": " VP Pence and the Second Lady Karen Pence invested their time and resources in supporting First responders who had already performed crucial tasks."
        }
    ]
}