{
    "nodes": [
        {
            "id": 1,
            "label": " Stephanie Rawlings-Blake",
            "type": "person"
        },
        {
            "id": 2,
            "label": "Catherine Pugh",
            "type": "person"
        },
        {
            "id": 3,
            "label": "Baltimore",
            "type": "city"
        },
        {
            "id": 4,
            "label": "Mount Vernon Place",
            "type": "location"
        },
        {
            "id": 5,
            "label": "Mount Royal Avenue",
            "type": "location"
        },
        {
            "id": 6,
            "label": "West University Parkway",
            "type": "location"
        },
        {
            "id": 7,
            "label": "Lee-Jackson Monument",
            "type": "monument"
        },
        {
            "id": 8,
            "label": "Roger B. Taney, Chief Justice of the United States",
            "type": "historical figures"
        },
        {
            "id": 9,
            "label": "The Confederate Soldiers and Sailors Monument",
            "type": "monument"
        },
        {
            "id": 10,
            "label": "The Confederate Women's Monument",
            "type": "monument"
        }
    ],
    "edges": [
        {
            "source": 3,
            "target": 2,
            "relation": "city",
            "description": "Baltimore is the city in question."
        },
        {
            "source": 4,
            "target": 1,
            "relation": "location",
            "description": "Mount Vernon Place is a location within Baltimore."
        },
        {
            "source": 5,
            "target": 4,
            "relation": "location",
            "description": "Mount Royal Avenue is another location within Baltimore."
        },
        {
            "source": 6,
            "target": 4,
            "relation": "location",
            "description": "West University Parkway is a location within Baltimore."
        },
        {
            "source": 1,
            "target": 7,
            "relation": "person",
            "description": "Catherine Pugh is the mayor of Baltimore."
        },
        {
            "source": 2,
            "target": 8,
            "relation": "person",
            "description": "Stephanie Rawlings-Blake is the former mayor of Baltimore."
        },
        {
            "source": 1,
            "target": 9,
            "relation": "person",
            "description": "The Civil War era historical figures, including Roger B. Taney and others associated with the Confederacy."
        },
        {
            "source": 3,
            "target": 7,
            "relation": "city",
            "description": "Baltimore is the city in question."
        }
    ]
}