{
    "nodes": [
        {
            "id": 1,
            "label": "Republicans (person)",
            "type": "person"
        },
        {
            "id": 2,
            "label": "Jason Chaffetz (person)",
            "type": "person"
        },
        {
            "id": 3,
            "label": "Jared Kushner (person)",
            "type": "person"
        },
        {
            "id": 4,
            "label": "Chelsea Clinton (person)",
            "type": "person"
        },
        {
            "id": 5,
            "label": "The Clintons Organization (organization)",
            "type": "organization"
        },
        {
            "id": 6,
            "label": "Bill Clinton (person)",
            "type": "person"
        }
    ],
    "edges": [
        {
            "source": 2,
            "target": 3,
            "relation": "Jared Kushner (person) calls up Chelsea Clinton",
            "description": "Every time the Democrats say they need to call up Jared Kushner or Donald Trump Jr., then call up Chelsea Clinton, call up the Clintons."
        },
        {
            "source": 2,
            "target": 4,
            "relation": "Chewez (person) calls up Bill Clinton",
            "description": "Every time a Democrat says, I gotta talk to Donald Trump Jr., then go up and bring Chelsea Clinton in there. Because she was involved in the Benghazi situation, she was involved with the Foundation."
        },
        {
            "source": 2,
            "target": 5,
            "relation": "Chewez (person) talks to the Clintons",
            "description": "They would never, ever, ever do this to the Clintons. And that is fundamentally wrong with this. They could have easily, out of all the people in the world they could have easily claimed executive privilege on this one, proximity to the President, it s his son-in-law, he s his closest adviser, he could have easily pulled that off."
        },
        {
            "source": 3,
            "target": 6,
            "relation": "Chelsea Clinton (person) calls up Bill Clinton",
            "description": "They would never, ever, ever do this to the Clintons. And that is what is fundamentally wrong with this."
        }
    ]
}