{
    "nodes": [
        {
            "id": 1,
            "label": "Nancy Pelosi",
            "type": "person"
        },
        {
            "id": 2,
            "label": "President Trump",
            "type": "person"
        },
        {
            "id": 3,
            "label": "Senator Rand Paul",
            "type": "person"
        }
    ],
    "edges": [
        {
            "source": 1,
            "target": 2,
            "relation": "discussed",
            "description": "through political discussions"
        },
        {
            "source": 1,
            "target": 3,
            "relation": "discussed",
            "description": "through political discussions"
        },
        {
            "source": 2,
            "target": 3,
            "relation": "discussed",
            "description": "through political discussions"
        }
    ]
}