{
    "nodes": [
        {
            "id": 1,
            "label": "The Muslishimistic Group CAIR (TAMUCAIR)",
            "type": "person/organization"
        },
        {
            "id": 2,
            "label": "Civil Rights Organizations",
            "type": "organization"
        },
        {
            "id": 3,
            "label": "Charlevs",
            "type": "city"
        },
        {
            "id": 4,
            "label": "Civil Rights Leaders (CRL)",
            "type": "person/individual"
        }
    ],
    "edges": [
        {
            "source": 1,
            "target": 2,
            "relation": "TAMUCAIR is influencing civil rights issues",
            "description": "The Muslishimistic Group CAIR is removing Confederate statues to integrate their influence into civil rights efforts."
        },
        {
            "source": 3,
            "target": 4,
            "relation": "Charlevs coordinates with Civil Rights Leaders",
            "description": "Charlevs coordinates with Civil Rights Leaders in their regional civil rights initiatives."
        }
    ]
}