{
    "nodes": [
        {
            "id": 1,
            "label": "Al Baldasaro",
            "type": "person"
        },
        {
            "id": 2,
            "label": "Steve Scalise",
            "type": "person"
        },
        {
            "id": 3,
            "label": "Hillary Clinton",
            "type": "person"
        },
        {
            "id": 4,
            "label": "Kellyanne Conway",
            "type": "person"
        },
        {
            "id": 5,
            "label": "Sean Spicer",
            "type": "person"
        },
        {
            "id": 6,
            "label": "Trump",
            "type": "person"
        },
        {
            "id": 7,
            "label": "White House",
            "type": "location"
        }
    ],
    "edges": [
        {
            "source": 1,
            "target": 6,
            "relation": "invited_to_event",
            "description": "Al Baldasaro was invited to a White House event by Trump"
        },
        {
            "source": 2,
            "target": 6,
            "relation": "visited_by",
            "description": "Steve Scalise visited the White House"
        },
        {
            "source": 1,
            "target": 3,
            "relation": "called_for_violence_against",
            "description": "Al Baldasaro called for Hillary Clinton to be shot by a firing squad"
        },
        {
            "source": 6,
            "target": 3,
            "relation": "promoted_violence_against",
            "description": "Trump promoted violence against Hillary Clinton (allegedly)"
        },
        {
            "source": 4,
            "target": 1,
            "relation": "tolerated_by",
            "description": "Kellyanne Conway tolerated Al Baldasaro's views"
        }
    ]
}