{
    "nodes": [
        {
            "id": 1,
            "label": "Melania Trump",
            "type": "person"
        },
        {
            "id": 2,
            "label": "Ivanka Trump",
            "type": "person"
        },
        {
            "id": 3,
            "label": "Vladimir Putin",
            "type": "location"
        },
        {
            "id": 4,
            "label": "President Donald Trump",
            "type": "person"
        },
        {
            "id": 5,
            "label": "Secretary of State Rex Tillerson",
            "type": "person"
        }
    ],
    "edges": [
        {
            "source": 1,
            "target": 2,
            "relation": "replaced by",
            "description": "Ivanka Trump was re-elected as the daughter of Donald Trump."
        },
        {
            "source": 1,
            "target": 4,
            "relation": "mingle with world leaders and their spouses",
            "description": "Melania Trump displayed style during meetups."
        },
        {
            "source": 1,
            "target": 4,
            "relation": "meet President Vladimir Putin in Russia",
            "description": "She was invited to the meeting with President Putin."
        },
        {
            "source": 4,
            "target": 5,
            "relation": "meet President Vladimir Putin",
            "description": "During a bilateral meeting, Trump was told to wind it down."
        },
        {
            "source": 2,
            "target": 3,
            "relation": "replaced by",
            "description": "Ivanka Trump stepped in for her father during the summit."
        }
    ]
}