{
    "nodes": [
        {
            "id": 1,
            "label": "Ami Horowitz",
            "type": "person"
        },
        {
            "id": 2,
            "label": "Cedar Riverside Neighborhood",
            "type": "location"
        },
        {
            "id": 3,
            "label": "MinnesOTAirline Refuegees Video",
            "type": "video"
        }
    ],
    "edges": [
        {
            "source": 1,
            "target": 3,
            "relation": "interrogation (Ami asked questions about freedom of speech)",
            "description": "Ami posed questions to participants regarding living in the United States and their thoughts on sojourns."
        },
        {
            "source": 3,
            "target": 3,
            "relation": "interrogation (participant asked if free speech was great unless critical of Mohammed)",
            "description": "Participants questioned the value of free speech and its implications for promoting Islamic faith."
        },
        {
            "source": 3,
            "target": 3,
            "relation": "interrogation (participant asked about the use of violence against someone who discriminated or mocked Mohammed)",
            "description": "Participants were questioned on whether violence, including killing a person who criticized or mocked Mohammed."
        },
        {
            "source": 3,
            "target": 3,
            "relation": "support (Twin Cities family ties to earlier arrivals in the community)",
            "description": "Participants are connected via mutual support through the Twin Cities community."
        }
    ]
}