{
    "nodes": [
        {
            "id": 1,
            "label": "Donald Trump",
            "type": "person"
        },
        {
            "id": 2,
            "label": "Richard Blumenthal",
            "type": "person"
        }
    ],
    "edges": [
        {
            "source": 1,
            "target": 2,
            "relation": "mocking",
            "description": "Trump initially criticized Blumenthal in response to his discussion of the ongoing investigation into Russian meddling in the 2016 election and its possible connections to the Trump campaign during a CNN interview Monday morning."
        },
        {
            "source": 1,
            "target": 2,
            "relation": "vacation in Vietnam",
            "description": "Donald J. Trump (@realDonaldTrump) August 7, 2017 believed Senator Blumenthal should take a nice long vacation in Vietnam, where he lied about his service, so he can at least say he was there."
        }
    ]
}