{
    "nodes": [
        {
            "id": 1,
            "label": "Charlottesville",
            "type": "location"
        },
        {
            "id": 2,
            "label": "Virginia Governor, Terry McAuliffe",
            "type": "person"
        },
        {
            "id": 3,
            "label": "Raheem Kassam",
            "type": "person"
        },
        {
            "id": 4,
            "label": "Mark Simone",
            "type": "person"
        },
        {
            "id": 5,
            "label": "Mark Smith",
            "type": "organization"
        },
        {
            "id": 6,
            "label": "Jack Posobiec",
            "type": "person"
        },
        {
            "id": 7,
            "label": "Mark Simons",
            "type": "person"
        },
        {
            "id": 8,
            "label": "George Soros",
            "type": "person"
        },
        {
            "id": 9,
            "label": "Mark Posobiec",
            "type": "person"
        },
        {
            "id": 10,
            "label": "Raheem Kassam",
            "type": "person"
        },
        {
            "id": 11,
            "label": "Mark Simons",
            "type": "organization"
        },
        {
            "id": 12,
            "label": "Fox News",
            "type": "organization"
        }
    ],
    "edges": [
        {
            "source": 1,
            "target": 5,
            "relation": "location: charlottesville & organizer of protest",
            "description": "Charlottesville is the location where the protest took place."
        },
        {
            "source": 2,
            "target": 6,
            "relation": "person: governor mcauliffe",
            "description": "Tennessee Governor Terry McAuliffe."
        },
        {
            "source": 2,
            "target": 7,
            "relation": "organization: mark Simone & others in black Lives Matter group",
            "description": "Supporters of Mark Simone."
        },
        {
            "source": 2,
            "target": 8,
            "relation": "person: jack posobiec",
            "description": "Participates in Black Lives Matter and supports Trump."
        },
        {
            "source": 3,
            "target": 7,
            "relation": "organization: mark smith & others in national black lives matter group",
            "description": "Supporters of Mark Smith."
        },
        {
            "source": 5,
            "target": 9,
            "relation": "person: george Soros",
            "description": "Organizer of protest and has affiliation with antifa."
        },
        {
            "source": 6,
            "target": 10,
            "relation": "person: mark simons",
            "description": "Organizer of protest."
        },
        {
            "source": 7,
            "target": 8,
            "relation": "organization: mark simon & others in national black lives matter group",
            "description": "Supporters of Mark Simons."
        },
        {
            "source": 8,
            "target": 10,
            "relation": "person: george Soros",
            "description": "Organizer of protest and has affiliation with national black lives matter."
        },
        {
            "source": 9,
            "target": 7,
            "relation": "organization: mark simon & others in national black lives matter group",
            "description": "Supporters of Mark Simons."
        },
        {
            "source": 10,
            "target": 8,
            "relation": "person: george Soros",
            "description": "Organizer of protest and has affiliation with national black lives matter."
        }
    ]
}