{
    "nodes": [
        {
            "id": 1,
            "label": "Joan of Arc",
            "type": "person"
        },
        {
            "id": 2,
            "label": "Decatur Street",
            "type": "location"
        },
        {
            "id": 3,
            "label": "New Orleans",
            "type": "location"
        }
    ],
    "edges": [
        {
            "source": 1,
            "target": 2,
            "relation": "the Joan of Arc statue is located on Decatur Street",
            "description": "Joan of Arc statue was constructed in 1972 and serves as a location for events such as the annual Joan of Arc parade."
        },
        {
            "source": 1,
            "target": 3,
            "relation": "the Joan of Arc statue is located on New Orleans",
            "description": "Joan of Arc statue features historical significance and remains a prominent landmark in the city."
        }
    ]
}