{
    "nodes": [
        {
            "id": 1,
            "label": "MASSACHUSETTS",
            "type": "place"
        },
        {
            "id": 2,
            "label": "TUCKER CARLSON",
            "type": "person"
        },
        {
            "id": 3,
            "label": "JAMES LYSON",
            "type": "person"
        },
        {
            "id": 4,
            "label": "SH ShaunNA O CONNELL",
            "type": "person"
        },
        {
            "id": 5,
            "label": "THOMAS HODGSON",
            "type": "person"
        },
        {
            "id": 6,
            "label": "EMMA WINGER",
            "type": "person"
        },
        {
            "id": 7,
            "label": "LAURA ROTOLO",
            "type": "person"
        },
        {
            "id": 8,
            "label": "LAURA MARTIN",
            "type": "person"
        }
    ],
    "edges": [
        {
            "source": 1,
            "target": 2,
            "relation": "MASSACHUSETTS is a state place",
            "description": "Massachusetts is a state in the United States."
        },
        {
            "source": 1,
            "target": 6,
            "relation": "The Massachusetts Supreme Court ruled on arrest powers",
            "description": "The Massachusetts Supreme Court ruled that current state law provides no authority for arrest and hold an individual solely on the basis of a Federal civil immigration detainer."
        },
        {
            "source": 1,
            "target": 7,
            "relation": "MASSACHUSETTS is the place where ICE operates",
            "description": "Tucker Carlson previously interviewed a State Rep. who supports subverting federal law."
        },
        {
            "source": 2,
            "target": 3,
            "relation": "TUCKER CARLSON and JAMES LYSON are working on a bill to extend arrest powers for ICE detainers",
            "description": "TUCKER CARLSON previously interviewed a State Rep. who supports subverting federal law."
        },
        {
            "source": 3,
            "target": 6,
            "relation": "MASSACHUSETTS is not recognized by any state in the US as being a sanctuary",
            "description": "Massachusetts is a place where people from around the world can live and visit, but it does not make Massachusetts a sanctuary."
        },
        {
            "source": 4,
            "target": 7,
            "relation": "SH ShaunNA O CONNELL is a member of a group opposing ICE",
            "description": "She supports working to protect the legal rights of immigrants."
        }
    ]
}