{
    "nodes": [
        {
            "id": 1,
            "label": "Katrin Pierson",
            "type": "person"
        },
        {
            "id": 2,
            "label": "Gary Frazier",
            "type": "person"
        },
        {
            "id": 3,
            "label": "Oprah",
            "type": "organization"
        },
        {
            "id": 4,
            "label": "Obama",
            "type": "organization"
        },
        {
            "id": 5,
            "label": "Katrin Pierson commented on",
            "type": "text"
        },
        {
            "id": 6,
            "label": "Gary Frazier was asked to respond",
            "type": "person"
        }
    ],
    "edges": [
        {
            "source": 1,
            "target": 2,
            "relation": "Connected to (Gary Frazier)",
            "description": "Gave a truthful response"
        },
        {
            "source": 1,
            "target": 4,
            "relation": "Connected to (Obama)",
            "description": "Sent statements about other people"
        },
        {
            "source": 1,
            "target": 2,
            "relation": "Connected to (Gary Frazier)",
            "description": "Gave a truthful response"
        },
        {
            "source": 3,
            "target": 2,
            "relation": "Connected to (Gary Frazier)",
            "description": "Worked together with political groups"
        },
        {
            "source": 4,
            "target": 2,
            "relation": "Connected to (Gary Frazier)",
            "description": "Worked together with political groups"
        }
    ]
}