{
    "nodes": [
        {
            "id": 1,
            "label": "Ivanka Trump",
            "type": "person"
        },
        {
            "id": 2,
            "label": "Donald Trump",
            "type": "person"
        }
    ],
    "edges": [
        {
            "source": 1,
            "target": 2,
            "relation": "adviser_to",
            "description": "Ivanka serves as one of Donald's advisors"
        },
        {
            "source": 1,
            "target": 2,
            "relation": "daughter_of",
            "description": "Ivanka is Donald's daughter"
        }
    ]
}