{
    "nodes": [
        {
            "id": 1,
            "label": "Imran Awan",
            "type": "person"
        },
        {
            "id": 2,
            "label": "Andr Caroline (House Representative)",
            "type": "person"
        },
        {
            "id": 3,
            "label": "123@mailHOUSE.gov",
            "type": "organization"
        },
        {
            "id": 4,
            "label": "Andr Caroline's personal web page (American Schools Model of Educational Innovation)",
            "type": "website"
        },
        {
            "id": 5,
            "label": "Andr Caroline",
            "type": "person"
        },
        {
            "id": 6,
            "label": "Andr Caroline's wife",
            "type": "person"
        },
        {
            "id": 7,
            "label": "Andr Caroline's brothers (all male)",
            "type": "person"
        },
        {
            "id": 8,
            "label": "Mukesh Awan",
            "type": "person"
        },
        {
            "id": 9,
            "label": "Rizaa Anjum",
            "type": "person"
        },
        {
            "id": 10,
            "label": "Fardoun Karim",
            "type": "person"
        },
        {
            "id": 11,
            "label": "Mukesh Awan's spouse",
            "type": "person"
        },
        {
            "id": 12,
            "label": "Mukesh Awan's brothers (all male)",
            "type": "person"
        },
        {
            "id": 13,
            "label": "Andr Caroline's personal web page",
            "type": "website"
        },
        {
            "id": 14,
            "label": "Andr Caroline",
            "type": "person"
        },
        {
            "id": 15,
            "label": "Andr Caroline's personal website",
            "type": "website"
        },
        {
            "id": 16,
            "label": "Andr Caroline",
            "type": "person"
        },
        {
            "id": 17,
            "label": "Andr Caroline's personal web page",
            "type": "website"
        },
        {
            "id": 18,
            "label": "Debbie Wasserman-Shultz",
            "type": "person"
        },
        {
            "id": 19,
            "label": "Andr Caroline's personal website",
            "type": "website"
        },
        {
            "id": 20,
            "label": "Andr Caroline",
            "type": "person"
        },
        {
            "id": 21,
            "label": "Mukesh Awan's personal web page",
            "type": "website"
        },
        {
            "id": 22,
            "label": "Mukesh Awan",
            "type": "person"
        },
        {
            "id": 23,
            "label": "Andr Caroline",
            "type": "person"
        }
    ],
    "edges": [
        {
            "source": 23,
            "target": 23,
            "relation": "email_address",
            "description": "Imran Awan's email address and 123@mailHOUSE.gov user."
        },
        {
            "source": 23,
            "target": 23,
            "relation": "email_address",
            "description": "The 123 email address used by 123@mailHOUSE.gov users."
        },
        {
            "source": 23,
            "target": 23,
            "relation": "website",
            "description": "The 123 email address was used to create the personal website of Andr Caroline."
        },
        {
            "source": 23,
            "target": 23,
            "relation": "website",
            "description": "The 123 email address was used to create the personal website of Mukesh Awan."
        }
    ]
}