{
    "nodes": [
        {
            "id": 1,
            "label": "Sarah Huckabee Sanders",
            "type": "person"
        },
        {
            "id": 2,
            "label": "White House Press",
            "type": "organization"
        },
        {
            "id": 3,
            "label": "Twitter",
            "type": "website"
        },
        {
            "id": 4,
            "label": "Fox News",
            "type": "organization"
        },
        {
            "id": 5,
            "label": "Newt-Trump Fan Club",
            "type": "organization"
        }
    ],
    "edges": [
        {
            "source": 1,
            "target": 2,
            "relation": "pushed",
            "description": "the White House press"
        },
        {
            "source": 2,
            "target": 3,
            "relation": "used",
            "description": "Twitter"
        },
        {
            "source": 1,
            "target": 4,
            "relation": "used",
            "description": "Fox News"
        },
        {
            "source": 2,
            "target": 5,
            "relation": "used",
            "description": "Newt-Trump Fan Club"
        }
    ]
}