{
    "nodes": [
        {
            "id": 1,
            "label": "President Trump",
            "type": "person"
        },
        {
            "id": 2,
            "label": "Jessica Whitehouse-Dalgarno",
            "type": "organization"
        },
        {
            "id": 3,
            "label": "The Federal Trade Commission",
            "type": "organization"
        },
        {
            "id": 4,
            "label": "Heather Heyer",
            "type": "person"
        },
        {
            "id": 5,
            "label": "FBI Director Christopher Wray",
            "type": "individual"
        },
        {
            "id": 6,
            "label": "Attorney General Jeff Sessions",
            "type": "individual"
        },
        {
            "id": 7,
            "label": "The Last Thing They Want Is a United America",
            "type": "text"
        }
    ],
    "edges": [
        {
            "source": 1,
            "target": 4,
            "relation": "President Trump condemned hate groups today! Yes, it seems the left didn\u2019t hear the president the first time around.",
            "description": "Yes, it seems the left didn\u2019t hear the president ..."
        },
        {
            "source": 1,
            "target": 5,
            "relation": "The President needs their own special speech but they\u2019ll still find something to complain about.",
            "description": "They need their own special speech but they'll still find something to complain about."
        },
        {
            "source": 1,
            "target": 6,
            "relation": "Allowing Trump to be a good guy just doesn\u2019t fit their narrative.",
            "description": "No matter how beautiful the speech was today ..."
        },
        {
            "source": 2,
            "target": 4,
            "relation": "The government will continue the rhetoric against Trump.",
            "description": "The last thing they want is a united America."
        },
        {
            "source": 3,
            "target": 7,
            "relation": "The Last Thing They Want Is a United America",
            "description": "The Last Thing They Want Is a United America"
        }
    ]
}