{
    "nodes": [
        {
            "id": 1,
            "label": "John Brennan",
            "type": "person"
        },
        {
            "id": 2,
            "label": "James Clapper",
            "type": "person"
        },
        {
            "id": 3,
            "label": "Dana Naiman",
            "type": "organization"
        },
        {
            "id": 4,
            "label": "Sammy Ford",
            "type": "person"
        },
        {
            "id": 5,
            "label": "Emily Carter",
            "type": "organization"
        },
        {
            "id": 6,
            "label": "Sarah Miller",
            "type": "person"
        }
    ],
    "edges": [
        {
            "source": 1,
            "target": 2,
            "relation": "exposed to threat",
            "description": "John Brennan exposed Clapper to potential threats"
        },
        {
            "source": 2,
            "target": 3,
            "relation": "informed of truth",
            "description": "Clapper was informed of truth about Trump's false statements"
        },
        {
            "source": 1,
            "target": 5,
            "relation": "spied on Americans",
            "description": "Beneath the radar, they spying on Americans."
        },
        {
            "source": 4,
            "target": 3,
            "relation": "lie to power",
            "description": "Sammy Ford lied under oath to power"
        },
        {
            "source": 2,
            "target": 6,
            "relation": "spied on Americans",
            "description": "Under oath, they lied about the NSA surveillance."
        }
    ]
}