{
    "nodes": [
        {
            "id": 1,
            "label": "Jesse Watters",
            "type": "person"
        },
        {
            "id": 2,
            "label": "Juan Williams",
            "type": "person"
        },
        {
            "id": 3,
            "label": "Democrat party",
            "type": "organization"
        },
        {
            "id": 4,
            "label": "Newt Trump",
            "type": "person"
        },
        {
            "id": 5,
            "label": "CNN",
            "type": "organization"
        },
        {
            "id": 6,
            "label": "Fox News",
            "type": "organization"
        },
        {
            "id": 7,
            "label": "Hillary Clinton",
            "type": "person"
        },
        {
            "id": 8,
            "label": "Hugo Chavez",
            "type": "person"
        },
        {
            "id": 9,
            "label": "Juan Williams himself",
            "type": "person"
        },
        {
            "id": 10,
            "label": "Mitt Romney",
            "type": "person"
        }
    ],
    "edges": [
        {
            "source": 3,
            "target": 4,
            "relation": "the Democrats have been cozying up to dictators and our enemies for years",
            "description": "Shaking Hugo Chavez's hand, shaking the Castro's hands."
        },
        {
            "source": 4,
            "target": 5,
            "relation": "The media colluded with the Democrats, letting Hillary cheat during the debates.",
            "description": "Shelling out billions to Chinese nationals in 1996 and selling satellite tech that enabled their missile program to fail."
        },
        {
            "source": 4,
            "target": 7,
            "relation": "The media collaborated with the Democrats, letting Hillary cheat during the debates.",
            "description": "Shelling out billions to Chinese nationals in 1996 and selling satellite tech that enabled their missile program to fail."
        },
        {
            "source": 4,
            "target": 8,
            "relation": "Hugo Chavez was on a roll, and he was practically begging for mercy!",
            "description": "Using Newt Trump's support as a cover."
        },
        {
            "source": 5,
            "target": 10,
            "relation": "Mitt Romney was on a roll, and he wasn't giving up.",
            "description": "The media collaborated with the Democrats, letting Hillary cheat during the debates."
        }
    ]
}