{
    "nodes": [
        {
            "id": 1,
            "label": "Scott Presler",
            "type": "Person",
            "attributes": {
                "name": "Scott Presler"
            }
        },
        {
            "id": 2,
            "label": "Phoenix rally",
            "type": "Location",
            "attributes": {
                "year_and_month": [
                    "2017-08-23"
                ],
                "month": "August",
                "day": "23"
            },
            "description": "The rally took place on August 23rd, 2017."
        },
        {
            "id": 3,
            "label": "US Marines",
            "type": "Organization",
            "attributes": {
                "name": "US Marines"
            },
            "description": "Arrived in Phoenix to greet President Trump."
        }
    ],
    "edges": [
        {
            "source": 1,
            "target": 2,
            "relation": "the text that connects Scott Presler to the Phoenix rally.",
            "description": "Scott Presler is a prominent supporter of Donald J. Trump who attended his August 23, 2017, presidential rally in Phoenix."
        },
        {
            "source": 1,
            "target": 3,
            "relation": "the text that connects Scott Presler to the US Marines.",
            "description": "Scott Presler chanted Peace and Love during a rally where the US Marines were present."
        }
    ]
}