{
    "nodes": [
        {
            "id": 1,
            "label": "Ann Coulter",
            "type": "person"
        },
        {
            "id": 2,
            "label": "Donald Trump",
            "type": "person"
        },
        {
            "id": 3,
            "label": "Delta Employees (organization)",
            "type": "organization"
        },
        {
            "id": 4,
            "label": "Stasi Policeman",
            "type": "organization"
        }
    ],
    "edges": [
        {
            "source": 1,
            "target": 2,
            "relation": "Person - Person",
            "description": "Coulter and Trump are two people mentioned in the text."
        },
        {
            "source": 3,
            "target": 4,
            "relation": "Employee - Organization",
            "description": "Delta Employees provided the seat to Coulter."
        }
    ]
}