{
    "nodes": [
        {
            "id": 1,
            "label": "person",
            "type": "person"
        },
        {
            "id": 2,
            "label": "person",
            "type": "person"
        },
        {
            "id": 3,
            "label": "location",
            "type": "location"
        },
        {
            "id": 4,
            "label": "person",
            "type": "person"
        },
        {
            "id": 5,
            "label": "person",
            "type": "person"
        }
    ],
    "edges": [
        {
            "source": 1,
            "target": 2,
            "relation": "person:person relationship",
            "description": "Helen Agbapuruonwu and Fidelis Agbapuruonwu are the mother of four."
        },
        {
            "source": 1,
            "target": 4,
            "relation": "person:person relationship",
            "description": "The woman is the mother of her husband, Fidelis Agbapuruonwu."
        },
        {
            "source": 1,
            "target": 5,
            "relation": "person:person relationship",
            "description": "Fidelis Agbapuruonwu is the husband of Helen Agbapuruonwu."
        },
        {
            "source": 2,
            "target": 4,
            "relation": "person:person relationship",
            "description": "The woman has a child with her husband, Fidelis Agbapuruonwu."
        },
        {
            "source": 3,
            "target": 5,
            "relation": "organization:person relation",
            "description": "Helen and Fidelis have received the Paul & Daisy Soros Fellowship for New Americans, which offers $90,000 for two years of graduate education."
        },
        {
            "source": 4,
            "target": 5,
            "relation": "person:organization",
            "description": "Fidelis is a professional relationship at Mayer Brown, the firm where he previously worked as a lawyer."
        }
    ]
}