{
    "nodes": [
        {
            "id": 1,
            "label": "",
            "type": "text"
        },
        {
            "id": 2,
            "label": "about Trump supporters and their opposition to Trump",
            "type": "person"
        }
    ],
    "edges": [
        {
            "source": 1,
            "target": 2,
            "relation": "about Trump supporters and their opposition to Trump",
            "description": "The relationship between the two events as depicted in the text."
        }
    ]
}