{
    "nodes": [
        {
            "id": 1,
            "label": "Donald Trump Jr.",
            "type": "person"
        },
        {
            "id": 2,
            "label": "Johnny Depp",
            "type": "person"
        },
        {
            "id": 3,
            "label": "Disney",
            "type": "organization"
        },
        {
            "id": 4,
            "label": "Dianne Feinstein",
            "type": "person"
        }
    ],
    "edges": [
        {
            "source": 1,
            "target": 2,
            "relation": "replied_to",
            "description": "Responded to Johnny Depp's assassination joke"
        },
        {
            "source": 1,
            "target": 3,
            "relation": "called_for_action",
            "description": "Called for Disney to fire Johnny Depp"
        },
        {
            "source": 1,
            "target": 4,
            "relation": "mentioned",
            "description": "Mentioned Senator Dianne Feinstein in a tweet"
        }
    ]
}