{
    "nodes": [
        {
            "id": 1,
            "label": "American people",
            "type": "group"
        },
        {
            "id": 2,
            "label": "Trump",
            "type": "person"
        },
        {
            "id": 3,
            "label": "White House",
            "type": "organization"
        },
        {
            "id": 4,
            "label": "Facebook",
            "type": "platform"
        },
        {
            "id": 5,
            "label": "Betsy DeVos",
            "type": "person"
        },
        {
            "id": 6,
            "label": "Library of Congress",
            "type": "organization"
        },
        {
            "id": 7,
            "label": "Newt Gingrich",
            "type": "person"
        },
        {
            "id": 8,
            "label": "Parker Molloy",
            "type": "person"
        }
    ],
    "edges": [
        {
            "source": 1,
            "target": 2,
            "relation": "criticizes",
            "description": "Trump's assault on decency, liberties, and intelligence"
        },
        {
            "source": 2,
            "target": 3,
            "relation": "employs",
            "description": "crack team over at the White House"
        },
        {
            "source": 3,
            "target": 4,
            "relation": "uses",
            "description": "Facebook page"
        },
        {
            "source": 2,
            "target": 5,
            "relation": "employs",
            "description": "as Secretary of Education"
        },
        {
            "source": 6,
            "target": 7,
            "relation": "honors",
            "description": "Trump's inauguration"
        }
    ]
}