{
    "nodes": [
        {
            "id": 1,
            "label": "Elizabeth Warren",
            "type": "person"
        },
        {
            "id": 2,
            "label": "CNN",
            "type": "organization"
        },
        {
            "id": 3,
            "label": "ALX",
            "type": "individual"
        },
        {
            "id": 4,
            "label": "Maxine Waters",
            "type": "person"
        },
        {
            "id": 5,
            "label": "Paul Ryan",
            "type": "individual"
        }
    ],
    "edges": [
        {
            "source": 1,
            "target": 2,
            "relation": "direct interaction between Elizabeth Warren and CNN",
            "description": "Elizabeth Warren interacted directly with CNN on Twitter."
        },
        {
            "source": 4,
            "target": 5,
            "relation": "directly interacting in a political context",
            "description": "Maxine Waters was involved in a debate with Paul Ryan."
        }
    ]
}