{
    "nodes": [
        {
            "id": 1,
            "label": "George Soros",
            "type": "person"
        },
        {
            "id": 2,
            "label": "Open Society Policy Center",
            "type": "organization"
        },
        {
            "id": 3,
            "label": "Hungary",
            "type": "location"
        },
        {
            "id": 4,
            "label": "Charlerud",
            "type": "location"
        },
        {
            "id": 5,
            "label": "Soros's advocacy arm",
            "type": "organization"
        },
        {
            "id": 6,
            "label": "Lobbings of George Soros",
            "type": "organization"
        }
    ],
    "edges": [
        {
            "source": 1,
            "target": 2,
            "relation": "the organization provided support for George Soros's actions",
            "description": "George Soros was part of Open Society Policy Center, which provided financial backing for his lobbying efforts."
        },
        {
            "source": 1,
            "target": 5,
            "relation": "Soros's advocacy arm's activities have influenced government policies targeting foreign-funded organizations.",
            "description": "George Soros and the Open Society Policy Center have been involved in supporting foreign policy aimed at controlling Hungarian groups."
        },
        {
            "source": 3,
            "target": 4,
            "relation": "Hungary's laws have affected George Soros's political actions",
            "description": " Hungary's Foreign Funded Organizations in Expertise Act (LexNGo) targeted democratic speech influenced by Soros."
        }
    ]
}