{
    "nodes": [
        {
            "id": 1,
            "label": "North Korea",
            "type": "organization"
        },
        {
            "id": 2,
            "label": "The United States",
            "type": "organization"
        },
        {
            "id": 3,
            "label": "Jim Mattis",
            "type": "General Secretary"
        }
    ],
    "edges": [
        {
            "source": 1,
            "target": 3,
            "relation": "the Defense Secretary Jim Mattis made a statement that could be what resonated with NoKo",
            "description": "He gave a quick statement indicating whether North Korea should fire missiles at Guam or not."
        },
        {
            "source": 2,
            "target": 1,
            "relation": "the Defense Secretary Jim Mattis made a statement that could be what resonated with NoKo",
            "description": "He provided a quick statement indicating whether North Korea should fire missiles at Guam or not."
        },
        {
            "source": 2,
            "target": 3,
            "relation": "the Defense Secretary Jim Mattis made statements about U.S. threats and potential escalation to war with the United States",
            "description": "He said that if North Korea fires missiles at the United States, it could escalate into war very quickly."
        }
    ]
}