{
    "nodes": [
        {
            "id": 1,
            "label": "Hillary Rodham Clinton",
            "type": "person"
        },
        {
            "id": 2,
            "label": "Mark Steyn",
            "type": "person"
        },
        {
            "id": 3,
            "label": "New York, New York",
            "type": "location"
        },
        {
            "id": 4,
            "label": "Tenzing Norgay",
            "type": "organization"
        }
    ],
    "edges": [
        {
            "source": 1,
            "target": 2,
            "relation": "\u4eba\u7269\u4e3a\u5386\u53f2\u4eba\u7269",
            "description": " Hillary Rodham Clinton \u662f Bill Clinton \u7684\u524d\u59bb\u3002\u5979\u4e8e1953\u5e7410\u670824\u65e5\u79bb\u5f00\u7f8e\u56fd\uff0c\u6210\u4e3a\u7f8e\u56fd\u56fd\u5bb6\u4e3b\u5e2d\u3002"
        },
        {
            "source": 1,
            "target": 3,
            "relation": "\u4eba\u7269\u4e3a\u5386\u53f2\u4eba\u7269",
            "description": " Hillary Rodham Clinton \u662f Bill Clinton \u7684\u524d\u59bb\u3002\u5979\u4e8e1953\u5e7410\u670824\u65e5\u79bb\u5f00\u7f8e\u56fd\uff0c\u6210\u4e3a\u7f8e\u56fd\u56fd\u5bb6\u4e3b\u5e2d\u3002"
        },
        {
            "source": 1,
            "target": 4,
            "relation": "\u4eba\u7269\u4e3a\u5386\u53f2\u4eba\u7269",
            "description": " Hillary Rodham Clinton \u662f Bill Clinton \u7684\u524d\u59bb\u3002\u5979\u4e8e1953\u5e7410\u670824\u65e5\u79bb\u5f00\u7f8e\u56fd\uff0c\u6210\u4e3a\u7f8e\u56fd\u56fd\u5bb6\u4e3b\u5e2d\u3002"
        },
        {
            "source": 2,
            "target": 3,
            "relation": "\u4eba\u7269\u4e3a\u5386\u53f2\u4eba\u7269",
            "description": " Mark Steyn \u662f Bill Clinton \u7684\u524d\u592b\uff0c\u5e76\u56e0\u5bf9\u5e2d\u52d2\u7684\u6545\u4e8b\u611f\u5230\u6124\u6012\u800c\u53d7\u5230\u6307\u8d23\u3002"
        }
    ]
}