{
    "nodes": [
        {
            "id": 1,
            "label": "Trump",
            "type": "person"
        },
        {
            "id": 2,
            "label": "North Korea",
            "type": "location"
        },
        {
            "id": 3,
            "label": "U.S.",
            "type": "organization"
        },
        {
            "id": 4,
            "label": "South Korea",
            "type": "location"
        },
        {
            "id": 5,
            "label": "Taiwan",
            "type": "location"
        }
    ],
    "edges": [
        {
            "source": 1,
            "target": 2,
            "relation": "a person is involved in a military strike",
            "description": "Trump expressed his concerns about the U.S.-associated North Korean military activity."
        },
        {
            "source": 3,
            "target": 4,
            "relation": "the relationship between the U.S. and North Korea in strategic matters",
            "description": "U.S.-associated officials claim to have observed North Korean military operations during China's influence."
        },
        {
            "source": 1,
            "target": 5,
            "relation": "the ongoing competition over Taiwan and U.S.-associated forces",
            "description": "The tension between the U.S. government and South Korea has led to numerous tense relationships on the Taiwan Strait."
        }
    ]
}