{
    "nodes": [
        {
            "id": 1,
            "label": "Donald J. Trump",
            "type": "person"
        },
        {
            "id": 2,
            "label": "Donalii Prebus",
            "type": "person"
        },
        {
            "id": 3,
            "label": "John F. Kelly",
            "type": "person"
        },
        {
            "id": 4,
            "label": "Anthony S. Scaramucci",
            "type": "person"
        },
        {
            "id": 5,
            "label": "Kimberly Guilfoyle",
            "type": "person"
        },
        {
            "id": 6,
            "label": "Sean Spicer",
            "type": "person"
        }
    ],
    "edges": [
        {
            "source": 1,
            "target": 2,
            "relation": "Donald J. Trump and Donalii Prebus have worked together in the context of political operations.",
            "description": "They co-worked on issues related to Donald J. Trump's campaign."
        },
        {
            "source": 1,
            "target": 3,
            "relation": "Donald J. Trump was appointed as White House Chief of Staff after John F. Kelly's departure.",
            "description": "Kelly stepped down, leading to Trump's new role as White House Chief of Staff."
        },
        {
            "source": 1,
            "target": 4,
            "relation": "Donald J. Trump's predecessor, Donalii Prebus, was removed from the White House due to his political misconduct.",
            "description": "Prebus was re-elected and later replaced by Kelly as White House Chief of Staff."
        },
        {
            "source": 1,
            "target": 5,
            "relation": "Donald J. Trump reportedly mentioned in a discussion regarding Donalii Prebus' situation.",
            "description": "Guilfoyle's remarks indicated that Donalii Prebus was facing significant political challenges."
        },
        {
            "source": 1,
            "target": 6,
            "relation": "Donald J. Trump has personally expressed support for Sean Spicer, his former press secretary.",
            "description": "Spicer and Trump have worked together on various domestic and international issues."
        }
    ]
}