{
    "nodes": [
        {
            "id": 1,
            "label": "Sara Carter of Circa News",
            "type": "person"
        },
        {
            "id": 2,
            "label": "H.R. McMaster",
            "type": "person"
        },
        {
            "id": 3,
            "label": "Andrew McCabe",
            "type": "person"
        },
        {
            "id": 4,
            "label": "white house internal information",
            "type": "person"
        },
        {
            "id": 5,
            "label": "Terry McAuliffe",
            "type": "person"
        },
        {
            "id": 6,
            "label": "Hilary Clinton",
            "type": "person"
        }
    ],
    "edges": [
        {
            "source": 1,
            "target": 2,
            "relation": " journalist",
            "description": "Sara Carter is reporting on H.R. McMaster communicating White House internal information."
        },
        {
            "source": 3,
            "target": 4,
            "relation": "investigating: sources say...",
            "description": "H.R. McMaster communicates WH internal politics to FBI Director Andrew McCabe."
        },
        {
            "source": 5,
            "target": 6,
            "relation": "person",
            "description": "Terry McAuliffe and Hilary Clinton are involved with H.R. McMaster's campaign."
        }
    ]
}