{
    "nodes": [
        {
            "id": 1,
            "label": "Senators",
            "type": "person"
        },
        {
            "id": 2,
            "label": "Susan Collins",
            "type": "person"
        },
        {
            "id": 3,
            "label": "Jack Reed",
            "type": "person"
        },
        {
            "id": 4,
            "label": "Blake Farenthold",
            "type": "person"
        },
        {
            "id": 5,
            "label": "Aaron Burr",
            "type": "person"
        },
        {
            "id": 6,
            "label": "Alexander Hamilton",
            "type": "person"
        },
        {
            "id": 7,
            "label": "Transportation, Housing, Urban Development, and Related Agencies Appropriations Act of 2018",
            "type": "organization"
        }
    ],
    "edges": [
        {
            "source": 1,
            "target": 4,
            "relation": "Reed points out Farenthold's remarks",
            "description": "Refers to a 1804 duel between Aaron Burr and Alexander Hamilton, which resulted in Hamilton's death."
        }
    ]
}