{
    "nodes": [
        {
            "id": 1,
            "label": "Devin Nunes",
            "type": "person"
        },
        {
            "id": 2,
            "label": "Christopher Steele",
            "type": "person"
        },
        {
            "id": 3,
            "label": "George Papadopoulos",
            "type": "person"
        },
        {
            "id": 4,
            "label": "Hillary Clinton",
            "type": "person"
        },
        {
            "id": 5,
            "label": "Alexander Downer",
            "type": "person"
        },
        {
            "id": 6,
            "label": "Robert Mueller",
            "type": "person"
        },
        {
            "id": 7,
            "label": "Donald Trump",
            "type": "person"
        },
        {
            "id": 8,
            "label": "Abdel Fattah el-Sisi",
            "type": "person"
        }
    ],
    "edges": [
        {
            "source": 1,
            "target": 2,
            "relation": "related_to",
            "description": "Assumed the Christopher Steele-dossier started the Russia investigation"
        },
        {
            "source": 3,
            "target": 2,
            "relation": "revealed_info_about",
            "description": "Revealed knowledge of Russian opposition research on Hillary Clinton in a wine bar"
        },
        {
            "source": 3,
            "target": 6,
            "relation": "cooperated_with",
            "description": "Pleaded guilty to lying to the FBI and became a cooperating witness with Special Counsel Robert Mueller's team"
        },
        {
            "source": 5,
            "target": 4,
            "relation": "shared_info_about",
            "description": "Passed information about Papadopoulos' revelation to American counterparts"
        }
    ]
}