{
    "nodes": [
        {
            "id": 1,
            "label": "Obama",
            "type": "person"
        },
        {
            "id": 2,
            "label": "Wendell Weeks",
            "type": "person"
        },
        {
            "id": 3,
            "label": "Corning Glass",
            "type": "organization"
        }
    ],
    "edges": [
        {
            "source": 1,
            "target": 2,
            "relation": "The text describes the relationship between Obama and Wendell Weeks",
            "description": "Obama was exercising while in the video with other business leaders, including Wendell Weeks."
        },
        {
            "source": 1,
            "target": 3,
            "relation": "Corning Glass used their specialty glass called Valor Glass",
            "description": "Corning Glass was involved in testing the new glass product."
        }
    ]
}