{
    "nodes": [
        {
            "id": 1,
            "label": "Anthony Scaramucci",
            "type": "person"
        },
        {
            "id": 2,
            "label": "Donald Trump",
            "type": "person"
        },
        {
            "id": 3,
            "label": "Sean Spicer",
            "type": "leader"
        },
        {
            "id": 4,
            "label": "Elizabeth Warren",
            "type": "political_figure"
        },
        {
            "id": 5,
            "label": "hedge fund manager",
            "type": "organization"
        }
    ],
    "edges": [
        {
            "source": 1,
            "target": 2,
            "relation": "directly interacted",
            "description": "Anthony Scaramucci delivered comments in response to Trump's attack on hedge fund managers."
        },
        {
            "source": 1,
            "target": 3,
            "relation": "appeared again after explaining his position",
            "description": "Anthony Scaramucci appeared again on FOX Business Network to explain his remarks about Donald J. Trump."
        },
        {
            "source": 2,
            "target": 4,
            "relation": "talking about tax reform",
            "description": "Donald Trump spoke about tax reform to help hedge fund managers pay fair taxes."
        }
    ]
}