{
    "nodes": [
        {
            "id": 1,
            "label": "Trump supporters",
            "type": "person"
        },
        {
            "id": 2,
            "label": "CNN reporter",
            "type": "reporter"
        },
        {
            "id": 3,
            "label": " Texan volunteers",
            "type": "location"
        },
        {
            "id": 4,
            "label": "Jeff Zeleny",
            "type": "person"
        },
        {
            "id": 5,
            "label": "Antifa",
            "type": "organization"
        },
        {
            "id": 6,
            "label": "The Daily Caller",
            "type": "organization"
        },
        {
            "id": 7,
            "label": "Daily Caller reporter @CNN",
            "type": "person"
        },
        {
            "id": 8,
            "label": "Statman",
            "type": "person"
        }
    ],
    "edges": [
        {
            "source": 1,
            "target": 2,
            "relation": "Trump supporters trolled a CNN reporter",
            "description": " claims that Trump supporters troll a CNN reporter"
        },
        {
            "source": 1,
            "target": 3,
            "relation": " Texan volunteers called for CNN to be real news",
            "description": " Texan volunteers called for CNN to be real news"
        },
        {
            "source": 4,
            "target": 5,
            "relation": "Jeff Zeleny was bombarded by Trump supporters during a live spot",
            "description": " Jeff Zeleny was bombarded by Trump supporters during a live spot"
        },
        {
            "source": 4,
            "target": 7,
            "relation": " Jeff Zeleny was off camera heckled",
            "description": " Jeff Zeleny was off camera heckled"
        },
        {
            "source": 5,
            "target": 6,
            "relation": " CNN has beenHammered by the people in Texas",
            "description": " CNN has beenHammered by the people in Texas"
        },
        {
            "source": 6,
            "target": 8,
            "relation": " Statman was stranded for days with young children without help",
            "description": " Statman was stranded for days with young children without help"
        }
    ]
}