{
    "nodes": [
        {
            "id": 1,
            "label": "Sister Simone Campbell",
            "type": "person"
        },
        {
            "id": 2,
            "label": "Nuns on a Bus",
            "type": "organization"
        },
        {
            "id": 3,
            "label": "The Hill",
            "type": "media"
        },
        {
            "id": 4,
            "label": "Trumpcare",
            "type": "policy"
        }
    ],
    "edges": [
        {
            "source": 1,
            "target": 3,
            "relation": "writes_op_ed",
            "description": "Sister Simone Campbell wrote an op-ed for The Hill"
        },
        {
            "source": 1,
            "target": 2,
            "relation": "leads",
            "description": "Sister Simone Campbell leads Nuns on a Bus"
        },
        {
            "source": 3,
            "target": 4,
            "relation": "covers",
            "description": "The Hill covers Trumpcare"
        }
    ]
}