{
    "nodes": [
        {
            "id": 1,
            "label": "Mark Dice",
            "type": "person"
        },
        {
            "id": 2,
            "label": "Chevy Chase",
            "type": "person"
        },
        {
            "id": 3,
            "label": "Stephen Colbert",
            "type": "person"
        },
        {
            "id": 4,
            "label": "Jimmy Kimmel",
            "type": "person"
        },
        {
            "id": 5,
            "label": "Gerald Ford",
            "type": "person"
        },
        {
            "id": 6,
            "label": "Jimmy Carter",
            "type": "person"
        }
    ],
    "edges": [
        {
            "source": 1,
            "target": 2,
            "relation": "person's role in political influence on viewers",
            "description": "Mark Dice explores the influence of comedians on their viewers when it comes to pushing their political views."
        },
        {
            "source": 2,
            "target": 2,
            "relation": "self-referential claim about political stance and position",
            "description": "Chevy Chase admits to using his position as a writer for SNL to push his liberal propaganda down the throats of unsuspecting viewers, he s actually quite arrogant about the power he believed he had over his fans on SNL."
        },
        {
            "source": 2,
            "target": 1,
            "relation": "self-referential claim about political stance and position",
            "description": "Mark Dice goes on to expose and destroy the credibility of modern day comedians/propagandists Stephen Colbert and Jimmy Kimmel."
        },
        {
            "source": 3,
            "target": 1,
            "relation": " reporter questions claims made by someone else about political stance",
            "description": "The reporter asks, 'Wait a minute! You mean to tell me that in the back of your mind you were thinking, \"Hey I want Carter and I m gonna make him [Ford] look bad?\" Chase, who seemed very pleased with his arrogant self bragged...'"
        },
        {
            "source": 1,
            "target": 6,
            "relation": "person's role in political influence on viewers",
            "description": "Mark Dice uses his position as a writer for SNL to push his liberal propaganda down the throats of unsuspecting viewers."
        }
    ]
}