{
    "nodes": [
        {
            "id": 1,
            "label": "Coppergate Elementary School",
            "type": "location"
        },
        {
            "id": 2,
            "label": "Isaac Davis",
            "type": "person"
        },
        {
            "id": 3,
            "label": "Nate Helmath",
            "type": "person"
        }
    ],
    "edges": [
        {
            "source": 1,
            "target": 2,
            "relation": "safety patrol: safety patrol: safety patrol...",
            "description": "Two Florida elementary school students are being praised for their show of respect for the American flag despite the pouring rain."
        },
        {
            "source": 1,
            "target": 3,
            "relation": "safety patrol: safety patrol: safety patrol...",
            "description": "Two Florida elementary school students are being praised for their show of respect for the American flag despite the pouring rain."
        }
    ]
}