{
    "nodes": [
        {
            "id": 1,
            "label": "Susan Bro",
            "type": "person"
        },
        {
            "id": 2,
            "label": "Heatley Kornblum",
            "type": "person"
        },
        {
            "id": 3,
            "label": "David H. Johnson",
            "type": "person"
        },
        {
            "id": 4,
            "label": "Matthew J. Jones",
            "type": "person"
        },
        {
            "id": 5,
            "label": "Sarah M. Johnson",
            "type": "person"
        },
        {
            "id": 6,
            "label": "Dr. Mary M. Johnson",
            "type": "organization"
        },
        {
            "id": 7,
            "label": "Dr. John D. Smith",
            "type": "organization"
        },
        {
            "id": 8,
            "label": "Charter Name",
            "type": "location"
        },
        {
            "id": 9,
            "label": "Washington, D.C.",
            "type": "location"
        }
    ],
    "edges": [
        {
            "source": 1,
            "target": 2,
            "relation": "mother_of",
            "description": "Susan Bro is the mother of Heatley Kornblum."
        },
        {
            "source": 2,
            "target": 3,
            "relation": "mother_of",
            "description": "Heatley Kornblum is the mother of David H. Johnson."
        },
        {
            "source": 4,
            "target": 5,
            "relation": "mother_of",
            "description": "Sarah M. Johnson is the mother of Matthew J. Jones."
        },
        {
            "source": 6,
            "target": 7,
            "relation": "mother_of",
            "description": "Dr. Mary M. Johnson is the mother of Dr. John D. Smith."
        }
    ]
}