{
    "nodes": [
        {
            "id": 1,
            "label": "#BLAM supporters",
            "type": "supporter"
        },
        {
            "id": 2,
            "label": "Media coverage of BLM efforts",
            "type": "media"
        },
        {
            "id": 3,
            "label": "Legal suit filed by BLM leaders",
            "type": "legal suit"
        },
        {
            "id": 4,
            "label": "Long shooter committed the shooting (29-year-old)",
            "type": "person"
        },
        {
            "id": 5,
            "label": "DeRay Mckesson, a civil rights activist",
            "type": "supporter"
        }
    ],
    "edges": [
        {
            "source": 1,
            "target": 3,
            "relation": "liability and responsibility",
            "description": "Legal suit reflects responsibility towards rioting behavior."
        },
        {
            "source": 2,
            "target": 4,
            "relation": "intervention through note",
            "description": "Media coverage indicates a statement or intention directed at the shooter."
        },
        {
            "source": 3,
            "target": 5,
            "relation": "involvement in actions and rioting",
            "description": "Legal suit reflects legal responsibility towards anti-bad cops actions."
        }
    ]
}