{
    "nodes": [
        {
            "id": 1,
            "label": "US",
            "type": "country"
        },
        {
            "id": 2,
            "label": "Penthouse",
            "type": "building"
        },
        {
            "id": 3,
            "label": "China",
            "type": "country"
        },
        {
            "id": 4,
            "label": "North Korea",
            "type": "person"
        }
    ],
    "edges": [
        {
            "source": 1,
            "target": 2,
            "relation": "connection to Pentagon building (Penthouse)",
            "description": " mention of Bill Clinton and Obama's foreign policy"
        },
        {
            "source": 1,
            "target": 4,
            "relation": "nuclear capabilities from North Korea",
            "description": " President Trump's statements about nuclear warheads"
        },
        {
            "source": 2,
            "target": 4,
            "relation": "deal with Clinton and Obama",
            "description": " mention of the deal by Bill Clinton and the idiocy of Obama"
        },
        {
            "source": 3,
            "target": 4,
            "relation": "\u4e2d\u56fd\u6838\u6269\u6563",
            "description": " report on Chinese involvement in North Korea's nuclear capabilities"
        },
        {
            "source": 1,
            "target": 4,
            "relation": "control over nuclear weapons by Kim Jong Un",
            "description": " US data showing control of many nuclear weapons via North Korean leader"
        },
        {
            "source": 2,
            "target": 4,
            "relation": "missile launches and sanctions",
            "description": " sanctions imposed on North Korea for launching intercontinental ballistic missiles"
        }
    ]
}