{
    "nodes": [
        {
            "id": 1,
            "label": "Author J.K. Rowling",
            "type": "person"
        },
        {
            "id": 2,
            "label": "Book Author (Harry Potter)",
            "type": "organization"
        },
        {
            "id": 3,
            "label": "Person",
            "type": "location"
        }
    ],
    "edges": [
        {
            "source": 1,
            "target": 2,
            "relation": "responded to",
            "description": "Author J.K. Rowling addressed the book author (Harry Potter) on social media."
        },
        {
            "source": 1,
            "target": 3,
            "relation": "criticized",
            "description": "Author J.K. Rowling criticized President Donald Trump for not respecting her disabled son and ignoring his outlandish actions."
        }
    ]
}