{
    "nodes": [
        {
            "id": 1,
            "label": "Bill Clinton",
            "type": "person"
        },
        {
            "id": 2,
            "label": "Trump",
            "type": "president"
        },
        {
            "id": 3,
            "label": "North Korea",
            "type": "organization"
        },
        {
            "id": 4,
            "label": "South Korea",
            "type": "location"
        }
    ],
    "edges": [
        {
            "source": 1,
            "target": 2,
            "relation": "presidentage",
            "description": "Trump could resolve North Korea's nuclear threat."
        },
        {
            "source": 3,
            "target": 4,
            "relation": "nuclear_crisisSituation",
            "description": "North Korea now has a nuclear threat affecting the U.S."
        }
    ]
}