{
    "nodes": [
        {
            "id": 1,
            "label": "Hillary Clinton",
            "type": "person"
        },
        {
            "id": 2,
            "label": "The U.S. government",
            "type": "government"
        },
        {
            "id": 3,
            "label": "The FBI",
            "type": "government"
        },
        {
            "id": 4,
            "label": "The Department of State",
            "type": "government"
        },
        {
            "id": 5,
            "label": "The National Security Agency",
            "type": "agency"
        },
        {
            "id": 6,
            "label": "The 2012 Benghazi attacks",
            "type": "event"
        }
    ],
    "edges": [
        {
            "source": 1,
            "target": 2,
            "relation": "the U.S. government is the source of information on this case",
            "description": "This information pertains to the 2012 Benghazi attacks and Hillary Clinton"
        },
        {
            "source": 2,
            "target": 3,
            "relation": "The FBI is responsible for investigating data related to the case",
            "description": "This information pertains to the investigation of the 2012 Benghazi attacks and Hillary Clinton"
        },
        {
            "source": 3,
            "target": 4,
            "relation": "The National Security Agency is involved in providing information on the case",
            "description": "This information pertains to the investigation of the 2012 Benghazi attacks and Hillary Clinton"
        },
        {
            "source": 4,
            "target": 5,
            "relation": "The Department of State handles data requests for this case",
            "description": "This information pertains to the handling of data related to the 2012 Benghazi attacks"
        }
    ]
}