{
    "nodes": [
        {
            "id": 1,
            "label": "Ayyadurai",
            "type": "person"
        },
        {
            "id": 2,
            "label": "Warren",
            "type": "person"
        },
        {
            "id": 3,
            "label": "Shiva Ayyadurai",
            "type": "person"
        },
        {
            "id": 4,
            "label": "CytoSolve",
            "type": "organization"
        },
        {
            "id": 5,
            "label": "DSCC Women's Senate Network",
            "type": "organization"
        },
        {
            "id": 6,
            "label": "Hillary Clinton",
            "type": "person"
        }
    ],
    "edges": [
        {
            "source": 1,
            "target": 2,
            "relation": "Ayyadurai sends a message to Warren via DNA evidence.",
            "description": "Ayyadurai communicates with Warren about his potential victory through DNA evidence."
        },
        {
            "source": 2,
            "target": 3,
            "relation": "Shiva Ayyadurai is running for the Senate.",
            "description": "Shiva Ayyadurai begins his campaign to seek political office."
        },
        {
            "source": 4,
            "target": 5,
            "relation": "Warren is involved in the DSCC Women's Senate Network effort and promotes education related to political careers.",
            "description": "Warren engages with the DSCC Women's Senate Network, promoting policies that encourage women in politics."
        },
        {
            "source": 1,
            "target": 6,
            "relation": "Ayyadurai writes a personal message to Warren about her connection to Hillary and her campaign.",
            "description": "Ayyadurai shares a personal note about her relationship with Hillary and her political career."
        }
    ]
}