{
    "nodes": [
        {
            "id": 1,
            "label": "Allison Camerota",
            "type": "person"
        },
        {
            "id": 2,
            "label": "Democrats (Frankly, Camerota)",
            "type": "organization"
        },
        {
            "id": 3,
            "label": "Republicans (Cruz)",
            "type": "organization"
        },
        {
            "id": 4,
            "label": "Sandy Hook Foundation",
            "type": "organization"
        }
    ],
    "edges": [
        {
            "source": 1,
            "target": 2,
            "relation": "voted for a bill that aimed to help the Sandy Hook victims",
            "description": "Allison Camerota voted on a bill intended to support the Sandy Hook shooting victims."
        },
        {
            "source": 1,
            "target": 3,
            "relation": "voted against a bill with unintended political implications",
            "description": "Allison Camerota voted against a $50 billion bill meant for disaster relief but had unrelated political motives."
        },
        {
            "source": 2,
            "target": 3,
            "relation": "voted against the bill intended to help Sandy's victims",
            "description": "Democrats (Frankly, Camerota) voted against the $50 billion bill for Sandy relief."
        }
    ]
}