{
    "nodes": [
        {
            "id": 1,
            "label": "this woman",
            "type": "person"
        },
        {
            "id": 2,
            "label": "fact-checkers",
            "type": "organization"
        },
        {
            "id": 3,
            "label": "prosecutors",
            "type": "organization"
        },
        {
            "id": 4,
            "label": "ST. CLAIR Housing Commission",
            "type": "organization"
        },
        {
            "id": 5,
            "label": "household purchase",
            "type": "event"
        }
    ],
    "edges": [
        {
            "source": 1,
            "target": 2,
            "relation": "fact-checkers worked with the woman in her case",
            "description": "Fact-checkers collaborated closely with the woman during her plea bargain case."
        },
        {
            "source": 1,
            "target": 3,
            "relation": "the woman interacted with fact-checkers and prosecutors",
            "description": "The woman worked closely with both fact-checkers and prosecutors in the case."
        },
        {
            "source": 1,
            "target": 4,
            "relation": "the woman interacted with the ST. CLAIR Housing Commission",
            "description": "The woman was involved directly with the housing commission during her case."
        },
        {
            "source": 2,
            "target": 4,
            "relation": "fact-checkers worked with the ST. CLAIR Housing Commission",
            "description": "Fact-checkers collaborated closely with the housing commission administration of low-income housing."
        }
    ]
}