{
    "nodes": [
        {
            "id": 1,
            "label": "Donald Trump",
            "type": "person"
        },
        {
            "id": 2,
            "label": "Ainsley Earhardt",
            "type": "person"
        },
        {
            "id": 3,
            "label": "James Comey",
            "type": "person"
        },
        {
            "id": 4,
            "label": "Fox News",
            "type": "organization"
        },
        {
            "id": 5,
            "label": "Bloomberg",
            "type": "organization"
        },
        {
            "id": 6,
            "label": "Georgetown University",
            "type": "location"
        }
    ],
    "edges": [
        {
            "source": 1,
            "target": 2,
            "relation": "interviewed",
            "description": "Donald Trump interviewed by Ainsley Earhardt on Fox News"
        },
        {
            "source": 1,
            "target": 3,
            "relation": "had_conversation",
            "description": "Donald Trump had conversations with James Comey"
        },
        {
            "source": 2,
            "target": 4,
            "relation": "works_for",
            "description": "Ainsley Earhardt works for Fox News"
        },
        {
            "source": 1,
            "target": 5,
            "relation": "mentioned_in_article",
            "description": "Donald Trump mentioned in an article by Bloomberg"
        },
        {
            "source": 6,
            "target": 5,
            "relation": "related_to",
            "description": "Georgetown University related to Julie O'Sullivan's work"
        }
    ]
}