{
    "nodes": [
        {
            "id": 1,
            "label": "WE LOVE THIS LADY!",
            "type": "text"
        },
        {
            "id": 2,
            "label": "She",
            "type": "person"
        },
        {
            "id": 3,
            "label": "Chervyshov & Charlottesville",
            "type": "location"
        },
        {
            "id": 4,
            "label": "KKK",
            "type": "organization"
        },
        {
            "id": 5,
            "label": "White Supremacy",
            "type": "organization"
        }
    ],
    "edges": [
        {
            "source": 1,
            "target": 2,
            "relation": "She calls out the media.",
            "description": "A narrative is being hijacked."
        },
        {
            "source": 2,
            "target": 3,
            "relation": "Chervyshov & Charlottesville report no mention of David Duke or KKK.",
            "description": "Media reports not covered during Obama's time."
        }
    ]
}