{
    "nodes": [
        {
            "id": 1,
            "label": "Mike Phillips",
            "type": "person"
        },
        {
            "id": 2,
            "label": "Karen (Mike's mother)",
            "type": "person"
        },
        {
            "id": 3,
            "label": "Paul Ryan",
            "type": "person"
        },
        {
            "id": 4,
            "label": "Mitch McConnell",
            "type": "person"
        },
        {
            "id": 5,
            "label": "Franklin Delano Roosevelt",
            "type": "person"
        }
    ],
    "edges": [
        {
            "source": 1,
            "target": 2,
            "relation": "caregiver_of",
            "description": "Mike's mother takes care of him full-time"
        },
        {
            "source": 1,
            "target": 3,
            "relation": "affected_by",
            "description": "The GOP healthcare bill affects Mike"
        },
        {
            "source": 2,
            "target": 4,
            "relation": "opponent_of",
            "description": "Karen opposes the GOP healthcare bill"
        },
        {
            "source": 3,
            "target": 1,
            "relation": "has_opposed",
            "description": "Paul Ryan has opposed Medicaid"
        },
        {
            "source": 4,
            "target": 5,
            "relation": "was_helped_by",
            "description": "Mitch McConnell received help from Franklin Delano Roosevelt's facility as a child with polio"
        }
    ]
}