{
    "nodes": [
        {
            "id": 1,
            "label": "Democratic senator Joe Manchin",
            "type": "person"
        },
        {
            "id": 2,
            "label": "Democratic Governor Jim Justice",
            "type": "person"
        }
    ],
    "edges": [
        {
            "source": 1,
            "target": 2,
            "relation": "opposed on political stance and actions in West Virginia",
            "description": "Manchin stated he was not going to vote for him or give 's t, while Justice switched parties."
        }
    ]
}