{
    "nodes": [
        {
            "id": 1,
            "label": "Judge Andrew Napolitano",
            "type": "person"
        },
        {
            "id": 2,
            "label": "Jeff Sessions",
            "type": "person"
        },
        {
            "id": 3,
            "label": "Mr. President",
            "type": "person"
        }
    ],
    "edges": [
        {
            "source": 2,
            "target": 1,
            "relation": " Jeff Sessions should have recused himself or accepted the nomination to be Attorney General",
            "description": " According to the Times, Trump said he disagreed with Sessions recusal and that he would not have nominated him to be attorney general had he known Sessions would have done so."
        }
    ]
}