{
    "nodes": [
        {
            "id": 1,
            "label": "Howard Schultz",
            "type": "person"
        },
        {
            "id": 2,
            "label": " Starbucks Coffee",
            "type": "organization"
        },
        {
            "id": 3,
            "label": "Customer [Number 4]",
            "type": "node"
        }
    ],
    "edges": [
        {
            "source": 1,
            "target": 2,
            "relation": "person",
            "description": " Howard is retweeting his tweet."
        },
        {
            "source": 3,
            "target": 2,
            "relation": "text",
            "description": " Howard's tweet on bigoted people."
        }
    ]
}