{
    "nodes": [
        {
            "id": 1,
            "label": "Jared Y Sexton",
            "type": "person"
        },
        {
            "id": 2,
            "label": "The Trump Jr.-Rushev Collaboration Story",
            "type": "text"
        }
    ],
    "edges": [
        {
            "source": 1,
            "target": 2,
            "relation": "the text below describes the relationship between Jared Y Sexton and the Trump Jr.-Rushev collaboration story.",
            "description": "This is the narrative of how Jared Y sexton tracked down and exposed the fake emails released by Donald Trump Jr. to the media, which led to his public confrontation with his family members."
        }
    ]
}