{
    "nodes": [
        {
            "id": 1,
            "label": "Kid Rock",
            "type": "person"
        },
        {
            "id": 2,
            "label": "Jimmie Bones",
            "type": "person"
        },
        {
            "id": 3,
            "label": "Debbie Stabenow",
            "type": "person"
        },
        {
            "id": 4,
            "label": "Piers Morgan",
            "type": "person"
        },
        {
            "id": 5,
            "label": "Bob Ritchie",
            "type": "person"
        },
        {
            "id": 6,
            "label": "Robert James Ritchie Jr.",
            "type": "person"
        },
        {
            "id": 7,
            "label": "Robert Ritchie",
            "type": "person"
        }
    ],
    "edges": [
        {
            "source": 1,
            "target": 4,
            "relation": "Political Influence Over (on)",
            "description": "Kid Rock's political views and actions have influenced Mike Scott's campaign."
        },
        {
            "source": 1,
            "target": 7,
            "relation": "Political Candidacy",
            "description": "Kid Rock is running for Senate candidate number ?"
        }
    ]
}