{
    "nodes": [
        {
            "id": 1,
            "label": "kathryn murdoch",
            "type": "family member"
        },
        {
            "id": 2,
            "label": "james murdoch",
            "type": "person"
        },
        {
            "id": 3,
            "label": "roger ailes",
            "type": "individual"
        },
        {
            "id": 4,
            "label": "bob mer cer",
            "type": "financial figure"
        },
        {
            "id": 5,
            "label": "kathryn aileri",
            "type": "individual"
        },
        {
            "id": 6,
            "label": "greta vanusteran",
            "type": "individual"
        },
        {
            "id": 7,
            "label": "sean hann INT",
            "type": "individual"
        }
    ],
    "edges": [
        {
            "source": 1,
            "target": 4,
            "relation": "family member",
            "description": "kathryn murdoch is a family member of greta vanusteran."
        },
        {
            "source": 2,
            "target": 5,
            "relation": "person",
            "description": "james murdoch is a person."
        },
        {
            "source": 4,
            "target": 7,
            "relation": "individual",
            "description": "greta vanusteran worked for kathryn murdoch's brand."
        }
    ]
}