{
    "nodes": [
        {
            "id": 1,
            "label": " MSNBC",
            "type": "person"
        },
        {
            "id": 2,
            "label": " Senator Lindsey Graham (R-SC)",
            "type": "person"
        },
        {
            "id": 3,
            "label": "Donald Trump Jr.",
            "type": "person"
        },
        {
            "id": 4,
            "label": "Jared Kushner",
            "type": "person"
        },
        {
            "id": 5,
            "label": "The Russian lawyer in question",
            "type": "person"
        },
        {
            "id": 6,
            "label": "Hillary Clinton",
            "type": "person"
        }
    ],
    "edges": [
        {
            "source": 1,
            "target": 2,
            "relation": " MSNBC was delighted to hear Lindsey Graham questioning Trump Jr.",
            "description": "Graham continued to express his feelings about the meeting, suggesting that Trump Jr. should have to testify about what transpired in the alleged meeting."
        },
        {
            "source": 1,
            "target": 3,
            "relation": "It's been very frustrating to find out every couple of weeks about a new meeting.",
            "description": "Graham was then asked by the MSNBC reporter, 'Do you think the White House has been truthful about the version of events that happened and their meetings that occurred between their associates and the Russians?'"
        },
        {
            "source": 1,
            "target": 5,
            "relation": "It's been very frustrating to find out every couple of weeks about a new meeting.",
            "description": "Graham was then asked by the MSNBC reporter, 'Do you think the White House has been truthful about the version of events that happened and their meetings that occurred between their associates and the Russians?'"
        },
        {
            "source": 2,
            "target": 3,
            "relation": "It's been very frustrating to find out every couple of weeks about a new meeting.",
            "description": "Graham was then asked by the MSNBC reporter, 'Do you think the White House has been truthful about the version of events that happened and their meetings that occurred between their associates and the Russians?'"
        },
        {
            "source": 2,
            "target": 5,
            "relation": "It's been very frustrating to find out every couple of weeks about a new meeting.",
            "description": "Graham was then asked by the MSNBC reporter, 'Do you think the White House has been truthful about the version of events that happened and their meetings that occurred between their associates and the Russians?'"
        },
        {
            "source": 3,
            "target": 4,
            "relation": "It's been very frustrating to find out every couple of weeks about a new meeting.",
            "description": "Graham was then asked by the MSNBC reporter, 'Do you think the White House has been truthful about the version of events that happened and their meetings that occurred between their associates and the Russians?'"
        },
        {
            "source": 3,
            "target": 6,
            "relation": "Hillary Clinton mentioned Hillary's name after Graham's mic was cut, leading to an interview ending.",
            "description": "Just like magic, as soon as Hillary's name was mentioned, Graham's mic was cut!"
        },
        {
            "source": 4,
            "target": 6,
            "relation": "Hillary Clinton mentioned Hillary's name after Graham's mic was cut, leading to an interview ending.",
            "description": "Just like magic, as soon as Hillary's name was mentioned, Graham's mic was cut!"
        }
    ]
}