{
    "nodes": [
        {
            "id": 1,
            "label": "Dean Heller (R-Nev.)",
            "type": "person"
        },
        {
            "id": 2,
            "label": "Claire McCaskill (D-Mo.)",
            "type": "person"
        },
        {
            "id": 3,
            "label": "Joe Donnelly (D-Ind.)",
            "type": "person"
        },
        {
            "id": 4,
            "label": "Jeff Flake (R-Ariz.)",
            "type": "person"
        },
        {
            "id": 5,
            "label": "Joe Manchin (D-W.Va.)",
            "type": "person"
        },
        {
            "id": 6,
            "label": "Heidi Heitkamp (D-N.D.)",
            "type": "person"
        },
        {
            "id": 7,
            "label": "Jon Tester (D-Mont.)",
            "type": "person"
        }
    ],
    "edges": [
        {
            "source": 1,
            "target": 2,
            "relation": "a person who has made more money than another",
            "description": "Dean Heller is listed as a candidate with higher financial resources compared to Claire McCaskill, who made less."
        },
        {
            "source": 2,
            "target": 3,
            "relation": "a person who has made more money than another",
            "description": "Claire McCaskill is listed as a candidate with slightly lower income compared to Joe Donnelly."
        },
        {
            "source": 3,
            "target": 4,
            "relation": "a person who has made more money than another",
            "description": "Joe Donnelly is listed as a candidate with higher financial resources compared to Jeff Flake."
        },
        {
            "source": 4,
            "target": 5,
            "relation": "a person who has made more money than another",
            "description": "Jeff Flake is listed as a candidate with lower income compared to Joe Manchin."
        },
        {
            "source": 5,
            "target": 6,
            "relation": "a person who has made more money than another",
            "description": "Joe Manchin is listed as a candidate with higher financial resources compared to Heidi Heitkamp."
        },
        {
            "source": 6,
            "target": 7,
            "relation": "a person who has made more money than another",
            "description": "Heidi Heitkamp is listed as a candidate with lower income compared to Jon Tester."
        },
        {
            "source": 1,
            "target": 5,
            "relation": "a person who has made more money than another",
            "description": "Dean Heller is listed as a candidate with higher financial resources compared to Joe Manchin."
        }
    ]
}