{
    "nodes": [
        {
            "id": 1,
            "label": "Reince Priebus",
            "type": "person"
        },
        {
            "id": 2,
            "label": "Anthony Scaramucci",
            "type": "person"
        },
        {
            "id": 3,
            "label": "Michael Short",
            "type": "person"
        },
        {
            "id": 4,
            "label": "Tara Palmeri",
            "type": "person"
        },
        {
            "id": 5,
            "label": "Sean Spicer",
            "type": "person"
        },
        {
            "id": 6,
            "label": "Katie Walsh",
            "type": "person"
        },
        {
            "id": 7,
            "label": "Reince's wife, Sarah Palin",
            "type": "person"
        },
        {
            "id": 8,
            "label": "Sean's ex, Michael Hill",
            "type": "person"
        }
    ],
    "edges": [
        {
            "source": 1,
            "target": 2,
            "relation": "Chief of staff before Scaramucci took over",
            "description": "Before his arrival at the White House."
        },
        {
            "source": 2,
            "target": 3,
            "relation": "Assigned to Tara Palmeri's campaign",
            "description": "Reince Priebus was assigned to work on the campaign from RNC and later transitioned to assisting Scaramucci."
        },
        {
            "source": 2,
            "target": 4,
            "relation": "Assigned to Tara Palmeri's campaign (RNC)",
            "description": "Reince priebus worked with former RNC employee Katie Walsh, who was terminated for leaking."
        },
        {
            "source": 1,
            "target": 5,
            "relation": "Dismissed Michael Short from the Trump campaign and re-joined as his assistant under Scaramucci.",
            "description": "Michael Short left the Trump campaign to work at Scaramucci's desk, where he then joined as his assistant."
        }
    ]
}