{
    "nodes": [
        {
            "id": 1,
            "label": "Canada",
            "type": "country"
        },
        {
            "id": 2,
            "label": "US",
            "type": "country"
        },
        {
            "id": 3,
            "label": "Mexico",
            "type": "country"
        }
    ],
    "edges": [
        {
            "source": 1,
            "target": 2,
            "relation": "borders with",
            "description": " borders with the USA."
        },
        {
            "source": 1,
            "target": 3,
            "relation": "borders with",
            "description": " borders with Mexico."
        },
        {
            "source": 2,
            "target": 1,
            "relation": "borders with",
            "description": " borders with the USA."
        }
    ]
}