{
    "nodes": [
        {
            "id": 1,
            "label": "President Trump",
            "type": "person"
        },
        {
            "id": 2,
            "label": "Ford O Connell",
            "type": "political analyst"
        },
        {
            "id": 3,
            "label": "Inside the Beltway",
            "type": "news outlet"
        },
        {
            "id": 4,
            "label": "tax reform",
            "type": "economic policy"
        },
        {
            "id": 5,
            "label": "U.S. economy",
            "type": "economic indicator"
        },
        {
            "id": 6,
            "label": "electric vehicle adoption",
            "type": "campaign focus"
        }
    ],
    "edges": [
        {
            "source": 1,
            "target": 4,
            "relation": "president incumbent's impetuousness in campaign",
            "description": "The administration must deliver significant progress on key campaign promises, including securing America's borders, infrastructure, and trade."
        },
        {
            "source": 2,
            "target": 5,
            "relation": "economic policy alignment with the U.S. economy",
            "description": "Tax reform should align with the U.S. economy to achieve further gains in the political landscape."
        },
        {
            "source": 3,
            "target": 6,
            "relation": "campaign strategy focus",
            "description": "The administration's messaging around electric vehicle adoption is likely central to their campaign narrative."
        }
    ]
}