{
    "nodes": [
        {
            "id": 1,
            "label": "Donald Trump",
            "type": "person"
        },
        {
            "id": 2,
            "label": "Melania Trump",
            "type": "person"
        },
        {
            "id": 3,
            "label": "Barron Trump",
            "type": "person"
        },
        {
            "id": 4,
            "label": "D.C.",
            "type": "location"
        },
        {
            "id": 5,
            "label": "Alt-Left",
            "type": "organization"
        },
        {
            "id": 6,
            "label": "Media",
            "type": "organization"
        },
        {
            "id": 7,
            "label": "Liberal Leaders",
            "type": "organization"
        }
    ],
    "edges": [
        {
            "source": 1,
            "target": 2,
            "relation": "arrival",
            "description": "Donald Trump and his wife arrive in Washington DC after a working vacation."
        },
        {
            "source": 2,
            "target": 4,
            "relation": "rally",
            "description": "The President and his first lady attend the Trump rally in D.C. After arriving, they participate in the rally."
        },
        {
            "source": 6,
            "target": 5,
            "relation": "violence",
            "description": "The Alt-Left initiates violence during the Trump rally to undermine his safety and influence."
        },
        {
            "source": 7,
            "target": 5,
            "relation": "political analysis",
            "description": "Liberal leaders analyze the violent behavior of the Alt-Left in the context of their political positions."
        },
        {
            "source": 4,
            "target": 6,
            "relation": "media's propaganda",
            "description": "The media tries to control what people see about the violence at Trump events, including incidents like egg attacks and destruction."
        }
    ]
}