{
    "nodes": [
        {
            "id": 1,
            "label": "Chris Cuomo interviewing Kellyanne Conway",
            "type": "person"
        },
        {
            "id": 2,
            "label": "Kellyanne Conway quotes Cuomo during interview",
            "type": "person"
        },
        {
            "id": 3,
            "label": "Cuoyos attempts to convince few viewers that Trump is squishy on meeting Putin",
            "type": "event"
        },
        {
            "id": 4,
            "label": "Cuoyos lets up not wanting CNN to focus on President Trump's meeting with Putin",
            "type": "event"
        },
        {
            "id": 5,
            "label": "Cuoyos accuses Kellyanne of having a 'squishy' perspective on the president's state of mind",
            "type": "event"
        },
        {
            "id": 6,
            "label": "Cuoyos comments that CNN is not interested in discussing Russia with Trump",
            "type": "event"
        }
    ],
    "edges": [
        {
            "source": 1,
            "target": 2,
            "relation": "Kellyanne Conway quotes Cuomo during his interview about meeting with Vladimir Putin",
            "description": "Kellyanne Conway comments that CNN is not interested in discussing Russia with Trump."
        },
        {
            "source": 3,
            "target": 4,
            "relation": "Cuoyos attempts to convince viewers that President Trump was very squishy on his meeting with Putin.",
            "description": "Chris Cuomo tries to convince a few viewers that President Trump was very squishy on his meeting with Vladimir Putin."
        },
        {
            "source": 4,
            "target": 5,
            "relation": "Cuoyos responds that CNN's story is about discussing Russia more than America",
            "description": "Kellyanne Conway comments that CNN's story focuses more on discussing Russia than America."
        }
    ]
}