{
    "nodes": [
        {
            "id": 1,
            "label": "Alan Dershowitz",
            "type": "person"
        },
        {
            "id": 2,
            "label": "Maxine Waters",
            "type": "person"
        },
        {
            "id": 3,
            "label": "FOX and Friends Sunday",
            "type": "organization"
        }
    ],
    "edges": [
        {
            "source": 1,
            "target": 2,
            "relation": "responding after",
            "description": "Alan Dershowitz responded to Maxine Waters calling him a racist."
        },
        {
            "source": 1,
            "target": 3,
            "relation": "responding after",
            "description": "Alan Dershowitz responded to being told by Maxine Waters that she was a racist."
        },
        {
            "source": 1,
            "target": 2,
            "relation": "releasing info",
            "description": "Alan released information about the call with Maxine Waters."
        }
    ]
}