{
    "nodes": [
        {
            "id": 1,
            "label": "Boston",
            "type": "person"
        },
        {
            "id": 2,
            "label": "Dilworth",
            "type": "location"
        },
        {
            "id": 3,
            "label": "Kissimmee",
            "type": "location"
        },
        {
            "id": 4,
            "label": "Atlanta",
            "type": "location"
        },
        {
            "id": 5,
            "label": "Baltimore",
            "type": "person"
        },
        {
            "id": 6,
            "label": "Durham",
            "type": "location"
        },
        {
            "id": 7,
            "label": "Dallas",
            "type": "location"
        }
    ],
    "edges": [
        {
            "source": 1,
            "target": 2,
            "relation": " mob rule is taking over in some cities with leaders who are more concerned with theile and violent protesters than the cops who are protecting their right to be protest",
            "description": "Some cities, such as dilworth and kipsimmee, have transitioned from mob rule to more extreme forms of protest, where the police appear to prioritize the safety and rights of protesters over their own protection."
        },
        {
            "source": 1,
            "target": 3,
            "relation": "The lone policeman on the scene was surrounded by black-clad Antifa protesters shouting 'pig.",
            "description": "A single policeman stood alone, surrounded by black protesters who shouted 'pig.' (the text appears to be a simplified version of the actual message)."
        },
        {
            "source": 4,
            "target": 5,
            "relation": "The monument in Atlanta was torn down and the metal fell from it.",
            "description": "A monument in Atlanta was removed, and the metal fell from its base."
        },
        {
            "source": 6,
            "target": 7,
            "relation": "The protesters started chanting as the group tried to tear down the monument.",
            "description": "Protesters began chanting as the group attempted to remove the monument."
        },
        {
            "source": 2,
            "target": 5,
            "relation": "Tensions rose as the lone policeman on the scene was surrounded by black-clad Antifa protesters shouting 'pig.",
            "description": "Tensions escalated when a single policeman, surrounded by black protesters, shouted 'pig.'"
        },
        {
            "source": 4,
            "target": 6,
            "relation": "The monument in Atlanta was removed and the metal fell from it.",
            "description": "A monument in Atlanta was removed, and the metal fell from its base."
        },
        {
            "source": 5,
            "target": 7,
            "relation": "The protesters started chanting as the group tried to tear down the monument.",
            "description": "Protesters began chanting as the group attempted to remove the monument."
        }
    ]
}