{
    "nodes": [
        {
            "id": 1,
            "label": "Nancy Pelosi",
            "type": "person"
        },
        {
            "id": 2,
            "label": "Jeh Johnson",
            "type": "person"
        },
        {
            "id": 3,
            "label": "National Park Service",
            "type": "organization"
        },
        {
            "id": 4,
            "label": "Alt-Right Demonstration",
            "type": "node"
        },
        {
            "id": 5,
            "label": "Free Speech Protection",
            "type": "node"
        }
    ],
    "edges": [
        {
            "source": 1,
            "target": 2,
            "relation": "Repeated request for permit",
            "description": "Nancy Pelosi repeated her request."
        },
        {
            "source": 3,
            "target": 4,
            "relation": " protection of free speech",
            "description": "Protection of free speech."
        },
        {
            "source": 2,
            "target": 5,
            "relation": " Not allowed",
            "description": "They are not for anyone on the opposing side speaking out."
        }
    ]
}