{
    "nodes": [
        {
            "id": 1,
            "label": "Mitt Romney",
            "type": "person"
        },
        {
            "id": 2,
            "label": "Romney's Daughter-in-Law",
            "type": "person"
        },
        {
            "id": 3,
            "label": "Boston Globe",
            "type": "organization"
        },
        {
            "id": 4,
            "label": "Peter J. Hasson",
            "type": "individual"
        }
    ],
    "edges": [
        {
            "source": 1,
            "target": 2,
            "relation": "Mitt Romney took a water-skiing vacation and reminded his daughter-in-law that he was ignoring the debate.",
            "description": "A narrative of Mitt Romney's activities."
        },
        {
            "source": 3,
            "target": 4,
            "relation": "The Boston Globe is referenced by Peter Hasson in multiple contexts.",
            "description": "References to the Boston Globe and its mentioner."
        }
    ]
}