{
    "nodes": [
        {
            "id": 1,
            "label": "liberal_people",
            "type": "person"
        },
        {
            "id": 2,
            "label": "liberal_people",
            "type": "person"
        },
        {
            "id": 3,
            "label": "liberal_people",
            "type": "person"
        },
        {
            "id": 4,
            "label": "liberal_people",
            "type": "person"
        },
        {
            "id": 5,
            "label": " Somal_ something",
            "type": "culture"
        },
        {
            "id": 6,
            "label": " asylum Seekers",
            "type": "organization"
        },
        {
            "id": 7,
            "label": "Attacker_husband",
            "type": "person"
        },
        {
            "id": 8,
            "label": "Poco (dog)",
            "type": "animal"
        },
        {
            "id": 9,
            "label": "Ingrid",
            "type": "person"
        }
    ],
    "edges": [
        {
            "source": 1,
            "target": 5,
            "relation": "expresses opinion on ( Somal_ something)"
        },
        {
            "source": 2,
            "target": 5,
            "relation": "expresses opinion on ( Somal_ something)"
        },
        {
            "source": 3,
            "target": 5,
            "relation": "expresses opinion on ( Somal_ something)"
        },
        {
            "source": 4,
            "target": 5,
            "relation": "expresses opinion on ( Somal_ something)"
        },
        {
            "source": 1,
            "target": 9,
            "relation": "influences beliefs on ( Somal_ something)"
        },
        {
            "source": 2,
            "target": 9,
            "relation": "influences beliefs on ( Somal_ something)"
        },
        {
            "source": 3,
            "target": 9,
            "relation": "influences beliefs on ( Somal_ something)"
        },
        {
            "source": 4,
            "target": 9,
            "relation": "influences beliefs on ( Somal_ something)"
        },
        {
            "source": 1,
            "target": 8,
            "relation": "interacts with ( Poco (dog))"
        },
        {
            "source": 1,
            "target": 8,
            "relation": "interacts with ( Poco (dog))"
        },
        {
            "source": 2,
            "target": 8,
            "relation": "interacts with ( Poco (dog))"
        },
        {
            "source": 3,
            "target": 8,
            "relation": "interacts with ( Poco (dog))"
        },
        {
            "source": 4,
            "target": 8,
            "relation": "interacts with ( Poco (dog))"
        },
        {
            "source": 5,
            "target": 9,
            "relation": "influences beliefs on ( Somal_ something)"
        }
    ]
}