{
    "nodes": [
        {
            "id": 1,
            "label": "Senate Republicans",
            "type": "organization"
        },
        {
            "id": 2,
            "label": "Trumpcare",
            "type": "health care proposal"
        },
        {
            "id": 3,
            "label": "Obamacare",
            "type": "health care plan"
        },
        {
            "id": 4,
            "label": "Joy Reid",
            "type": "person"
        },
        {
            "id": 5,
            "label": "Tom Reed",
            "type": "person"
        }
    ],
    "edges": [
        {
            "source": 1,
            "target": 2,
            "relation": "proposes",
            "description": "unveiling of the Senate Republicans' new health care proposal"
        },
        {
            "source": 2,
            "target": 3,
            "relation": "replaces",
            "description": "Trumpcare replaces Obamacare"
        },
        {
            "source": 4,
            "target": 5,
            "relation": "interviews",
            "description": "Joy Reid interviews Tom Reed on MSNBC"
        },
        {
            "source": 5,
            "target": 2,
            "relation": "supports",
            "description": "Tom Reed supports Trumpcare"
        }
    ]
}