{
    "nodes": [
        {
            "id": 1,
            "label": "Scott Hamann (person)",
            "type": "person"
        },
        {
            "id": 2,
            "label": "Trump, U.S. President (person)",
            "type": "person"
        },
        {
            "id": 3,
            "label": "Maine Republican Party (organization)",
            "type": "organization"
        }
    ],
    "edges": [
        {
            "source": 1,
            "target": 1,
            "relation": "self-loop: person - self",
            "description": "Scott Hamann is an unhinged individual who may be connecting to himself."
        },
        {
            "source": 1,
            "target": 2,
            "relation": "connection between Scott Hamann and the U.S. President",
            "description": "Rep. Scott Hamann appears to be reacting to a Facebook post that ties him to the federal president."
        },
        {
            "source": 2,
            "target": 3,
            "relation": "connection between Trump and the Maine Republican Party",
            "description": "Scott Hamann's post is linked to an action against the Maine Republican Party."
        }
    ]
}