{
    "nodes": [
        {
            "id": 1,
            "label": "Donald Trump Jr.",
            "type": "person"
        },
        {
            "id": 2,
            "label": "Natalia Veselnitskaya",
            "type": "person"
        },
        {
            "id": 3,
            "label": "NBC News",
            "type": "organization"
        },
        {
            "id": 4,
            "label": "The Gateway Pundit",
            "type": "organization"
        },
        {
            "id": 5,
            "label": "Kamerton Consulting",
            "type": "organization"
        },
        {
            "id": 6,
            "label": "Michael McFaul",
            "type": "person"
        },
        {
            "id": 7,
            "label": "Emin Agalarov",
            "type": "person"
        },
        {
            "id": 8,
            "label": "Fusion GPS",
            "type": "organization"
        },
        {
            "id": 9,
            "label": " FEC hearing",
            "type": "location"
        },
        {
            "id": 10,
            "label": "The Trump Dossier",
            "type": "organization"
        }
    ],
    "edges": [
        {
            "source": 1,
            "target": 2,
            "relation": "meeting",
            "description": "Donald Trump Jr. released all email communication regarding his meeting with Russian lawyer Natalia Veselnitskaya today on Twitter."
        },
        {
            "source": 6,
            "target": 3,
            "relation": "seated",
            "description": "Natalia Veselnitskaya sat with Obama's Ambassador to Russia Michael McFaul during a Foreign Affairs Committee hearing, 8 days after cold-contacting Trump Jr. in Trump Tower."
        },
        {
            "source": 6,
            "target": 4,
            "relation": "conferenced",
            "description": "During the FEC hearing on Russia and the Ukraine, Natalia Veselnitskaya was given a privileged seat up front."
        },
        {
            "source": 6,
            "target": 5,
            "relation": "meeting",
            "description": "Natalia Veselnitskaya also connected to Fusion GPS, the DNC opposition research firm that produced the fraudulent and discredited Trump Dossier."
        }
    ]
}