{
    "nodes": [
        {
            "id": 1,
            "label": " anchors",
            "type": "person"
        },
        {
            "id": 2,
            "label": " professor dyson",
            "type": "person"
        },
        {
            "id": 3,
            "label": " ryan Williams",
            "type": "person"
        },
        {
            "id": 4,
            "label": " mitt Romney",
            "type": "person"
        },
        {
            "id": 5,
            "label": " black lives matter supporters",
            "type": "organization"
        },
        {
            "id": 6,
            "label": " white supremacists",
            "type": "organization"
        },
        {
            "id": 7,
            "label": " others who defended the rights of this nation",
            "type": "person"
        }
    ],
    "edges": [
        {
            "source": 1,
            "target": 2,
            "relation": "Mr. Miller says again, that there was violence here, but the problem is to equate that violence in reaction to the bigotry, with the bigotry itself is to misunderstand the fact that when you go to cancer treatment, the radiation is tough treatment, but it is meant to remove the cancer.",
            "description": "A discussion about how Bigoted people use violence against others who support them"
        },
        {
            "source": 1,
            "target": 5,
            "relation": "Mr. Miller says again, that there was violence here, but the problem is to equate that violence in reaction to the bigotry, with the bigotry itself is to misunderstand the fact that when you go to cancer treatment, the radiation is tough treatment, but it is meant to remove the cancer.",
            "description": "Confusion about how Bigoted people use violence against others who support them"
        },
        {
            "source": 1,
            "target": 5,
            "relation": "Mr. Miller says again, that there was violence here, but the problem is to equate that violence in reaction to the bigotry, with the bigotry itself is to misunderstand the fact that when you go to cancer treatment, the radiation is tough treatment, but it is meant to remove the cancer.",
            "description": "Lack of understanding about how Bigoted people use violence against others who support them"
        },
        {
            "source": 1,
            "target": 6,
            "relation": "Mr. Miller says again, that there was violence here, but the problem is to equate that violence in reaction to the bigotry, with the bigotry itself is to misunderstand the fact that when you go to cancer treatment, the radiation is tough treatment, but it is meant to remove the cancer.",
            "description": "Lack of understanding about how Bigoted people use violence against others who support them"
        },
        {
            "source": 2,
            "target": 3,
            "relation": "Mr. Miller says again, that there was violence here, but the problem is to equate that violence in reaction to the bigotry, with the bigotry itself is to misunderstand the fact that when you go to cancer treatment, the radiation is tough treatment, but it is meant to remove the cancer.",
            "description": "Connection between professor dyson and ryan Williams"
        },
        {
            "source": 3,
            "target": 5,
            "relation": "Mr. Miller says again, that there was violence here, but the problem is to equate that violence in reaction to the bigotry, with the bigotry itself is to misunderstand the fact that when you go to cancer treatment, the radiation is tough treatment, but it is meant to remove the cancer.",
            "description": "Connection between ryan Williams and mitt Romney"
        },
        {
            "source": 3,
            "target": 7,
            "relation": "Mr. Miller says again, that there was violence here, but the problem is to equate that violence in reaction to the bigotry, with the bigotry itself is to misunderstand the fact that when you go to cancer treatment, the radiation is tough treatment, but it is meant to remove the cancer.",
            "description": "Connection between ryan Williams and others who defended the rights of this nation"
        },
        {
            "source": 4,
            "target": 5,
            "relation": "Mr. Miller says again, that there was violence here, but the problem is to equate that violence in reaction to the bigotry, with the bigotry itself is to misunderstand the fact that when you go to cancer treatment, the radiation is tough treatment, but it is meant to remove the cancer.",
            "description": "Connection between mitt Romney and ryan Williams"
        },
        {
            "source": 4,
            "target": 7,
            "relation": "Mr. Miller says again, that there was violence here, but the problem is to equate that violence in reaction to the bigotry, with the bigotry itself is to misunderstand the fact that when you go to cancer treatment, the radiation is tough treatment, but it is meant to remove the cancer.",
            "description": "Connection between mitt Romney and others who defended the rights of this nation"
        },
        {
            "source": 5,
            "target": 7,
            "relation": "Mr. Miller says again, that there was violence here, but the problem is to equate that violence in reaction to the bigotry, with the bigotry itself is to misunderstand the fact that when you go to cancer treatment, the radiation is tough treatment, but it is meant to remove the cancer.",
            "description": "Connection between mitt Romney and others who defended the rights of this nation"
        },
        {
            "source": 6,
            "target": 7,
            "relation": "Mr. Miller says again, that there was violence here, but the problem is to equate that violence in reaction to the bigotry, with the bigotry itself is to misunderstand the fact that when you go to cancer treatment, the radiation is tough treatment, but it is meant to remove the cancer.",
            "description": "Lack of understanding about how white supremacists use violence against others who support them"
        },
        {
            "source": 7,
            "target": 7,
            "relation": "Mr. Miller says again, that there was violence here, but the problem is to equate that violence in reaction to the bigotry, with the bigotry itself is to misunderstand the fact that when you go to cancer treatment, the radiation is tough treatment, but it is meant to remove the cancer.",
            "description": "Lack of understanding about how white supremacists use violence against others who support them"
        }
    ]
}