{
    "nodes": [
        {
            "id": 1,
            "label": "Dimple Ajmera",
            "type": "person"
        },
        {
            "id": 2,
            "label": "Hillary Clinton",
            "type": "person"
        }
    ],
    "edges": [
        {
            "source": 1,
            "target": 2,
            "relation": "support Trump voters on divisive platforms (e.g., political correctness)",
            "description": "Dimple Ajmera supports Trump but refers to his divisive nature, suggesting he should not be involved in local government."
        }
    ]
}