{
    "nodes": [
        {
            "id": 1,
            "label": "Maxine Waters",
            "type": "person"
        },
        {
            "id": 2,
            "label": "Tucker Carlson",
            "type": "person"
        },
        {
            "id": 3,
            "label": "John Lewis",
            "type": "organization"
        },
        {
            "id": 4,
            "label": "Fox News",
            "type": "platform"
        }
    ],
    "edges": [
        {
            "source": 1,
            "target": 2,
            "relation": "indicates they have a close relationship",
            "description": "This paper reports that Maxine Waters and Tucker Carlson are bickering over the interview comments."
        },
        {
            "source": 1,
            "target": 3,
            "relation": "is an expert on",
            "description": "According to Tucker, John Lewis owns a mansion worth $4.3 million."
        }
    ]
}