{
    "nodes": [
        {
            "id": 1,
            "label": "Speaker Paul Ryan",
            "type": "person"
        },
        {
            "id": 2,
            "label": "Mexican Border",
            "type": "location"
        },
        {
            "id": 3,
            "label": "President Donald Trump",
            "type": "person"
        }
    ],
    "edges": [
        {
            "source": 1,
            "target": 3,
            "relation": "Participated in a debate about the border wall",
            "description": "Speaker Paul Ryan participated in a debate about the discussion involving the border wall."
        },
        {
            "source": 1,
            "target": 2,
            "relation": "Participated in political stances and discussions related to the border wall",
            "description": " Speaker Paul Ryan's position as Speaker of the House involved politics around the topic of building walls."
        }
    ]
}