{
    "nodes": [
        {
            "id": 1,
            "label": "The University of California, Berkeley",
            "type": "institution"
        },
        {
            "id": 2,
            "label": "Familia Orientation for Chicanx and Latinx Students",
            "type": "organization"
        },
        {
            "id": 3,
            "label": "Asian American, Pacific Islander Student Orientation",
            "type": "organization"
        },
        {
            "id": 4,
            "label": "Native Student Orientation for Native Students",
            "type": "organization"
        },
        {
            "id": 5,
            "label": "African American Student Development Center",
            "type": "organization"
        },
        {
            "id": 6,
            "label": "Other Students (excluding UCB and BSO/BSO groups)",
            "type": "person"
        },
        {
            "id": 7,
            "label": "The Black Student Orientation",
            "type": "organization"
        },
        {
            "id": 8,
            "label": "Other Students (excluding BSO and BSO/BSO groups)",
            "type": "person"
        },
        {
            "id": 9,
            "label": "Participants in the Golden Bear Orientation",
            "type": "organization"
        }
    ],
    "edges": [
        {
            "source": 1,
            "target": 2,
            "relation": "Familia orientation is organized by the Familia Student Organization",
            "description": "Provide access to campus resources for Chicanx and Latinx students."
        },
        {
            "source": 1,
            "target": 3,
            "relation": "Asian American, Pacific Islander Students are invited to this orientation",
            "description": "Participate in academic and campus life workshops."
        },
        {
            "source": 1,
            "target": 4,
            "relation": "Native Students can move in early for an extra bonus opportunity",
            "description": "Students who have specific needs may be eligible to move in earlier."
        },
        {
            "source": 2,
            "target": 5,
            "relation": "Participants in the Black Student Orientation are grouped by their race/ethnicity",
            "description": "Explore transitional and community needs through workshops and events."
        },
        {
            "source": 3,
            "target": 6,
            "relation": "Other Students (excluding BSO groups) attend orientation based on their program focus",
            "description": "Each orientation is tailored to the specific program's needs."
        }
    ]
}