{
    "nodes": [
        {
            "id": 1,
            "label": "Sarah Huckabee Sanders",
            "type": "person"
        },
        {
            "id": 2,
            "label": "Dylan aka Pickle",
            "type": "person too"
        }
    ],
    "edges": [
        {
            "source": 1,
            "target": 2,
            "relation": "Letter was fake",
            "description": "Sarah showed Dylan's letter to the press, which initially seemed fake based on small spelling errors and a hyphen. The handwriting of the letter appears to have been produced by a young child."
        }
    ]
}