{
    "nodes": [
        {
            "id": 1,
            "label": "fake news",
            "type": "event"
        },
        {
            "id": 2,
            "label": "donald trump jun",
            "type": "person"
        },
        {
            "id": 3,
            "label": "natalia veselnitskaya",
            "type": "person"
        },
        {
            "id": 4,
            "label": "new york times",
            "type": "organization"
        },
        {
            "id": 5,
            "label": "correction",
            "type": "text"
        }
    ],
    "edges": [
        {
            "source": 2,
            "target": 1,
            "relation": "the new york times recounted information about donald trump jun meeting with natalia veselnitskaya",
            "description": "new york times recounting that donald trump jun met natalia veselnitskaya after providing information on Hillary Clinton's damage"
        },
        {
            "source": 4,
            "target": 1,
            "relation": "the new york times published a correction",
            "description": "new york times mistakenly stated that donald trump jun did not mention the campaign issue when recounting his meeting with natalia veselnitskaya"
        }
    ]
}