{
    "nodes": [
        {
            "id": 1,
            "label": "Leaders",
            "type": "person"
        },
        {
            "id": 2,
            "label": "Real Leaders",
            "type": "person"
        },
        {
            "id": 3,
            "label": "Criticalicks",
            "type": "text"
        },
        {
            "id": 4,
            "label": "Fake News",
            "type": "text"
        },
        {
            "id": 5,
            "label": "Leadership Issues",
            "type": "text"
        }
    ],
    "edges": [
        {
            "source": 1,
            "target": 3,
            "relation": "Leaders point to criticism of real leaders.",
            "description": "The lecture by Evan Sayet discusses the importance of identifying real leaders in fake news."
        },
        {
            "source": 2,
            "target": 4,
            "relation": "Real Leaders are addressed as criticalicks in the lecture.",
            "description": "Evan Sayet emphasizes distinguishing real leaders from those involved in fake news."
        },
        {
            "source": 3,
            "target": 5,
            "relation": "Criticalicks lead back to leadership issues discussed in the lecture.",
            "description": "Critics of real leaders are often tied to leadership issues raised in Evan Sayet's lecture."
        }
    ]
}