{
    "nodes": [
        {
            "id": 1,
            "label": "Trump",
            "type": "person"
        },
        {
            "id": 2,
            "label": " governor Abbott",
            "type": "person"
        },
        {
            "id": 3,
            "label": "William Long",
            "type": "person"
        },
        {
            "id": 4,
            "label": "Dan Scavino",
            "type": "person"
        },
        {
            "id": 5,
            "label": "Mass. residents in Corpus Christi",
            "type": "location"
        },
        {
            "id": 6,
            "label": "Sarah",
            "type": "person"
        },
        {
            "id": 7,
            "label": "Michael",
            "type": "person"
        },
        {
            "id": 8,
            "label": "Joey",
            "type": "person"
        }
    ],
    "edges": [
        {
            "source": 1,
            "target": 2,
            "relation": "mentions governor",
            "description": "Mentioned Governor Abbott as local authority"
        },
        {
            "source": 1,
            "target": 3,
            "relation": "mentionsema",
            "description": "Mentioned William Long (FEMA Director)"
        },
        {
            "source": 1,
            "target": 4,
            "relation": "appreciation",
            "description": "Appreciated by Trump"
        },
        {
            "source": 2,
            "target": 5,
            "relation": "mention of others",
            "description": "Mentioned other local authorities"
        }
    ]
}