{
    "nodes": [
        {
            "id": 1,
            "label": "Marshawn Lynch",
            "type": "person"
        },
        {
            "id": 2,
            "label": "Glendale, Ariz",
            "type": "location"
        },
        {
            "id": 3,
            "label": "Colin Kaepernick",
            "type": "person"
        },
        {
            "id": 4,
            "label": "Raiders",
            "type": "organization"
        }
    ],
    "edges": [
        {
            "source": 1,
            "target": 2,
            "relation": "The coach is preparing to prepare for the game",
            "description": "Preparing to make sure everyone is on the same page."
        }
    ]
}