{
    "nodes": [
        {
            "id": 1,
            "label": "Kara Young",
            "type": "person"
        },
        {
            "id": 2,
            "label": "Donald Trump",
            "type": "person"
        },
        {
            "id": 3,
            "label": "His former girlfriend",
            "type": "person"
        },
        {
            "id": 4,
            "label": "Virginia Tech University grad school",
            "type": "location"
        },
        {
            "id": 5,
            "label": "Charterville, Virginia",
            "type": "location"
        }
    ],
    "edges": [
        {
            "source": 1,
            "target": 2,
            "relation": "Kara is mentioned as meeting Donald Trump in a campaign tour",
            "description": "A part of Kara's campaign statement where she discusses her relationship with Trump."
        },
        {
            "source": 1,
            "target": 3,
            "relation": "His former girlfriend has been mentioned multiple times in the text and is not given a specific label.",
            "description": "Multiple mentions across different sections of the text referencing his former girlfriend."
        },
        {
            "source": 1,
            "target": 5,
            "relation": "Kara attended a party at Virginia Tech University ( grad school) where Trump was also present during the campaign tour.",
            "description": "A specific event mentioned in Kara's campaign statement where she went to a party where Trump met her."
        },
        {
            "source": 2,
            "target": 4,
            "relation": "Donald Trump is mentioned as a prominent figure at Virginia Tech University grad school during the text.",
            "description": "A specific location and person associated with the event described in the text."
        }
    ]
}