{
    "nodes": [
        {
            "id": 1,
            "label": "Lyin Loretta",
            "type": "person"
        },
        {
            "id": 2,
            "label": "Loretta Lynch's mother",
            "type": "person"
        },
        {
            "id": 3,
            "label": "Loretta Lynch's grandmother",
            "type": "person"
        },
        {
            "id": 4,
            "label": "Department of Justice (DOJ)",
            "type": "organization"
        },
        {
            "id": 5,
            "label": "American Center for Law and Justice (ACLJ)",
            "type": "organization"
        },
        {
            "id": 6,
            "label": "White House",
            "type": "place"
        }
    ],
    "edges": [
        {
            "source": 1,
            "target": 2,
            "relation": "used an alias",
            "description": "Loretta Lynch used her mother's name as an alias in her communications."
        },
        {
            "source": 1,
            "target": 3,
            "relation": "used an alias",
            "description": "Loretta Lynch used her grandmother's name as an alias in her communications."
        },
        {
            "source": 2,
            "target": 4,
            "relation": "used an alias",
            "description": "Her mother communicates via the DOJ using her grandmother's name."
        },
        {
            "source": 3,
            "target": 5,
            "relation": "used an alias",
            "description": "Her grandmother communicates to the DOJ as well."
        }
    ]
}