{
    "nodes": [
        {
            "id": 1,
            "label": "Chuck Atkins",
            "type": "person"
        },
        {
            "id": 2,
            "label": " margaret Atkins",
            "type": "person"
        },
        {
            "id": 3,
            "label": "Mika PS",
            "type": "person"
        }
    ],
    "edges": [
        {
            "source": 1,
            "target": 2,
            "relation": "different groups fighting for anti-intellectualism",
            "description": "supporting their efforts to help others who are anti-intellectual."
        }
    ]
}