{
    "nodes": [
        {
            "id": 1,
            "label": "Mainstream news channels",
            "type": "\u7ec4\u7ec7"
        },
        {
            "id": 2,
            "label": "Abortion",
            "type": "\u4e8b\u4ef6\u6216\u73b0\u8c61"
        },
        {
            "id": 3,
            "label": "CBS News",
            "type": "\u65b0\u95fb\u673a\u6784"
        },
        {
            "id": 4,
            "label": "Iceland",
            "type": "\u56fd\u5bb6"
        },
        {
            "id": 5,
            "label": "Down syndrome",
            "type": "\u75be\u75c5\u6216\u95ee\u9898"
        },
        {
            "id": 6,
            "label": "98%",
            "type": "\u6570\u5b57\u6216\u7edf\u8ba1\u503c"
        },
        {
            "id": 7,
            "label": "77%",
            "type": "\u6570\u5b57\u6216\u7edf\u8ba1\u503c"
        },
        {
            "id": 8,
            "label": "100%",
            "type": "\u6570\u5b57\u6216\u7edf\u8ba1\u503c"
        },
        {
            "id": 9,
            "label": "Helga Sol",
            "type": "\u4eba\u7269/\u4e2a\u4eba"
        },
        {
            "id": 10,
            "label": "Penny Nace",
            "type": "\u4eba\u7269/\u4e2a\u4eba"
        },
        {
            "id": 11,
            "label": "Iceland hospital counselor",
            "type": "\u7ec4\u7ec7/\u4eba\u7269"
        },
        {
            "id": 12,
            "label": "eugenics and barbarianism",
            "type": "\u73b0\u8c61/\u95ee\u9898"
        }
    ],
    "edges": [
        {
            "source": 2,
            "target": 5,
            "relation": "\u8fd9\u662f\u4e00\u4e2a\u7cfb\u7edf\u6027\u7684\u6b67\u89c6\uff0c\n\u4ece\u5973\u6027\u7684\u89d2\u5ea6\u51fa\u53d1\u8ba8\u8bba\u5979\u4eec\u7684\u9009\u62e9\u3002",
            "description": "\u8fd9\u662f\u4e00\u4e2a\u7cfb\u7edf\u6027\u504f\u89c1\uff0c\n\u4ece\u5973\u6027\u7684\u89d2\u5ea6\u51fa\u53d1\u8ba8\u8bba\u5979\u4eec\u7684\u9009\u62e9\u3002"
        },
        {
            "source": 1,
            "target": 3,
            "relation": "\u4e00\u4e2a\u5178\u578b\u7684\u65b0\u95fb\u62a5\u9053",
            "description": "\u4e00\u4e2a\u5178\u578b\u7684\u65b0\u95fb\u62a5\u9053\u3002"
        }
    ]
}