{
    "nodes": [
        {
            "id": 1,
            "label": "Hispanic American supporting Trump",
            "type": "person"
        },
        {
            "id": 2,
            "label": "Trump supporter beaten up",
            "type": "person"
        },
        {
            "id": 3,
            "label": "Meet someone they're upset with",
            "type": "person"
        },
        {
            "id": 4,
            "label": "Media/bumper sticker image",
            "type": "organization"
        },
        {
            "id": 5,
            "label": "First Trump rally",
            "type": "location"
        }
    ],
    "edges": [
        {
            "source": 1,
            "target": 2,
            "relation": "Interacted with past supporter who beat them",
            "description": "A relationship between the person and their former supporter during personal conflict."
        },
        {
            "source": 1,
            "target": 3,
            "relation": "Met someone they're upset with because of their support",
            "description": "An interaction where the media influenced others due to their support for Trump."
        },
        {
            "source": 2,
            "target": 4,
            "relation": "Influenced by media/memoirs ( bumper sticker) about Trump supporters being racists",
            "description": "A media organization's role in shaping public discourse through propaganda."
        },
        {
            "source": 2,
            "target": 5,
            "relation": "Influenced discussions on hate speech and cultural appropriation by others",
            "description": "An edge reflecting the impact of media/memoirs on public opinion."
        }
    ]
}