{
    "nodes": [
        {
            "id": 1,
            "label": "Steven Emery",
            "type": "person"
        },
        {
            "id": 2,
            "label": "Pro-Trump attendees",
            "type": "person"
        },
        {
            "id": 3,
            "label": "Bikers",
            "type": "person"
        },
        {
            "id": 4,
            "label": "People who were previously anti-Trump but now support Trump",
            "type": "organization"
        },
        {
            "id": 5,
            "label": "Anti-Apartech group",
            "type": "organization"
        },
        {
            "id": 6,
            "label": "Other anti-Trump groups",
            "type": "organization"
        }
    ],
    "edges": [
        {
            "source": 1,
            "target": 2,
            "relation": "Influenced by Pro-Trump",
            "description": "Steven Emery influenced the support of Pro-Trump attendees."
        },
        {
            "source": 3,
            "target": 4,
            "relation": "Connected to people who were anti-Trump but now support Trump",
            "description": "People who were previously against Trump have started influencing him."
        },
        {
            "source": 1,
            "target": 5,
            "relation": "Influenced by Pro-Trump supporters",
            "description": "Steven Emery's actions have influenced the support of Pro-Trump attackers."
        },
        {
            "source": 3,
            "target": 6,
            "relation": "Connected to other anti-Trump groups",
            "description": "Anti-Apartech and other anti-Trump groups have influenced people."
        }
    ]
}