{
    "nodes": [
        {
            "id": 1,
            "label": "Dinesh D Souza",
            "type": "person"
        },
        {
            "id": 2,
            "label": "The Big Lie",
            "type": "book"
        },
        {
            "id": 3,
            "label": "President Trump",
            "type": "person"
        },
        {
            "id": 4,
            "label": "The Woman",
            "type": "text"
        },
        {
            "id": 5,
            "label": "Obama 2016",
            "type": "text"
        },
        {
            "id": 6,
            "label": "The Left",
            "type": "organization"
        },
        {
            "id": 7,
            "label": "President Trump's arguments",
            "type": "text"
        }
    ],
    "edges": [
        {
            "source": 1,
            "target": 2,
            "relation": "Dinesh D Souza is a text about The Big Lie and his arguments related to the left's leadership and policies about Obama in 2016",
            "description": "Dinesh D Souza's book 'The Big Lie' discusses The Left's leadership and policies regarding Obama in 2016."
        },
        {
            "source": 1,
            "target": 7,
            "relation": "President Trump supports Dinesh D Souza's arguments",
            "description": "Presumably, President Trump is associated with or supports the arguments made by Dinesh D Souza."
        }
    ]
}