{
    "nodes": [
        {
            "id": 1,
            "label": "President Donald Trump",
            "type": "person"
        },
        {
            "id": 2,
            "label": "Laura Bush",
            "type": "person"
        },
        {
            "id": 3,
            "label": "Markus Jordan",
            "type": "person"
        },
        {
            "id": 4,
            "label": "Alexei Vodorov",
            "type": "person"
        },
        {
            "id": 5,
            "label": "John Kelly",
            "type": "person"
        }
    ],
    "edges": [
        {
            "source": 1,
            "target": 2,
            "relation": "called",
            "description": "President Donald Trump called Laura Bush out on Twitter on Thursday."
        },
        {
            "source": 1,
            "target": 3,
            "relation": "called",
            "description": "President Donald Trump called Markus Jordan out on Twitter on Thursday."
        },
        {
            "source": 1,
            "target": 4,
            "relation": "called",
            "description": "President Donald Trump called Alexei Vodorov out on Twitter on Thursday."
        },
        {
            "source": 1,
            "target": 5,
            "relation": "called",
            "description": "President Donald Trump called John Kelly out on Twitter on Thursday."
        }
    ]
}