{
    "nodes": [
        {
            "id": 1,
            "label": "Protest at Phoenix Rally",
            "type": "location"
        },
        {
            "id": 2,
            "label": "Police Van",
            "type": "location"
        },
        {
            "id": 3,
            "label": "Report Room",
            "type": "location"
        },
        {
            "id": 4,
            "label": "Antifaction",
            "type": "group/entity"
        },
        {
            "id": 5,
            "label": "Gang Sigma Signs",
            "type": "group/entity"
        },
        {
            "id": 6,
            "label": "Jeff Fakhruddin",
            "type": "person"
        },
        {
            "id": 7,
            "label": "Fox Business Reporter",
            "type": "person"
        },
        {
            "id": 8,
            "label": "Jim Hoft",
            "type": "person"
        }
    ],
    "edges": [
        {
            "source": 1,
            "target": 2,
            "relation": "attacked by",
            "description": "Protest protesters were attacked on a police van."
        },
        {
            "source": 1,
            "target": 3,
            "relation": "received rubber bullet to the groin",
            "description": "Protesters received a rubber bullet to the groin after being attacked."
        },
        {
            "source": 1,
            "target": 4,
            "relation": "smashed tear gas can",
            "description": "Watch video above for how the protester kicked the tear gas away and received a rubber bullet to the groin in a shot."
        },
        {
            "source": 2,
            "target": 6,
            "relation": "jumped over door while being hit by punch",
            "description": "Protesters got punched by Black Trump supporter in the face when they jumped over a door while being hit by a rubber bullet."
        },
        {
            "source": 3,
            "target": 7,
            "relation": "escaped by person",
            "description": "Protesters were Escorted away by a Fox Business reporter."
        },
        {
            "source": 4,
            "target": 8,
            "relation": "lived in a building",
            "description": "Protesters lived in a building near the rally."
        },
        {
            "source": 5,
            "target": 8,
            "relation": "smashed report card",
            "description": "Antifaction members smashed the #PhoenixRally report card."
        }
    ]
}