{
    "nodes": [
        {
            "id": 1,
            "label": "John Brennan",
            "type": "person"
        },
        {
            "id": 2,
            "label": "Timothy Blixseth",
            "type": "person"
        },
        {
            "id": 3,
            "label": "G. Murray Snow",
            "type": "person"
        },
        {
            "id": 4,
            "label": "John Roberts",
            "type": "person"
        },
        {
            "id": 5,
            "label": "U.S. Supreme Court Chief Justice John Roberts",
            "type": "person"
        },
        {
            "id": 6,
            "label": "Federal Judge G. Murray Snow",
            "type": "person"
        },
        {
            "id": 7,
            "label": "CIA Director James Clapper",
            "type": "person"
        },
        {
            "id": 8,
            "label": "Maricopa County Sheriff Joe Arpaio",
            "type": "organization"
        }
    ],
    "edges": [
        {
            "source": 1,
            "target": 2,
            "relation": "hacked by",
            "description": "Tapes released by Federal Judge G. Murray Snow preserved on a Whistleblower Soundcloud page."
        },
        {
            "source": 3,
            "target": 7,
            "relation": "hacked by",
            "description": "Tapes released by Federal Judge G. Murray Snow preserved on a Whistleblower Soundcloud page."
        },
        {
            "source": 4,
            "target": 7,
            "relation": "hacked by",
            "description": "Tapes released by Federal Judge G. Murray Snow preserved on a Whistleblower Soundcloud page."
        },
        {
            "source": 3,
            "target": 5,
            "relation": "hacked by",
            "description": "Tapes released by Federal Judge G. Murray Snow preserved on a Whistleblower Soundcloud page."
        },
        {
            "source": 2,
            "target": 5,
            "relation": "hacked by",
            "description": "Tapes released by Federal Judge G. Murray Snow preserved on a Whistleblower Soundcloud page."
        }
    ]
}