{
    "nodes": [
        {
            "id": 1,
            "label": "Donald Trump",
            "type": "person"
        },
        {
            "id": 2,
            "label": "Barack Obama",
            "type": "person"
        },
        {
            "id": 3,
            "label": "James Smith",
            "type": "person"
        },
        {
            "id": 4,
            "label": "Mark Sable",
            "type": "person"
        },
        {
            "id": 5,
            "label": "John 56172340",
            "type": "person"
        },
        {
            "id": 6,
            "label": "Dr. Daryl E. Johnson",
            "type": "person"
        },
        {
            "id": 7,
            "label": "Sarah Stovall",
            "type": "person"
        },
        {
            "id": 8,
            "label": "Michael McLaughlin",
            "type": "person"
        }
    ],
    "edges": [
        {
            "source": 1,
            "target": 2,
            "relation": "involved in political moves and scientific discussions.",
            "description": " Donald Trump's political actions intersect with the scientific narrative."
        },
        {
            "source": 3,
            "target": 4,
            "relation": "participated in email chain during the scandal.",
            "description": " James Smith, Mark Sable were part of the discussions following the 2011 Climategate scandal."
        },
        {
            "source": 5,
            "target": 6,
            "relation": "involved in reports on global warming data.",
            "description": " John 56172340 and others were involved with the scientific findings discussed in the report."
        }
    ]
}