{
    "nodes": [
        {
            "id": 1,
            "label": "Nancy Pelosi",
            "type": "person"
        },
        {
            "id": 2,
            "label": "Josh Caplan",
            "type": "person"
        },
        {
            "id": 3,
            "label": "PELOSI",
            "type": "person"
        }
    ],
    "edges": [
        {
            "source": 1,
            "target": 2,
            "relation": "protecting the American people",
            "description": "Support and defend the Constitution of the United States."
        },
        {
            "source": 1,
            "target": 3,
            "relation": "protecting the American people",
            "description": "Support and defend the Constitution of the United States."
        }
    ]
}