{
    "nodes": [
        {
            "id": 1,
            "label": "Professor Bassem Alhalabi",
            "type": "person"
        },
        {
            "id": 2,
            "label": "FAU University (Florida Atlantic University)",
            "type": "organization"
        },
        {
            "id": 3,
            "label": "Dr. Rich Swier",
            "type": "author"
        },
        {
            "id": 4,
            "label": "Dr. Bassam Alhalabi",
            "type": "person"
        },
        {
            "id": 5,
            "label": "Event: Interfaith Cafe: Sharia Law and U.S. Law",
            "type": "event"
        }
    ],
    "edges": [
        {
            "source": 1,
            "target": 2,
            "relation": "Coach of FAU University at the time of the meeting",
            "description": "FAU University provided support for the professors during the event"
        },
        {
            "source": 3,
            "target": 4,
            "relation": "Defense and record made by Dr. Bassem Alhalabi in person",
            "description": "Dr. Alhalabi recorded his defense at FAU"
        },
        {
            "source": 5,
            "target": 2,
            "relation": "Recorded on FAU campus",
            "description": "The record was made on the FAU campus during the event"
        }
    ]
}