{
    "nodes": [
        {
            "id": 1,
            "label": "Rep. Vicky Hartzler, R-Mo.",
            "type": "person"
        },
        {
            "id": 2,
            "label": "Jared Polis, D-Colo.",
            "type": "person"
        },
        {
            "id": 3,
            "label": "Pentagon",
            "type": "organization"
        },
        {
            "id": 4,
            "label": "DoD",
            "type": "organization"
        },
        {
            "id": 5,
            "label": "HHS",
            "type": "organization"
        },
        {
            "id": 6,
            "label": "Washington Examiner",
            "type": "organization"
        }
    ],
    "edges": [
        {
            "source": 1,
            "target": 3,
            "relation": "Rep. Hartzler supports her proposal",
            "description": "Reps Vicky Hartzler co-chairs the LGBT Equality Causality group who oppose Obama transgender policy."
        },
        {
            "source": 2,
            "target": 4,
            "relation": "Rep. Polis chairs the LGBT Equality Causality group that opposes Obama's transgender policy",
            "description": "Co-Chair of the LGBT Equality Causality group opposing Obama's transgender military proposal."
        },
        {
            "source": 1,
            "target": 5,
            "relation": "Rep. Hartzler supports her amendment to increase readiness for transgender soldiers",
            "description": "Her support increased readiness for transgender military service."
        },
        {
            "source": 3,
            "target": 4,
            "relation": "Pentagon funds medical treatments beyond just surgery in the transgender policy initiative",
            "description": "Pentagon's Department of Defense funds medical treatment including surgeries and hormone replacements."
        }
    ]
}