{
    "nodes": [
        {
            "id": 1,
            "label": "Maxine Waters",
            "type": "person"
        },
        {
            "id": 2,
            "label": "Rex Tillerson",
            "type": "person"
        },
        {
            "id": 3,
            "label": "North Korea",
            "type": "organization"
        }
    ],
    "edges": [
        {
            "source": 1,
            "target": 2,
            "relation": "work with North Korea for defense issues",
            "description": "Engage in diplomacy to address North Korean requests."
        },
        {
            "source": 3,
            "target": 1,
            "relation": "serving the people of North Korea",
            "description": "Provide support and security for North Korean interests."
        }
    ]
}