{
    "nodes": [
        {
            "id": 1,
            "label": "President Trump",
            "type": "person"
        },
        {
            "id": 2,
            "label": "GOP Senators",
            "type": "location"
        },
        {
            "id": 3,
            "label": "repealing Obamacare",
            "type": "text"
        }
    ],
    "edges": [
        {
            "source": 1,
            "target": 2,
            "relation": "called by President Trump on GOP Senators to continue working through August recess on repealing and replacing Obamacare.",
            "description": "President Trump called onGOP Senators to continue working through August recess on repealing and replacing Obamacare."
        },
        {
            "source": 1,
            "target": 3,
            "relation": "called by President Trump on the repealing and replacing of Obamacare",
            "description": "President Trump called on the repealing and replacing of Obamacare"
        },
        {
            "source": 2,
            "target": 3,
            "relation": "called byGOP Senators to work through August recess on repealing and replacing Obamacare",
            "description": "GOP Senators are calling to work through August recess on repealing and replacing Obamacare."
        }
    ]
}