{
    "nodes": [
        {
            "id": 1,
            "label": "President Trump",
            "type": "person"
        },
        {
            "id": 2,
            "label": "MS-13",
            "type": "name"
        },
        {
            "id": 3,
            "label": "paddy wagon",
            "type": "name"
        },
        {
            "id": 4,
            "label": "Law enforcement officer",
            "type": "person"
        }
    ],
    "edges": [
        {
            "source": 1,
            "target": 2,
            "relation": "endorsement of",
            "description": "endorsed police brutality in speech"
        },
        {
            "source": 1,
            "target": 3,
            "relation": "endorsement of",
            "description": "endorsed police brutality in speech"
        }
    ]
}