{
    "nodes": [
        {
            "id": 1,
            "label": "DNC leadership",
            "type": "person"
        },
        {
            "id": 2,
            "label": "DCCC",
            "type": "organization"
        },
        {
            "id": 3,
            "label": "Cybrary (now Cybrary.org)",
            "type": "organization"
        },
        {
            "id": 4,
            "label": "Hillary Clinton",
            "type": "person"
        },
        {
            "id": 5,
            "label": "Bernie Sanders",
            "type": "person"
        },
        {
            "id": 6,
            "label": "Debbie Wasserman Schultz",
            "type": "person"
        },
        {
            "id": 7,
            "label": "Guccifer 2.0",
            "type": "organization"
        },
        {
            "id": 8,
            "label": "Mitro",
            "type": "person"
        },
        {
            "id": 9,
            "label": "Alperovitch",
            "type": "person"
        }
    ],
    "edges": [
        {
            "source": 1,
            "target": 2,
            "relation": "DNC leadership led into primary race",
            "description": "Narcotics law passed in 2017, leading to Hillary Clinton's election."
        },
        {
            "source": 3,
            "target": 4,
            "relation": "DCCC was hacked by others",
            "description": "Coppersmith team compromising Cybrary for information."
        },
        {
            "source": 6,
            "target": 7,
            "relation": "Mitro leaked the DNC's 2016 race, Guccifer verified it.",
            "description": "GuCCer verified leaked documents and confirmed Mitro's involvement in the leak."
        },
        {
            "source": 7,
            "target": 8,
            "relation": "GuCCer verified the leak via GuCculc, which Mitro was a part of.",
            "description": "GuCCer and Mitro collaborated on verifying the leaked DNC race information."
        },
        {
            "source": 2,
            "target": 7,
            "relation": "DCCC hacked by MITRO through GuCCer's leak verification.",
            "description": "GuCCer verified GuCCer, then Mitro, who accessed DCCC accounts."
        }
    ]
}