{
    "nodes": [
        {
            "id": 1,
            "label": "Lo loco \u00e8 fedito with the_invader",
            "type": "invader"
        },
        {
            "id": 2,
            "label": "Castell Umberto",
            "type": "location"
        },
        {
            "id": 3,
            "label": "Georgeoney Lane\u5eb7\u83b1\u6069's mansion",
            "type": "location"
        }
    ],
    "edges": [
        {
            "source": 1,
            "target": 2,
            "relation": "Lo loco \u00e8 fedito with the_invader",
            "description": "The Italians are fed up with the invasion."
        },
        {
            "source": 1,
            "target": 3,
            "relation": "Fealedo",
            "description": "Castell Umberto was placed near Georgeoney Lane\u5eb7\u83b1\u6069's mansion."
        }
    ]
}