{
    "nodes": [
        {
            "id": 1,
            "label": "responded",
            "type": "person"
        },
        {
            "id": 2,
            "label": "obtained permit",
            "type": "node"
        },
        {
            "id": 3,
            "label": "counter-protesters",
            "type": "node"
        },
        {
            "id": 4,
            "label": "more hate",
            "type": "node"
        },
        {
            "id": 5,
            "label": "Barack Obama",
            "type": "person"
        },
        {
            "id": 6,
            "label": "Eric Holder",
            "type": "person"
        },
        {
            "id": 7,
            "label": "Al Sharpton",
            "type": "person"
        },
        {
            "id": 8,
            "label": "Loretta Lynch",
            "type": "node"
        }
    ],
    "edges": [
        {
            "source": 1,
            "target": 2,
            "relation": "responded_to",
            "description": "President Donald Trump responded to the violence in Charlottesville because of permits obtained by White Nationalists."
        },
        {
            "source": 2,
            "target": 3,
            "relation": "obtained_to",
            "description": "White Nationalists obtained a permit for counter-protesters in Charlottesville."
        },
        {
            "source": 3,
            "target": 4,
            "relation": "reacted_to",
            "description": "Counter-protesters responded to the violence by using violence to shut down free speech in America and around the world."
        },
        {
            "source": 4,
            "target": 5,
            "relation": "more_hated_by",
            "description": "The hate in Charlottesville is more than what has been seen since the civil rights movement."
        },
        {
            "source": 1,
            "target": 5,
            "relation": "responded_to",
            "description": "President Donald Trump responded to the violence in Charlottesville because of the racial divide created by Barack Obama."
        },
        {
            "source": 5,
            "target": 6,
            "relation": "created_a_racial_divide",
            "description": "Barack Obama created a racial divide since the civil rights movement."
        },
        {
            "source": 5,
            "target": 7,
            "relation": "led_to_the_violence",
            "description": "Barack Obama led to the violence by Eric Holder, Al Sharpton, and Loretta Lynch."
        },
        {
            "source": 1,
            "target": 8,
            "relation": "prayed_for",
            "description": "President Donald Trump must pray for him to heal the wounds created by Barack Obama, Eric Holder, Al Sharpton, and Loretta Lynch."
        },
        {
            "source": 2,
            "target": 5,
            "relation": "led_to_the_violence",
            "description": "White Nationalists led to the violence by counter-protesters in Charlottesville."
        },
        {
            "source": 3,
            "target": 4,
            "relation": "used_violence_to_shut_down_free_speech",
            "description": "Counter-protesters used violence to shut down free speech in America and around the world."
        }
    ]
}