{
    "nodes": [
        {
            "id": 1,
            "label": "President Trump",
            "type": "person"
        },
        {
            "id": 2,
            "label": "Vice President Pence",
            "type": "person"
        },
        {
            "id": 3,
            "label": "Opinions on Obama's Care Act",
            "type": "node"
        }
    ],
    "edges": [
        {
            "source": 1,
            "target": 3,
            "relation": "They discuss their opinions on the Affordable Care Act",
            "description": "Their discussion about their views on the law"
        },
        {
            "source": 1,
            "target": 2,
            "relation": "Participate in a conversation around health care policies",
            "description": "Involved in a lunch meeting discussing concerns about healthcare"
        },
        {
            "source": 3,
            "target": 2,
            "relation": "Confronted with the outcome of Senate Majority Leader's campaign",
            "description": "Reported third no-vote from a senator against a clean healthcare plan"
        }
    ]
}