{
    "nodes": [
        {
            "id": 1,
            "label": "five-year-old girl",
            "type": "person"
        },
        {
            "id": 2,
            "label": "Tower Hamlets borough council",
            "type": "organization"
        },
        {
            "id": 3,
            "label": "local authorities",
            "type": "organization"
        }
    ],
    "edges": [
        {
            "source": 1,
            "target": 2,
            "relation": "foster care placement from local authorities to the girl",
            "description": "The local authorities placed the girl in Tower Hamlets borough council."
        },
        {
            "source": 1,
            "target": 3,
            "relation": "foster care placement from other organization to the girl",
            "description": "Additionally, another foster care placement was made by [ unspecified specific organization] for the girl."
        }
    ]
}