{
    "nodes": [
        {
            "id": 1,
            "label": "Larissa Waters",
            "type": "person"
        },
        {
            "id": 2,
            "label": "W Winnipeg",
            "type": "location"
        },
        {
            "id": 3,
            "label": "Dual citizenship laws (CA & AU)",
            "type": "law"
        },
        {
            "id": 4,
            "label": "Renunciation of Canadian citizenship",
            "type": "event"
        }
    ],
    "edges": [
        {
            "source": 1,
            "target": 2,
            "relation": "dual_britain_and_australia_laws_applied",
            "description": "Larissa Waters was dual citizen from birth, leading to the application of Canadian laws upon her renunciation."
        },
        {
            "source": 1,
            "target": 4,
            "relation": "electuted before renunciation_impacted_consequences",
            "description": "Election in 2010 was affected by renunciation, which required active citizenship."
        },
        {
            "source": 1,
            "target": 3,
            "relation": "due_to_citizenship_breach",
            "description": "Resignation effective due to dual citizenship breach."
        }
    ]
}