{
    "nodes": [
        {
            "id": 1,
            "label": "United States",
            "type": "person"
        },
        {
            "id": 2,
            "label": "North Korea",
            "type": "nationaleur"
        },
        {
            "id": 3,
            "label": "Hermit Kingdom",
            "type": " Organique"
        },
        {
            "id": 4,
            "label": "GMTA (Guam Islands Territory)",
            "type": "zone"
        }
    ],
    "edges": [
        {
            "source": 1,
            "target": 4,
            "relation": "President Trump's actions regarding North Korea"
        },
        {
            "source": 3,
            "target": 4,
            "relation": "Hermit Kingdom plans to strike Guam"
        },
        {
            "source": 3,
            "target": 4,
            "relation": "Pre-emptive operation"
        }
    ]
}