{
    "nodes": [
        {
            "id": 1,
            "label": "Chelsea Clinton",
            "type": "person"
        },
        {
            "id": 2,
            "label": "Marc Mezvinsky",
            "type": "person"
        },
        {
            "id": 3,
            "label": "Bill Clinton",
            "type": "person"
        },
        {
            "id": 4,
            "label": "Military person who criticized Chelsea for transgenders",
            "type": "person"
        }
    ],
    "edges": [
        {
            "source": 1,
            "target": 4,
            "relation": "Chelsea criticized Trump on transgender military service",
            "description": "Chelsea expressed criticism about the President's ban on transgenders in the military."
        },
        {
            "source": 1,
            "target": 3,
            "relation": "Chelsea is connected to Marc Mezvinsky (they are related individuals)",
            "description": "Chelsea criticized Marc for criticizing Trump on transgenders in the military."
        },
        {
            "source": 3,
            "target": 4,
            "relation": "Chelsea is connected back to Bill Clinton",
            "description": "Chelsea expressed criticism in response to DADT regarding transgenders in the military."
        }
    ]
}