{
    "nodes": [
        {
            "id": 1,
            "label": "San Francisco",
            "type": "location"
        },
        {
            "id": 2,
            "label": "Berkeley",
            "type": "location"
        },
        {
            "id": 3,
            "label": "Joey Gibson",
            "type": "person"
        },
        {
            "id": 4,
            "label": "National Park Service",
            "type": "organization"
        },
        {
            "id": 5,
            "label": "Ed Lee",
            "type": "person"
        },
        {
            "id": 6,
            "label": "Some other person/s",
            "type": "person"
        }
    ],
    "edges": [
        {
            "source": 1,
            "target": 3,
            "relation": "Joey Gibson is at the Freedom Rally",
            "description": "Connected to Joey's event at San Francisco."
        },
        {
            "source": 2,
            "target": 5,
            "relation": "Ed Lee is at the No to Marxism in America rally",
            "description": "Connected to Ed Lee's event at Berkeley."
        }
    ]
}