{
    "nodes": [
        {
            "id": 1,
            "label": "Casey Stegall",
            "type": "person"
        },
        {
            "id": 2,
            "label": "Galveston, TX",
            "type": "location"
        },
        {
            "id": 3,
            "label": "A woman",
            "type": "person"
        },
        {
            "id": 4,
            "label": "The woman who gave beer",
            "type": "person"
        }
    ],
    "edges": [
        {
            "source": 1,
            "target": 2,
            "relation": "beer recipient",
            "description": "contributed the beer to Galveston, TX."
        },
        {
            "source": 1,
            "target": 4,
            "relation": "person",
            "description": "the woman who gave the beer contacted Casey Stegall."
        },
        {
            "source": 2,
            "target": 4,
            "relation": "location",
            "description": "galveston, tx is a location."
        },
        {
            "source": 2,
            "target": 4,
            "relation": "person",
            "description": "galveston, tx has affected the tornado warning."
        },
        {
            "source": 4,
            "target": 4,
            "relation": "person",
            "description": "the woman who gave beer is connected to the tornado warning."
        }
    ]
}