{
    "nodes": [
        {
            "id": 1,
            "label": "left",
            "type": "person"
        },
        {
            "id": 2,
            "label": "tension",
            "type": "time_and_place"
        },
        {
            "id": 3,
            "label": "event",
            "type": "event"
        },
        {
            "id": 4,
            "label": "protest",
            "type": "person"
        },
        {
            "id": 5,
            "label": "event",
            "type": "event"
        },
        {
            "id": 6,
            "label": "gallery",
            "type": "location"
        },
        {
            "id": 7,
            "label": "mccain",
            "type": "person"
        },
        {
            "id": 8,
            "label": "event",
            "type": "event"
        },
        {
            "id": 9,
            "label": "probability",
            "type": "relation"
        },
        {
            "id": 10,
            "label": "person",
            "type": "person"
        },
        {
            "id": 11,
            "label": "event",
            "type": "event"
        },
        {
            "id": 12,
            "label": "short_advised",
            "type": "relation"
        },
        {
            "id": 13,
            "label": "vice_president",
            "type": "person"
        },
        {
            "id": 14,
            "label": "person",
            "type": "person"
        },
        {
            "id": 15,
            "label": "party",
            "type": "category"
        },
        {
            "id": 16,
            "label": "party",
            "type": "category"
        },
        {
            "id": 17,
            "label": "place",
            "type": "location"
        },
        {
            "id": 18,
            "label": "concert",
            "type": "location"
        },
        {
            "id": 19,
            "label": "government",
            "type": "organization"
        },
        {
            "id": 20,
            "label": "government_building",
            "type": "location"
        },
        {
            "id": 21,
            "label": "economic_data",
            "type": "category"
        }
    ],
    "edges": [
        {
            "source": 1,
            "target": 4,
            "relation": "person",
            "description": "The left person is the label of person 1."
        },
        {
            "source": 2,
            "target": 3,
            "relation": "time_and_place",
            "description": "tension is a time_and_place event."
        },
        {
            "source": 4,
            "target": 5,
            "relation": "person",
            "description": "The protest is the label of person 4."
        },
        {
            "source": 3,
            "target": 6,
            "relation": "event",
            "description": "This is an event."
        },
        {
            "source": 5,
            "target": 8,
            "relation": "person",
            "description": "The protest is the label of person 5."
        },
        {
            "source": 6,
            "target": 7,
            "relation": "event",
            "description": "This is an event."
        },
        {
            "source": 8,
            "target": 9,
            "relation": "person",
            "description": "The McCain person is the label of person 8."
        },
        {
            "source": 3,
            "target": 10,
            "relation": "event",
            "description": "This event is the label of event 10."
        },
        {
            "source": 7,
            "target": 9,
            "relation": "person",
            "description": "The McCain person is the label of person 7."
        }
    ]
}