{
    "nodes": [
        {
            "id": 1,
            "label": "VICE Magazine",
            "type": "published"
        },
        {
            "id": 2,
            "label": "Leftists",
            "type": "group trying to separate themselves"
        },
        {
            "id": 3,
            "label": " destroy monuments",
            "type": "relation indicating destructive actions on historical markers"
        },
        {
            "id": 4,
            "label": "separate from terrorists",
            "type": "relation indicating opposition to terrorist group"
        },
        {
            "id": 5,
            "label": "General and President George Washington",
            "type": "person"
        },
        {
            "id": 6,
            "label": "Thomas Jefferson",
            "type": "person"
        },
        {
            "id": 7,
            "label": "Mount Rushmore",
            "type": "text"
        }
    ],
    "edges": [
        {
            "source": 2,
            "target": 3,
            "relation": "group trying to separate themselves",
            "description": "Actions through destruction of historical sites"
        },
        {
            "source": 2,
            "target": 4,
            "relation": "oppose terrorist group",
            "description": " opposed to the actions of Islamic terrorists"
        },
        {
            "source": 1,
            "target": 5,
            "relation": "relation indicating destructive actions on historical markers"
        },
        {
            "source": 1,
            "target": 6,
            "relation": "relation indicating opposition to terrorist group"
        }
    ]
}