{
    "nodes": [
        {
            "id": 1,
            "label": " Senator Jeanne Shaheen",
            "type": "person"
        },
        {
            "id": 2,
            "label": " MSNBC",
            "type": "organization"
        },
        {
            "id": 3,
            "label": "<https://www.senatejeaneshanena.com>",
            "type": "website"
        },
        {
            "id": 4,
            "label": "Foreign Relations Committee",
            "type": "office"
        },
        {
            "id": 5,
            "label": "Chris Matthews",
            "type": "person"
        }
    ],
    "edges": [
        {
            "source": 2,
            "target": 1,
            "relation": "asked",
            "description": ""
        },
        {
            "source": 1,
            "target": 4,
            "relation": "on",
            "description": ""
        },
        {
            "source": 1,
            "target": 3,
            "relation": "leaked",
            "description": ""
        }
    ]
}