{
    "nodes": [
        {
            "id": 1,
            "label": "Times Square",
            "type": "location"
        },
        {
            "id": 2,
            "label": "NYPD",
            "type": "organization"
        },
        {
            "id": 3,
            "label": "City officials",
            "type": "agent"
        },
        {
            "id": 4,
            "label": "City and the NYPD officers",
            "type": "agent"
        },
        {
            "id": 5,
            "label": "New York Post reporter",
            "type": "different medium"
        },
        {
            "id": 6,
            "label": "DM (Different Medium)",
            "type": "different medium"
        },
        {
            "id": 7,
            "label": "Minnie Mice",
            "type": "person"
        },
        {
            "id": 8,
            "label": "Mami",
            "type": "person"
        },
        {
            "id": 9,
            "label": "take a photo lady!",
            "type": "person"
        },
        {
            "id": 10,
            "label": "mudstorm hustler snarled to a Post reporter",
            "type": "person"
        }
    ],
    "edges": [
        {
            "source": 2,
            "target": 7,
            "relation": "agent",
            "description": "NYPD"
        },
        {
            "source": 3,
            "target": 7,
            "relation": "agent",
            "description": "City officials"
        },
        {
            "source": 4,
            "target": 8,
            "relation": "agent",
            "description": "City and the NYPD officers"
        },
        {
            "source": 6,
            "target": 10,
            "relation": "person",
            "description": "Different Medium"
        },
        {
            "source": 5,
            "target": 7,
            "relation": "unknown",
            "description": " tips"
        }
    ]
}