{
    "nodes": [
        {
            "id": 1,
            "label": "Waters",
            "type": "person"
        },
        {
            "id": 2,
            "label": "Reid",
            "type": "person"
        },
        {
            "id": 3,
            "label": "Moscow Russia",
            "type": "location"
        },
        {
            "id": 4,
            "label": "the Russians",
            "type": "person"
        }
    ],
    "edges": [
        {
            "source": 1,
            "target": 2,
            "relation": "some Republicans felt not knowing how to handle the situation or waiting for Trump to implode",
            "description": "Some Republicans felt not knowing how to handle the situation or simply waiting for Trump to collapse."
        },
        {
            "source": 3,
            "target": 4,
            "relation": "they move away from him",
            "description": "The White House leaks were welcomed and praised by the audience."
        },
        {
            "source": 1,
            "target": 2,
            "relation": "the White House leaks were welcome",
            "description": "using JSON notation. You can remove all other placeholders in this JSON string if desired."
        },
        {
            "source": 3,
            "target": 4,
            "relation": "mueller proving collusion between the two people is a witch hunt",
            "description": "the two people are considered colluding to investigate the 2016 election."
        }
    ]
}