{
    "nodes": [
        {
            "id": 1,
            "label": "Person",
            "type": "person",
            "attributes": {}
        },
        {
            "id": 2,
            "label": "Person",
            "type": "person",
            "attributes": {}
        },
        {
            "id": 3,
            "label": "Person",
            "type": "person",
            "attributes": {}
        },
        {
            "id": 4,
            "label": "Person",
            "type": "person",
            "attributes": {}
        },
        {
            "id": 5,
            "label": "Person",
            "type": "person",
            "attributes": {}
        },
        {
            "id": 6,
            "label": "Opposing Committee",
            "type": "organization",
            "attributes": {}
        },
        {
            "id": 7,
            "label": "Dems",
            "type": "person",
            "attributes": {}
        },
        {
            "id": 8,
            "label": "Cands",
            "type": "person",
            "attributes": {}
        }
    ],
    "edges": [
        {
            "source": 1,
            "target": 5,
            "relation": "Person",
            "description": "People in the political arena"
        },
        {
            "source": 2,
            "target": 6,
            "relation": "Opposing Committee",
            "description": "Organizational support for political activities"
        },
        {
            "source": 3,
            "target": 4,
            "relation": "Person",
            "description": "Dems criticize Tucker Carlson"
        },
        {
            "source": 5,
            "target": 6,
            "relation": "Person",
            "description": "Cands criticize his proposal to oust Trump"
        },
        {
            "source": 7,
            "target": 8,
            "relation": "Person",
            "description": "Raskin is a freshman in Congress"
        }
    ]
}