{
    "nodes": [
        {
            "id": 1,
            "label": "Equinox Los Angeles",
            "type": "location"
        },
        {
            "id": 2,
            "label": "Another Gym",
            "type": "organization"
        },
        {
            "id": 3,
            "label": "Equinox",
            "type": "person"
        },
        {
            "id": 4,
            "label": "Chloe Kardashian",
            "type": "person"
        },
        {
            "id": 5,
            "label": "Mickey Rourke",
            "type": "person"
        },
        {
            "id": 6,
            "label": "Renee Zellweger",
            "type": "person"
        },
        {
            "id": 7,
            "label": "Sean Combs",
            "type": "person"
        },
        {
            "id": 8,
            "label": "Donald J. Trump (celebrity)",
            "type": "person"
        }
    ],
    "edges": [
        {
            "source": 1,
            "target": 3,
            "relation": "Be a member of Equinox and you will pay for it.",
            "description": "You can join the gym at Equinox Los Angeles or another location."
        },
        {
            "source": 2,
            "target": 3,
            "relation": "Be a member of Equinox and you are treated kindly regardless of your beliefs.",
            "description": "Equinox is open to all, including transgenders."
        },
        {
            "source": 1,
            "target": 8,
            "relation": "You support the President (Donald J. Trump) and you should not be tolerated.",
            "description": "Supporters of the President at Equinox are treated kindly, as long as they pay fees."
        },
        {
            "source": 3,
            "target": 1,
            "relation": "Equinox handles supporters of conservative politicians with kindness and respect.",
            "description": "Equinox is aware that conservatives and specific conservative supporters (e.g., Trump) face discrimination and harassment."
        }
    ]
}