{
    "nodes": [
        {
            "id": 1,
            "label": "new policy for face-to-face interviews with applicants for citizenship",
            "type": "policy"
        },
        {
            "id": 2,
            "label": "breastfeeding reports from Breitbart",
            "type": "report"
        },
        {
            "id": 3,
            "label": "reports about Muslims converting to Christianity in Syria",
            "type": "report"
        },
        {
            "id": 4,
            "label": "reports about Muslims converting to Christianity in Lebanon",
            "type": "report"
        },
        {
            "id": 5,
            "label": "family of Ibrahim Ali",
            "type": "person"
        },
        {
            "id": 6,
            "label": "Ibrahim Ali's family member",
            "type": "person"
        },
        {
            "id": 7,
            "label": "U.S. Citizenship and Immigration Services",
            "type": "organization"
        },
        {
            "id": 8,
            "label": "Department of Homeland Security announcement",
            "type": "announcement"
        },
        {
            "id": 9,
            "label": "travel ban on six Muslim-majority countries",
            "type": "measurement"
        }
    ],
    "edges": [
        {
            "source": 5,
            "target": 6,
            "relation": "family member",
            "description": "Ibrahim Ali and his family member."
        },
        {
            "source": 3,
            "target": 9,
            "relation": "relates to",
            "description": "Muslim conversions in Syria."
        },
        {
            "source": 4,
            "target": 9,
            "relation": "relates to",
            "description": "Muslim conversions in Lebanon."
        },
        {
            "source": 2,
            "target": 1,
            "relation": "breastfeeding reports",
            "description": "Reports about individuals converting to Christianity for asylum."
        },
        {
            "source": 7,
            "target": 8,
            "relation": "organization",
            "description": "U.S. C.I.A. announces new policy."
        }
    ]
}