{
    "nodes": [
        {
            "id": 1,
            "label": "Amal Clooney",
            "type": "person"
        },
        {
            "id": 2,
            "label": "George Clooney",
            "type": "person"
        },
        {
            "id": 3,
            "label": "Ella Clooney",
            "type": "family member"
        },
        {
            "id": 4,
            "label": "Alexander Clooney",
            "type": "family member"
        }
    ],
    "edges": [
        {
            "source": 1,
            "target": 2,
            "relation": "person moving back",
            "description": "Amal moving from Texas to England."
        },
        {
            "source": 2,
            "target": 3,
            "relation": "parentage",
            "description": "Ella is now George and Amal's daughter."
        },
        {
            "source": 2,
            "target": 4,
            "relation": "parentage",
            "description": "Alexander is now George and Amal's son."
        },
        {
            "source": 3,
            "target": 3,
            "relation": "person moving back",
            "description": "Ella moving from England to LA."
        },
        {
            "source": 4,
            "target": 4,
            "relation": "person moving back",
            "description": "Alexander moving from England to LA."
        }
    ]
}