{
    "nodes": [
        {
            "id": 1,
            "label": "Lynnette Hardway",
            "type": "person"
        },
        {
            "id": 2,
            "label": "Rochelle Richardson",
            "type": "person"
        },
        {
            "id": 3,
            "label": "@YouTube",
            "type": "\u7ec4\u7ec7"
        },
        {
            "id": 4,
            "label": "@TeamYouTube",
            "type": "\u7ec4\u7ec7"
        },
        {
            "id": 5,
            "label": "\u4e8b\u4ef6",
            "type": "\u4e8b\u4ef6"
        },
        {
            "id": 6,
            "label": "Diamond and Silk",
            "type": "\u7ec4\u7ec7"
        },
        {
            "id": 7,
            "label": "\u58f0\u660e",
            "type": "\u58f0\u660e"
        }
    ],
    "edges": [
        {
            "source": 1,
            "target": 5,
            "relation": "Lynnette Hardway and Rochelle Richardson",
            "description": "Nodes of Lynnette Hardway and Rochelle Richardson."
        },
        {
            "source": 2,
            "target": 6,
            "relation": "Rochelle Richardson",
            "description": "Lynnette Hardway"
        },
        {
            "source": 3,
            "target": 5,
            "relation": "@YouTube",
            "description": "\u7ec4\u7ec7 @YouTube and @TeamYouTube."
        },
        {
            "source": 4,
            "target": 6,
            "relation": "@TeamYouTube",
            "description": "\u7ec4\u7ec7 @YouTube and @TeamYouTube."
        },
        {
            "source": 5,
            "target": 7,
            "relation": "\u4e8b\u4ef6",
            "description": " occurred through the YouTube videos of Lynnette Hardway and Rochelle Richardson."
        },
        {
            "source": 6,
            "target": 7,
            "relation": "\u7ec4\u7ec7",
            "description": "Diamond and Silk is an organization that has contributed to the monetization of Lynnette Hardway and Rochelle Richardson's YouTube videos."
        }
    ]
}