{
    "nodes": [
        {
            "id": 1,
            "label": "Vladimir Putin",
            "type": "person"
        },
        {
            "id": 2,
            "label": "Donald Trump",
            "type": "person"
        }
    ],
    "edges": [
        {
            "source": 1,
            "target": 2,
            "relation": "opposition towards the U.S.",
            "description": "Vladimir Putin's opposition to Donald Trump and their diplomatic actions"
        }
    ]
}