{
    "nodes": [
        {
            "id": 1,
            "label": "Secretary of State Rex Tillerson",
            "type": "person"
        },
        {
            "id": 2,
            "label": "Foreign Minister AL-THANI",
            "type": "person"
        },
        {
            "id": 3,
            "label": "WE LOVE THIS GUY!!!",
            "type": "text"
        }
    ],
    "edges": [
        {
            "source": 1,
            "target": 2,
            "relation": "Are you committed to staying in your position as Secretary of State?",
            "description": "As long as the President lets me."
        },
        {
            "source": 1,
            "target": 3,
            "relation": "How long will you stay for?",
            "description": "I m not going anywhere."
        },
        {
            "source": 1,
            "target": 3,
            "relation": "How s your relationship with the President right now?",
            "description": "It s good."
        }
    ]
}