{
    "nodes": [
        {
            "id": 1,
            "label": "Katie Couric",
            "type": "person"
        },
        {
            "id": 2,
            "label": "Charlottesville, VA",
            "type": "location"
        },
        {
            "id": 3,
            "label": "Mike Cernovich",
            "type": "person"
        },
        {
            "id": 4,
            "label": "AntiFa",
            "type": "organization"
        },
        {
            "id": 5,
            "label": "Boca Vista",
            "type": "location"
        },
        {
            "id": 6,
            "label": "Fox News",
            "type": "organization"
        }
    ],
    "edges": [
        {
            "source": 1,
            "target": 2,
            "relation": "was an event at location Charlottesville involving Katie Couric and two of her producers.",
            "description": "Katie Couric took to Twitter to call out Charlottesville, VA protesters who allegedly sprayed urine at two of her producers."
        },
        {
            "source": 1,
            "target": 5,
            "relation": "reacted to the incident with Mike Cernovich",
            "description": "Mike Cernovich verified what Katie Couric reported: AntiFa, a left wing organization, threw urine on a left wing media outlet."
        },
        {
            "source": 1,
            "target": 5,
            "relation": "was involved in the event",
            "description": "Katie Couric (@katiecouric) August 12, 2017"
        },
        {
            "source": 3,
            "target": 4,
            "relation": "is part of the same group as Katie Couric.",
            "description": "AntiFa is a group that Katie expressed support for."
        },
        {
            "source": 3,
            "target": 5,
            "relation": "participated in the anti-fa movement",
            "description": "Mike Cernovich comments on how other groups like BLM are involved in the rally."
        },
        {
            "source": 4,
            "target": 6,
            "relation": "is part of the same group as Mike Cernovich.",
            "description": "AntiFa is a group that Mike Cernovich expressed support for."
        }
    ]
}