{
    "nodes": [
        {
            "id": 1,
            "label": "Brian Stelter",
            "type": "Politician"
        },
        {
            "id": 2,
            "label": "Ken Kurson",
            "type": "Editor"
        }
    ],
    "edges": [
        {
            "source": 1,
            "target": 2,
            "relation": "Critique of the mainstream media's role in Trump's crisis",
            "description": "Brian Stelter critiques the mainstream media's role in covering the Trump administration and its reaction to the crisis."
        },
        {
            "source": 1,
            "target": 2,
            "relation": "Media criticism from the editor's perspective",
            "description": "Brian Stelter criticizes the editor's perspective on covering the media's role in Trump's crisis."
        },
        {
            "source": 2,
            "target": 2,
            "relation": "Press's response to media attacks",
            "description": "Ken Kurson discusses how the press reacts to media attacks and their critique of mainstream journalism."
        }
    ]
}