{
    "nodes": [
        {
            "id": 1,
            "label": "President Trump",
            "type": "person"
        },
        {
            "id": 2,
            "label": "Obama administration",
            "type": "organization"
        },
        {
            "id": 3,
            "label": "Joe Arpaio",
            "type": "person"
        },
        {
            "id": 4,
            "label": "Wendell Callahan",
            "type": "person"
        },
        {
            "id": 5,
            "label": "Franklin County Prosecutor Ron O Brien",
            "type": "person"
        },
        {
            "id": 6,
            "label": "Federal Sentencing Commission",
            "type": "organization"
        }
    ],
    "edges": [
        {
            "source": 1,
            "target": 4,
            "relation": "President Trump called Wendell at the end of pardoning Joe Arpaio after his arrest.",
            "description": "President Trump called Wendell immediately after he was pardoned for his arrest."
        },
        {
            "source": 2,
            "target": 1,
            "relation": "Obama released federal inmates in 2016, including Wendell Callahan and his victims.",
            "description": "The Obama administration released 6,000 drug convicts as part of the nation's efforts to reform the justice system."
        },
        {
            "source": 5,
            "target": 4,
            "relation": "Thetruck in Franklin County indicted Wendell Callahan on multiple counts for the triple murders.",
            "description": "Franklin County Prosecutor Ron O Brien announced the indictment of Wendell Callahan after he left prison early."
        },
        {
            "source": 5,
            "target": 6,
            "relation": "Thetruck released Wendell Callahan before his four-year-old release from jail because federal sentencing guidelines reduced the maximum sentence for crack dealers.",
            "description": "Thetruck lowered the maximum sentences for drug offenders and made it retroactive, allowing thousands of violent criminals to be released."
        }
    ]
}