{
    "nodes": [
        {
            "id": 1,
            "label": "Tom Price",
            "type": "person"
        },
        {
            "id": 2,
            "label": "Trump administration",
            "type": "organization"
        },
        {
            "id": 3,
            "label": "Karen Handel",
            "type": "person"
        },
        {
            "id": 4,
            "label": "Nancy Pelosi",
            "type": "person"
        },
        {
            "id": 5,
            "label": "Barack Obama",
            "type": "person"
        },
        {
            "id": 6,
            "label": "Bernie Sanders",
            "type": "person"
        }
    ],
    "edges": [
        {
            "source": 1,
            "target": 2,
            "relation": "won seat from",
            "description": ""
        },
        {
            "source": 3,
            "target": 4,
            "relation": "lost to",
            "description": ""
        },
        {
            "source": 4,
            "target": 6,
            "relation": "subject of smears",
            "description": "right-wing misogynistic and anti-gay smears"
        }
    ]
}