{
    "nodes": [
        {
            "id": 1,
            "label": "University of Georgia professor",
            "type": "person"
        },
        {
            "id": 2,
            "label": "Stress reduction policy",
            "type": "stress_reduction_policy"
        },
        {
            "id": 3,
            "label": "Students",
            "type": "student"
        },
        {
            "id": 4,
            "label": "Grades",
            "type": "grade"
        },
        {
            "id": 5,
            "label": "Course",
            "type": "course"
        },
        {
            "id": 6,
            "label": "Online course syllabus",
            "type": "syllable"
        },
        {
            "id": 7,
            "label": "Presentation",
            "type": "presentation"
        }
    ],
    "edges": [
        {
            "source": 3,
            "target": 5,
            "relation": "Grades are assigned to students based on their course syllabus.",
            "description": "Students can select their grades based on the syllabus."
        },
        {
            "source": 2,
            "target": 5,
            "relation": "The stress reduction policy applies to all syllables of Data Management and Energy Informatics courses.",
            "description": "All course materials (syllables) will be open book and open notes."
        },
        {
            "source": 7,
            "target": 3,
            "relation": "Only positive comments are allowed on presentations, while non-group comments require emails.",
            "description": "Positive comments are allowed; group comments must be communicated via email."
        }
    ]
}