{
    "nodes": [
        {
            "id": 1,
            "label": "CNN",
            "type": "organization"
        },
        {
            "id": 2,
            "label": "Jeffrey Lord",
            "type": "person"
        },
        {
            "id": 3,
            "label": "Sieg Heil!",
            "type": "text"
        },
        {
            "id": 4,
            "label": "Stazi Tactics",
            "type": "text"
        },
        {
            "id": 5,
            "label": "activist",
            "type": "person"
        }
    ],
    "edges": [
        {
            "source": 1,
            "target": 2,
            "relation": "mocked fascists",
            "description": "Jeffrey Lord responded to the Stazi tactics used by the media matters"
        },
        {
            "source": 1,
            "target": 3,
            "relation": "mocked fascists",
            "description": "CNN severed ties with Jeffrey Lord on Thursday, hours after he ignited controversy by tweeting the words Sieg Heil!"
        },
        {
            "source": 4,
            "target": 5,
            "relation": "mocked fascists",
            "description": "Jeffrey Lord is no longer with the network."
        }
    ]
}