{
    "nodes": [
        {
            "id": 1,
            "label": "Vickie Paladino",
            "type": "person"
        },
        {
            "id": 2,
            "label": "her husband",
            "type": "person"
        },
        {
            "id": 3,
            "label": "mayor de Blasio",
            "type": "person"
        },
        {
            "id": 4,
            "label": "Marcia Kramer",
            "type": "reporter"
        },
        {
            "id": 5,
            "label": "ADVERTISING CBS reporter",
            "type": "reporter"
        }
    ],
    "edges": [
        {
            "source": 1,
            "target": 2,
            "relation": "yell",
            "description": "Vickie Paladino yells at mayor de Blasio over his trip to Germany."
        },
        {
            "source": 4,
            "target": 5,
            "relation": "fled",
            "description": "Marcia Kramer reports that mayor de Blasio fled after being criticized by Vickie Paladino and other people."
        }
    ]
}