{
    "nodes": [
        {
            "id": 1,
            "label": "Keith Olbermann",
            "type": "person"
        },
        {
            "id": 2,
            "label": "Tom Perez",
            "type": "person"
        },
        {
            "id": 3,
            "label": "Maxine Waters",
            "type": "person"
        },
        {
            "id": 4,
            "label": "Donald Trump",
            "type": "person"
        },
        {
            "id": 5,
            "label": "Donkey",
            "type": "person"
        },
        {
            "id": 6,
            "label": "Potty Mouth",
            "type": "person"
        },
        {
            "id": 7,
            "label": "La Raza",
            "type": "organization"
        },
        {
            "id": 8,
            "label": "Republicans",
            "type": "organization"
        },
        {
            "id": 9,
            "label": "Democrats",
            "type": "organization"
        }
    ],
    "edges": [
        {
            "source": 1,
            "target": 2,
            "relation": "Keith Olbermann described Tom Perez's potty mouth speech in a video",
            "description": " Keith Olbermann talked about the harsh and disgusting potty mouth of Tom Perez in his video."
        },
        {
            "source": 2,
            "target": 3,
            "relation": "Tom Perez spoke out against Republican hate in his report.",
            "description": "Tom Perez delivered a hateful speech at an event hosted by New Jersey Working Families Alliance, which is part of ACORN and connected to La Raza."
        },
        {
            "source": 3,
            "target": 4,
            "relation": "Maxine Waters is the author of a potty talk video, suggesting her support for Tom Perez.",
            "description": "Maxine Waters is credited with writing a hate-ridden potty talk video, possibly linking her to Tom Perez's political stance."
        },
        {
            "source": 4,
            "target": 5,
            "relation": "Donald Trump has criticized Republican members of La Raza.",
            "description": "Donkey and Potty Mouth are critical figures for Republicans who oppose the radical open borders group La Raza."
        },
        {
            "source": 1,
            "target": 8,
            "relation": "The Democratic Chair (Perez) led the party into a new direction but is criticized for promoting far-left politics.",
            "description": "Donkey and Potty Mouth were critical figures for Democrats, including Republicans who oppose La Raza."
        }
    ]
}