{
    "nodes": [
        {
            "id": 1,
            "label": "Political Figure",
            "type": "person"
        },
        {
            "id": 2,
            "label": "Person (Hillary Clinton)",
            "type": "person"
        }
    ],
    "edges": [
        {
            "source": 1,
            "target": 2,
            "relation": "Linking information about the campaign",
            "description": "Promotes information related to Hillary Clinton's campaign."
        }
    ]
}