{
    "nodes": [
        {
            "id": 1,
            "label": "George Takei",
            "type": "person"
        },
        {
            "id": 2,
            "label": "Seth Rogan",
            "type": "person"
        },
        {
            "id": 3,
            "label": "Debra Messing",
            "type": "person"
        },
        {
            "id": 4,
            "label": "Lena Dunham",
            "type": "person"
        },
        {
            "id": 5,
            "label": "Donald J. Trump (@realDonaldTrump)",
            "type": "person"
        }
    ],
    "edges": [
        {
            "source": 1,
            "target": 2,
            "relation": "attacked by",
            "description": "George Takei attacked by Seth Rogan."
        },
        {
            "source": 3,
            "target": 5,
            "relation": "hopeless to ignore.",
            "description": "Debra Messing hopes to make her hashtag trend: hope to make a big impact as trans."
        },
        {
            "source": 4,
            "target": 5,
            "relation": "regret the decision.",
            "description": "Lena Dunham will regret stepping out into the world."
        }
    ]
}