{
    "nodes": [
        {
            "id": 1,
            "label": "Robin Williams",
            "type": "person"
        },
        {
            "id": 2,
            "label": "comedian",
            "type": "person"
        },
        {
            "id": 3,
            "label": "72 virgins",
            "type": "location"
        },
        {
            "id": 4,
            "label": "kaneh",
            "type": "place"
        }
    ],
    "edges": [
        {
            "source": 1,
            "target": 3,
            "relation": "a play on words (72 virgins refers to 36 letters)",
            "description": "A reference to 'virgin' from the phrase '72 virgins'"
        },
        {
            "source": 3,
            "target": 1,
            "relation": "the humor video",
            "description": " Robin Williams performs his humor on a video clip"
        },
        {
            "source": 1,
            "target": 4,
            "relation": "called out by the audience",
            "description": "Robin Williams calls out the audience for their hypocrisy in the end"
        },
        {
            "source": 4,
            "target": 1,
            "relation": "because of political correctness",
            "description": " Robin Williams was able to call his jokes out due to political correctness"
        }
    ]
}