{
    "nodes": [
        {
            "id": 1,
            "label": "The media",
            "type": "organization"
        },
        {
            "id": 2,
            "label": "Alt-left organization",
            "type": "organization"
        },
        {
            "id": 3,
            "label": "Black Lives Matter organization",
            "type": "organization"
        },
        {
            "id": 4,
            "label": "The video",
            "type": "node"
        }
    ],
    "edges": [
        {
            "source": 1,
            "target": 2,
            "relation": "involved over time (from Trump's campaign up until now)",
            "description": "Involved in events targeting groups like the alt-left from the start of Trump's administration"
        },
        {
            "source": 1,
            "target": 4,
            "relation": "includes information about this group",
            "description": "Includes information or content that includes videos about this group (e.g., Black Lives Matter)"
        },
        {
            "source": 2,
            "target": 4,
            "relation": "involved in compiling real aggressors' truth",
            "description": "Compiles and summarizes information from various sources to highlight the real aggressors"
        },
        {
            "source": 3,
            "target": 1,
            "relation": "participates directly in events (Hector Morenco)",
            "description": "Participates in events where media is involved with content about this group"
        }
    ]
}