{
    "nodes": [
        {
            "id": 1,
            "label": "Kesha McGee",
            "type": "person"
        },
        {
            "id": 2,
            "label": "San Bernardino County Sheriff's Department",
            "type": "organization"
        },
        {
            "id": 3,
            "label": "Press Enterprise",
            "type": "organization"
        },
        {
            "id": 4,
            "label": "San Bernardino City Hall",
            "type": "location"
        }
    ],
    "edges": [
        {
            "source": 1,
            "target": 2,
            "relation": "participant",
            "description": "Kesha McGee participated in the press conference"
        },
        {
            "source": 2,
            "target": 4,
            "relation": "involved in issue",
            "description": "Sheriff's Department was involved in Sessions' letter"
        },
        {
            "source": 1,
            "target": 4,
            "relation": "attendees",
            "description": "Attendees of press conference came to City Hall"
        }
    ]
}