{
    "nodes": [
        {
            "id": 1,
            "label": "Democratic Sen. Chris Murphy (Conn.)",
            "type": "person"
        },
        {
            "id": 2,
            "label": "Republican contributor Eddie Glaude",
            "type": "contributor"
        },
        {
            "id": 3,
            "label": "Research institution involved in health care policy",
            "type": "organization"
        }
    ],
    "edges": [
        {
            "source": 1,
            "target": 2,
            "relation": "polITICAL RELATIONSHIP between Democratic Sen. Chris Murphy ( Conn.) and Republican contributor Eddie Glaude",
            "description": "Two prominent political figures involved in health care discussions."
        },
        {
            "source": 1,
            "target": 3,
            "relation": "Political Agency Agreement between Democratic Sen. Chris Murphy ( Conn.) and Research institution involved in health care policy",
            "description": "A mutual agreement to discuss health care policies together."
        }
    ]
}