{
    "nodes": [
        {
            "id": 1,
            "label": "CNN host Erin Burnett",
            "type": "person"
        },
        {
            "id": 2,
            "label": "North Korea",
            "type": "country"
        },
        {
            "id": 3,
            "label": "Hawaii",
            "type": "location"
        },
        {
            "id": 4,
            "label": "Sarah Sidner",
            "type": "person"
        }
    ],
    "edges": [
        {
            "source": 2,
            "target": 3,
            "relation": "the country north korea posed a nuclear threat to the island of hawaii",
            "description": "In this article, it was explained that North Korea's potential nuclear threat could affect Hawaii."
        }
    ]
}