{
    "nodes": [
        {
            "id": 1,
            "label": "AP",
            "type": "organization"
        },
        {
            "id": 2,
            "label": "FOX NCC",
            "type": "network"
        },
        {
            "id": 3,
            "label": "Seth Rich",
            "type": "event"
        },
        {
            "id": 4,
            "label": "Sean Hannity",
            "type": "person"
        },
        {
            "id": 5,
            "label": "Tucker Carlson",
            "type": "person"
        },
        {
            "id": 6,
            "label": "Trump",
            "type": "individual"
        },
        {
            "id": 7,
            "label": "Caitlinennen",
            "type": "media outlet"
        },
        {
            "id": 8,
            "label": "Mike Pence",
            "type": "individual"
        },
        {
            "id": 9,
            "label": "Michael Scott",
            "type": "person"
        },
        {
            "id": 10,
            "label": "breitbart News",
            "type": "media outlet"
        }
    ],
    "edges": [
        {
            "source": 1,
            "target": 2,
            "relation": "organization",
            "description": "AP and FOX NCC both cover similar news topics but focus on different platforms or times (fake news coverage)."
        },
        {
            "source": 1,
            "target": 3,
            "relation": "event",
            "description": "AP covered Seth Rich's murder case, while FOX NCC also reported on the incident."
        },
        {
            "source": 4,
            "target": 6,
            "relation": "person",
            "description": "Sean Hannity wrote about the Trump-Russia conspiracy story, which influenced media coverage."
        },
        {
            "source": 5,
            "target": 7,
            "relation": "individual",
            "description": "Tucker Carlson also covered the Trump-Russia story and contributed to its narrative."
        },
        {
            "source": 6,
            "target": 10,
            "relation": "media outlet",
            "description": "breitbart News reported on Seth Rich's murder case, similar to AP and FOX NCC."
        },
        {
            "source": 7,
            "target": 8,
            "relation": "person",
            "description": "Caitlinennen discussed the Russia story with her team, which may have influenced media coverage of Trump's work."
        },
        {
            "source": 8,
            "target": 9,
            "relation": "individual",
            "description": "Mike Pence supported Tucker Carlson and Sean Hannity's reporting on Trump's work."
        },
        {
            "source": 9,
            "target": 6,
            "relation": "media outlet",
            "description": "Michael Scott covered Trump's Republican primary campaign in the wake of his coverage of Seth Rich."
        }
    ]
}