{
    "nodes": [
        {
            "id": 1,
            "label": "Aaliyah Palmer",
            "type": "person"
        },
        {
            "id": 2,
            "label": "Man (rape victim)",
            "type": "person"
        },
        {
            "id": 3,
            "label": "Sonya Desai",
            "type": "person"
        },
        {
            "id": 4,
            "label": "Sen. Jeff Jackson",
            "type": "person"
        }
    ],
    "edges": [
        {
            "source": 1,
            "target": 2,
            "relation": "rape_victim",
            "description": "Sex crime victim"
        },
        {
            "source": 2,
            "target": 1,
            "relation": "perpetrator",
            "description": "Rape perpetrator"
        },
        {
            "source": 3,
            "target": 4,
            "relation": "client_services_coordinator",
            "description": "Guilford County Family Justice Center"
        },
        {
            "source": 4,
            "target": 4,
            "relation": "senator",
            "description": "North Carolina Senate"
        }
    ]
}