{
    "nodes": [
        {
            "id": 1,
            "label": "Jeff Zucker",
            "type": "person"
        },
        {
            "id": 2,
            "label": "John Doe (Reddit user)",
            "type": "person"
        },
        {
            "id": 3,
            "label": "Trump",
            "type": "person"
        },
        {
            "id": 4,
            "label": "Some Media Giant in 2017",
            "type": "organization"
        }
    ],
    "edges": [
        {
            "source": 1,
            "target": 3,
            "relation": "Bullying relationship, Jeff Zucker influencing Trump's actions",
            "description": "Jeff Zucker is a bully who influenced Trump's actions through fake news tactics."
        },
        {
            "source": 2,
            "target": 4,
            "relation": "Supporting the media giant in 2017",
            "description": "John Doe supported this media giant during its operations."
        }
    ]
}