{
    "nodes": [
        {
            "id": 1,
            "label": "Two Police Officers",
            "type": "person"
        },
        {
            "id": 2,
            "label": "Charlemagne, Virginia",
            "type": "location"
        },
        {
            "id": 3,
            "label": "Kissimmee, Florida",
            "type": "location"
        },
        {
            "id": 4,
            "label": "Boston, Massachusetts",
            "type": "organization"
        },
        {
            "id": 5,
            "label": "Pro Free Speech Americans",
            "type": "organization"
        },
        {
            "id": 6,
            "label": "First Amendment, America",
            "type": "text"
        }
    ],
    "edges": [
        {
            "source": 1,
            "target": 2,
            "relation": "distinguished one",
            "description": "Two Police Officers - distinguished one"
        },
        {
            "source": 1,
            "target": 6,
            "relation": null,
            "description": "Pro Free Speech Americans - distinguished one"
        },
        {
            "source": 2,
            "target": 3,
            "relation": null,
            "description": "Charlemagne, Virginia - distinguished one"
        },
        {
            "source": 3,
            "target": 4,
            "relation": null,
            "description": "Boston Police - defended 50 individuals"
        },
        {
            "source": 3,
            "target": 5,
            "relation": null,
            "description": "Massachusetts State Police - defended 50 individuals"
        },
        {
            "source": 4,
            "target": 6,
            "relation": null,
            "description": "Pro Free Speech Americans - defended one"
        }
    ]
}