{
    "nodes": [
        {
            "id": 1,
            "label": "Mad MAXINE",
            "type": "show"
        },
        {
            "id": 2,
            "label": "MAD MAXINE : MAXINE",
            "type": "event"
        },
        {
            "id": 3,
            "label": "ON MAD MAXINE : MAXINE",
            "type": "event"
        },
        {
            "id": 4,
            "label": "New Hampshire, New York, or another location",
            "type": "location"
        }
    ],
    "edges": [
        {
            "source": 1,
            "target": 2,
            "relation": "Mad MAXINE and MAD MAXINE : MAXINE are in the same show."
        },
        {
            "source": 2,
            "target": 3,
            "relation": "ON MAD MAXINE : MAXINE is a live event or broadcast."
        },
        {
            "source": 1,
            "target": 4,
            "relation": "The event in New Hampshire is about Maxine Waters' campaign and speculation regarding Trump."
        }
    ]
}