{
    "nodes": [
        {
            "id": 1,
            "label": "Stephen Colbert",
            "type": "person"
        },
        {
            "id": 2,
            "label": "@realDonaldTrump (Donald Trump)",
            "type": "person"
        },
        {
            "id": 3,
            "label": "Russia",
            "type": "location"
        }
    ],
    "edges": [
        {
            "source": 1,
            "target": 2,
            "relation": "mentioned",
            "description": "Stephen Colbert mentioned Donald Trump on Russian television"
        },
        {
            "source": 1,
            "target": 3,
            "relation": "visited",
            "description": "Stephen Colbert visited Russia for a TV appearance"
        }
    ]
}