{
    "nodes": [
        {
            "id": 1,
            "label": "Josh foster",
            "type": "student"
        },
        {
            "id": 2,
            "label": "Jennifers Gratz",
            "type": "Individuals with real accomplishments"
        },
        {
            "id": 3,
            "label": "Students from the University of Michigan",
            "type": "organization"
        },
        {
            "id": 4,
            "label": "Student body (University of Michigan)",
            "type": "organization"
        }
    ],
    "edges": [
        {
            "source": 1,
            "target": 2,
            "relation": " interacts with / collaborates with",
            "description": "Josh foster collaborates with Jennifers Gratz to bring about issues in Gratter."
        },
        {
            "source": 2,
            "target": 3,
            "relation": "directly involved",
            "description": "Jennifers Gratz is directly involved in the cases of interest in the Law School admissions system (Grutter) and the student body (Gratter)."
        },
        {
            "source": 2,
            "target": 4,
            "relation": "directly involved",
            "description": "Jennifers Gratz is directly involved in the cases of interest in the Law School admissions system (Grutter) and the student body (Gratter)."
        }
    ]
}