{
    "nodes": [
        {
            "id": 1,
            "label": "Donald Trump",
            "type": "person"
        },
        {
            "id": 2,
            "label": "CNN",
            "type": "organization"
        },
        {
            "id": 3,
            "label": "Anthony Scaramucci",
            "type": "person"
        },
        {
            "id": 4,
            "label": "Fox News",
            "type": "organization"
        },
        {
            "id": 5,
            "label": "Mark Levin",
            "type": "person"
        },
        {
            "id": 6,
            "label": "Sean Hannity",
            "type": "person"
        },
        {
            "id": 7,
            "label": "Seth Rich",
            "type": "person"
        },
        {
            "id": 8,
            "label": "@realDonaldTrump (Twitter account)",
            "type": "online_platform"
        },
        {
            "id": 9,
            "label": "@foxandfriends (Twitter account)",
            "type": "online_platform"
        },
        {
            "id": 10,
            "label": "@mpvine (Twitter account)",
            "type": "online_platform"
        },
        {
            "id": 11,
            "label": "@tonyposnanski (Twitter account)",
            "type": "online_platform"
        },
        {
            "id": 12,
            "label": "@MatthewDicks (Twitter account)",
            "type": "online_platform"
        },
        {
            "id": 13,
            "label": "@DavidPepper (Twitter account)",
            "type": "online_platform"
        }
    ],
    "edges": [
        {
            "source": 1,
            "target": 2,
            "relation": "attack",
            "description": "Trump attacks CNN over a retracted story"
        },
        {
            "source": 1,
            "target": 4,
            "relation": "support",
            "description": "Trump praises Fox News for not being 'fake news'"
        },
        {
            "source": 5,
            "target": 8,
            "relation": "retweet",
            "description": "Mark Levin retweets Trump's claim that the Democrats are guilty of collusion"
        },
        {
            "source": 6,
            "target": 8,
            "relation": "retweet",
            "description": "Sean Hannity retweets Trump's claim that the Democrats are guilty of collusion"
        },
        {
            "source": 10,
            "target": 8,
            "relation": "tweet",
            "description": "Tony Posnanski mocks Trump over his hypocrisy"
        },
        {
            "source": 11,
            "target": 8,
            "relation": "tweet",
            "description": "Tony Posnanski questions the accuracy of Trump's claims"
        },
        {
            "source": 12,
            "target": 8,
            "relation": "tweet",
            "description": "Matthew Dicks points out that The New York Times is not failing"
        },
        {
            "source": 13,
            "target": 1,
            "relation": "criticism",
            "description": "David Pepper criticizes Trump for attacking the media"
        }
    ]
}