{
    "nodes": [
        {
            "id": 1,
            "label": "MO Senator Maria Chappelle-Nadal",
            "type": "person"
        },
        {
            "id": 2,
            "label": "President Donald Trump",
            "type": "person"
        },
        {
            "id": 3,
            "label": "St. Louis field office",
            "type": "organization"
        },
        {
            "id": 4,
            "label": "George W. Bush",
            "type": "person"
        },
        {
            "id": 5,
            "label": "Christopher Gagn",
            "type": "person"
        },
        {
            "id": 6,
            "label": "Celeste Bott",
            "type": "person"
        },
        {
            "id": 7,
            "label": "Celeste Bott",
            "type": "person"
        }
    ],
    "edges": [
        {
            "source": 1,
            "target": 2,
            "relation": "a person is a senator",
            "description": "Chappelle-Nadal is the MO Senator."
        },
        {
            "source": 1,
            "target": 3,
            "relation": "an organization is looking into something",
            "description": "The St. Louis field office is investigating the matter."
        },
        {
            "source": 1,
            "target": 4,
            "relation": "a person's remarks are about someone on Trump's secret service",
            "description": "Maria Chappelle-Nadal wrote a comment about a cousin of her who was on Trump\u2019s Secret Service detail."
        },
        {
            "source": 2,
            "target": 5,
            "relation": "related to",
            "description": "She is discussing her remarks with someone."
        },
        {
            "source": 2,
            "target": 4,
            "relation": "an organization's press conference was mentioned",
            "description": "At the press conference in Ferguson, she addressed the media and others."
        },
        {
            "source": 6,
            "target": 7,
            "relation": "a person is posting a video related to Ferguson",
            "description": "Celeste posted a video of her remarks on August 20, 2017."
        }
    ]
}