{
    "nodes": [
        {
            "id": 1,
            "label": "Person",
            "type": "person"
        },
        {
            "id": 2,
            "label": "Person",
            "type": "person"
        },
        {
            "id": 3,
            "label": "Location",
            "type": "location"
        },
        {
            "id": 4,
            "label": "Organization",
            "type": "organization"
        },
        {
            "id": 5,
            "label": "Organization",
            "type": "organization"
        },
        {
            "id": 6,
            "label": "Organization",
            "type": "organization"
        }
    ],
    "edges": [
        {
            "source": 1,
            "target": 2,
            "relation": "Person - Person",
            "description": "Discussing politics together."
        },
        {
            "source": 2,
            "target": 4,
            "relation": "Person - Location",
            "description": "Sean Hannity discusses Trump."
        },
        {
            "source": 2,
            "target": 5,
            "relation": "Person - Organization",
            "description": "Sean Hannity collaborates with the Deep State."
        },
        {
            "source": 2,
            "target": 6,
            "relation": "Person - Organization",
            "description": "Sean Hannity collaborates with The Left."
        },
        {
            "source": 4,
            "target": 5,
            "relation": "Organization - Organization",
            "description": "The Deep State and The Left discuss the event."
        }
    ]
}