{
    "nodes": [
        {
            "id": 1,
            "label": "John McCain",
            "type": "person"
        },
        {
            "id": 2,
            "label": "Maricela Petersen",
            "type": "organization"
        },
        {
            "id": 3,
            "label": "Scott Roberson",
            "type": "organization"
        },
        {
            "id": 4,
            "label": "Mitt Romney",
            "type": "person"
        },
        {
            "id": 5,
            "label": "Sarah Steph",
            "type": "individual"
        },
        {
            "id": 6,
            "label": "Stephen Smith",
            "type": "person"
        },
        {
            "id": 7,
            "label": "Rubio S. M.",
            "type": "person"
        },
        {
            "id": 8,
            "label": "Barb. W. Step-Petersen",
            "type": "organization"
        },
        {
            "id": 9,
            "label": "Marie Steffey",
            "type": "individual"
        },
        {
            "id": 10,
            "label": "Dana Smith",
            "type": "media group"
        },
        {
            "id": 11,
            "label": "Stephen Smith",
            "type": "media group"
        },
        {
            "id": 12,
            "label": "Rep. Steven Smith",
            "type": "person"
        }
    ],
    "edges": [
        {
            "source": 6,
            "target": 7,
            "relation": "individual to person",
            "description": "Indicates that Mitt Romney is mentioned by Sarah Steph."
        },
        {
            "source": 4,
            "target": 8,
            "relation": "person to person",
            "description": "Indicates that Mitt Romney is mentioned by Barb. W. Step-Petersen."
        },
        {
            "source": 7,
            "target": 12,
            "relation": "media group to person",
            "description": "Indicates that Rep. Steven Smith is mentioned by Maria Petersen."
        },
        {
            "source": 8,
            "target": 9,
            "relation": "media group to media group",
            "description": "Indicates that Maria Petersen is mentioned by Marie Steffey."
        },
        {
            "source": 3,
            "target": 6,
            "relation": "organization to individual",
            "description": "Indicates that Maricela Petersen is mentioned by John McCain."
        },
        {
            "source": 10,
            "target": 9,
            "relation": "media group to media group",
            "description": "Indicates that Marie Steffey is mentioned by Dana Smith."
        },
        {
            "source": 4,
            "target": 6,
            "relation": "person to individual",
            "description": "Indicates that Mitt Romney is mentioned by Sarah Steph."
        }
    ]
}