{
    "nodes": [
        {
            "id": 1,
            "label": "Oleg Erovinkin",
            "type": "person"
        },
        {
            "id": 2,
            "label": "Christopher Steele",
            "type": "person"
        },
        {
            "id": 3,
            "label": "John McCain",
            "type": "person"
        },
        {
            "id": 4,
            "label": "Hillary Clinton's campaign",
            "type": "organization"
        },
        {
            "id": 5,
            "label": "Democratic National Committee",
            "type": "organization"
        },
        {
            "id": 6,
            "label": "Orbis Business Intelligence",
            "type": "organization"
        },
        {
            "id": 7,
            "label": "Andrew Wood",
            "type": "person"
        }
    ],
    "edges": [
        {
            "source": 1,
            "target": 2,
            "relation": "worked with",
            "description": "compiled the Trump dossier together"
        },
        {
            "source": 2,
            "target": 3,
            "relation": "provided information to",
            "description": "gave McCain the dossier"
        },
        {
            "source": 3,
            "target": 4,
            "relation": "was connected to",
            "description": "Clinton campaign paid for research that Steele did"
        },
        {
            "source": 3,
            "target": 5,
            "relation": "was connected to",
            "description": "DNC also may have been involved in paying for Steele's research"
        },
        {
            "source": 2,
            "target": 6,
            "relation": "worked for",
            "description": "Steele ran his own company, Orbis Business Intelligence"
        },
        {
            "source": 7,
            "target": 3,
            "relation": "met with",
            "description": "Wood met with McCain at the Halifax International Security Forum"
        }
    ]
}