{
    "nodes": [
        {
            "id": 1,
            "label": "Barbara B",
            "type": "person"
        },
        {
            "id": 2,
            "label": "Malia Obama",
            "type": "person"
        },
        {
            "id": 3,
            "label": "The Expert!",
            "type": "text value"
        },
        {
            "id": 4,
            "label": "Lollapalooza",
            "type": "event"
        },
        {
            "id": 5,
            "label": "The Killers",
            "type": "group"
        },
        {
            "id": 6,
            "label": "The Expert!",
            "type": "text value"
        },
        {
            "id": 7,
            "label": "Las Vegas rock band",
            "type": "event"
        },
        {
            "id": 8,
            "label": "Dance floor",
            "type": "location"
        },
        {
            "id": 9,
            "label": "gruesome story",
            "type": "text value"
        }
    ],
    "edges": [
        {
            "source": 1,
            "target": 2,
            "relation": "Person - Person",
            "description": "Malia Obama was in a video spotted at a rock band set"
        },
        {
            "source": 2,
            "target": 3,
            "relation": "Person - Event",
            "description": "Malia Obama participated in the 'The Expert!' event where she interacted with other people and events"
        },
        {
            "source": 3,
            "target": 4,
            "relation": "Event - Event",
            "description": "She was spotted interacting with a Lollapalooza performance at the event"
        },
        {
            "source": 4,
            "target": 5,
            "relation": "Event - Group",
            "description": "She interacted with The Experts in Lollapalooza and also played music during a performance by The Experts"
        },
        {
            "source": 5,
            "target": 6,
            "relation": "Group - Event",
            "description": "Malia was part of the The Experts who performed at The Expert!"
        },
        {
            "source": 6,
            "target": 7,
            "relation": "Event - Event",
            "description": "She participated in a rock band performance at the Las Vegas rock band event"
        },
        {
            "source": 7,
            "target": 8,
            "relation": "Text value - Text value",
            "description": "The Experts were spotted interacting with another text value (gruesome story)"
        }
    ]
}