{
    "nodes": [
        {
            "id": 1,
            "label": "Green Party presidential candidate Jill Stein",
            "type": "person"
        },
        {
            "id": 2,
            "label": "Crazy Lil Kim",
            "type": "person"
        },
        {
            "id": 3,
            "label": "Yashar Ali",
            "type": "person"
        },
        {
            "id": 4,
            "label": "North Korea",
            "type": "location"
        }
    ],
    "edges": [
        {
            "source": 1,
            "target": 2,
            "relation": "both connected via involvement in the MSNBC interview",
            "description": "Jill Stein is both a candidate and an organization involved in the North Korean crisis."
        },
        {
            "source": 1,
            "target": 4,
            "relation": "connected to analyze North Korea's role",
            "description": "Jill Stein provided context on how she analyzed the situation."
        }
    ]
}