{
    "nodes": [
        {
            "id": 1,
            "label": "Hinkle",
            "type": "person"
        },
        {
            "id": 2,
            "label": "Judge Hinkle",
            "type": "person"
        }
    ],
    "edges": [
        {
            "source": 1,
            "target": 2,
            "relation": "The judge who suspended him is a former mayor of Grayson and former mayor of Gwinnett County. He made his remarks about the importance of retaining public trust in the judiciary."
        }
    ]
}