{
    "nodes": [
        {
            "id": 1,
            "label": "Former President George W. Bush",
            "type": "person"
        },
        {
            "id": 2,
            "label": "Laura Bush",
            "type": "alumni"
        },
        {
            "id": 3,
            "label": "Southern Methodist University",
            "type": "school"
        },
        {
            "id": 4,
            "label": "George W. Bush Presidential Center",
            "type": "organization"
        },
        {
            "id": 5,
            "label": "Players",
            "type": "person"
        },
        {
            "id": 6,
            "label": "Coaches",
            "type": "person"
        }
    ],
    "edges": [
        {
            "source": 1,
            "target": 5,
            "relation": "Former President George W. Bush talked to the Players",
            "description": "A former U.S. president spoke to players and coaches about the devastating floods their families may be dealing with."
        },
        {
            "source": 1,
            "target": 6,
            "relation": "Laura Bush is an alumnus of Southern Methodist University",
            "description": "Laura Bush, former first lady, is a former alumni of Southern Methodist University."
        },
        {
            "source": 3,
            "target": 4,
            "relation": "The George W. Bush Presidential Center is home to the president and his family.",
            "description": "The George W. Bush Presidential Center at Southern Methodist University is the home where the former president and his family reside."
        },
        {
            "source": 1,
            "target": 3,
            "relation": "Laura Bush traveled to visit her grandmother and grandchild",
            "description": "Laura Bush visited the former president's grandmother and great-grandmother."
        },
        {
            "source": 2,
            "target": 4,
            "relation": "The media is criticizing President Trump for visiting the victims too soon.",
            "description": "Media critique suggests that President Trump criticized Laura Bush for visiting the hurricane victims inappropriately."
        }
    ]
}