{
    "nodes": [
        {
            "id": 1,
            "label": "Bill Hennessy",
            "type": "person"
        },
        {
            "id": 2,
            "label": "Sean Spicer",
            "type": "person"
        },
        {
            "id": 3,
            "label": "Trump",
            "type": "person"
        },
        {
            "id": 4,
            "label": "White House",
            "type": "location"
        },
        {
            "id": 5,
            "label": "CNN",
            "type": "organization"
        }
    ],
    "edges": [
        {
            "source": 1,
            "target": 2,
            "relation": "observed_by",
            "description": "Bill Hennessy drew Sean Spicer's briefing"
        },
        {
            "source": 5,
            "target": 4,
            "relation": "located_in",
            "description": "CNN is located in the White House"
        },
        {
            "source": 1,
            "target": 3,
            "relation": "criticized_by",
            "description": "Bill Hennessy criticized Trump's decision to ban cameras from briefings"
        },
        {
            "source": 2,
            "target": 4,
            "relation": "held_at",
            "description": "Sean Spicer held his briefing at the White House"
        }
    ]
}