{
    "nodes": [
        {
            "id": 1,
            "label": "the FBI contacted the DOJ to gather documents related to a meeting between Loretta Lynch and Bill Clinton",
            "type": "meeting"
        },
        {
            "id": 2,
            "label": "FBI sent emails to DOJ officials discussing a flagging story about the meeting",
            "type": "discussion"
        },
        {
            "id": 3,
            "label": "DOJ called FBI and contacted them to discuss the meeting's documentation",
            "type": "reaction"
        },
        {
            "id": 4,
            "label": "FBI asked DOJ for help in responding to media inquiries about the story",
            "type": "question"
        }
    ],
    "edges": [
        {
            "source": 1,
            "target": 2,
            "relation": "the FBI contacted the DOJ",
            "description": "sent emails to DOJ officials discussing a flagging story"
        },
        {
            "source": 1,
            "target": 3,
            "relation": "FBI called the DOJ",
            "description": "called them and contacted them to discuss the meeting's documentation"
        },
        {
            "source": 2,
            "target": 4,
            "relation": "DOJ called the FBI",
            "description": "called them and asked for help in responding to media inquiries"
        },
        {
            "source": 3,
            "target": 4,
            "relation": "FBI asked DOJ for help",
            "description": "asked them for help in responding to media inquiries"
        }
    ]
}