{
    "nodes": [
        {
            "id": 1,
            "label": "William Bradford",
            "type": "person"
        },
        {
            "id": 2,
            "label": "Mark Zuckerberg",
            "type": "person"
        },
        {
            "id": 3,
            "label": "Obama",
            "type": "person"
        },
        {
            "id": 4,
            "label": "Trump",
            "type": "person"
        },
        {
            "id": 5,
            "label": "Newt Gingrich",
            "type": "person"
        },
        {
            "id": 6,
            "label": "Mitch McConnell",
            "type": "person"
        }
    ],
    "edges": [
        {
            "source": 1,
            "target": 2,
            "relation": "called a self-hating Jew",
            "description": "Bradford's tweet calling Mark Zuckerberg a 'self-hating Jew'"
        },
        {
            "source": 1,
            "target": 3,
            "relation": "pushed birther conspiracies",
            "description": "Bradford promoted conspiracy theories about Obama"
        },
        {
            "source": 1,
            "target": 4,
            "relation": "appointed to run Energy Department's Office of Indian Energy",
            "description": "Trump appointed Bradford to a government position"
        },
        {
            "source": 5,
            "target": 4,
            "relation": "has a spouse who owes their career to Trump",
            "description": "Newt Gingrich's wife has benefited from Trump's favor"
        },
        {
            "source": 6,
            "target": 4,
            "relation": "has a spouse who owes their career to Trump",
            "description": "Mitch McConnell's wife has benefited from Trump's favor"
        }
    ]
}