{
    "nodes": [
        {
            "id": 1,
            "label": "report",
            "type": "event"
        },
        {
            "id": 2,
            "label": " Governor Terry McAuliffe",
            "type": "person"
        },
        {
            "id": 3,
            "label": "Charlottesville",
            "type": "location"
        },
        {
            "id": 4,
            "label": "State Police",
            "type": "organization"
        },
        {
            "id": 5,
            "label": "Security Measures",
            "type": "security Measure"
        },
        {
            "id": 6,
            "label": "White Nationalism Rally",
            "type": "event"
        }
    ],
    "edges": [
        {
            "source": 1,
            "target": 2,
            "relation": "person: governor terry McAuliffe",
            "description": "person - Governor Terry McAuliffe"
        },
        {
            "source": 1,
            "target": 5,
            "relation": "event: media report",
            "description": "event - Media Report"
        },
        {
            "source": 2,
            "target": 6,
            "relation": "organization: state police",
            "description": "organization - State Police"
        },
        {
            "source": 3,
            "target": 6,
            "relation": "location: charlottesville",
            "description": "location - Charlottesville"
        },
        {
            "source": 4,
            "target": 5,
            "relation": "security Measure: security measures",
            "description": "security Measure - Security Measures"
        },
        {
            "source": 1,
            "target": 6,
            "relation": "event: media report with semiautomatic weapons",
            "description": "event - Media Report with Semi Automatic Weapons"
        }
    ]
}