{
    "nodes": [
        {
            "id": 1,
            "label": "New York City",
            "type": "location"
        },
        {
            "id": 2,
            "label": "G-20 protesters (location)",
            "type": "location"
        },
        {
            "id": 3,
            "label": "Vice Mayor Bill DeBlasio",
            "type": "person"
        }
    ],
    "edges": [
        {
            "source": 1,
            "target": 2,
            "relation": "New York City is connected to G-20 protesters (location)",
            "description": "New York City and the G-20 protesters are directly related in terms of location."
        },
        {
            "source": 2,
            "target": 3,
            "relation": "G-20 protesters (location) is connected to Vice Mayor Bill DeBlasio",
            "description": "The G-20 protesters and vice mayor are connected through their political affiliations."
        }
    ]
}