{
    "nodes": [
        {
            "id": 1,
            "label": "Mayor de Blasio",
            "type": "person"
        },
        {
            "id": 2,
            "label": "City of New York",
            "type": "location"
        },
        {
            "id": 3,
            "label": "Eastern Village",
            "type": "location"
        },
        {
            "id": 4,
            "label": "Resident Louise Abddhal",
            "type": "person"
        },
        {
            "id": 5,
            "label": "Resident Janet Brown",
            "type": "person"
        },
        {
            "id": 6,
            "label": "Neon-Nazi",
            "type": "organization"
        },
        {
            "id": 7,
            "label": "Neighbor's Name",
            "type": "person"
        },
        {
            "id": 8,
            "label": "Dixie-head",
            "type": "person"
        }
    ],
    "edges": [
        {
            "source": 1,
            "target": 2,
            "relation": " Mayor de Blasio is conducting a purge of symbols of hate on city property",
            "description": "This action aims to remove controversial symbols from the city's property."
        },
        {
            "source": 3,
            "target": 4,
            "relation": "Resident Louise Abddhal turned a blind eye to offensive banners in past years but is now feeling emotionally disturbed",
            "description": "She was previously ignored by the community's reaction to controversial symbols, but now she feels increasingly isolated."
        },
        {
            "source": 3,
            "target": 6,
            "relation": "Resident Janet Brown has become overwhelmed by the anger of neighbors, expressing frustration and disconnection from the community",
            "description": "Her reactions have led to increased tension between residents in Eastern Village."
        },
        {
            "source": 5,
            "target": 8,
            "relation": "Neon-Nazi is a subgroup within the Neighbor's Name community in Eastern Village, represented by Israel and American flags.",
            "description": "The Neon-Nazi consists of residents with predominantly Jewish backgrounds and consistently displays racialist and anti-immigrant ideologies."
        },
        {
            "source": 3,
            "target": 7,
            "relation": "Neighbor's Name has banned numerous symbols of hate, including Confederate American flags, in a move to combat the Neon-Nazi",
            "description": "The community has taken steps to remove offensive symbols from property displays."
        },
        {
            "source": 4,
            "target": 7,
            "relation": "Resident Louise Abddhal is upset that the Neon-Nazi has banned these symbols, seeing them as evidence of more violent and oppressive behavior in the city.",
            "description": "Abddhal describes how she feels increasingly disoriented and out of place due to the Neon-Nazi's actions."
        }
    ]
}