{
    "nodes": [
        {
            "id": 1,
            "label": "Person A (Liverpool City Center attacked by Muslim men)",
            "type": "person"
        },
        {
            "id": 2,
            "label": "Person B (Minneapolis Somali Men's neighborhood) ",
            "type": "person"
        },
        {
            "id": 3,
            "label": "Gary Bohanna",
            "type": "person"
        },
        {
            "id": 4,
            "label": "Paul Loney and his girlfriend",
            "type": "person"
        },
        {
            "id": 5,
            "label": "Mr. Nosrati (Gary Bohanna's Christian affiliation)",
            "type": "person"
        },
        {
            "id": 6,
            "label": "Amin Mohmed",
            "type": "person"
        },
        {
            "id": 7,
            "label": "Person F (Bohanna and Numsrati's encounter) ",
            "type": "person"
        },
        {
            "id": 8,
            "label": "Another person",
            "type": "person"
        },
        {
            "id": 9,
            "label": "Edris Nosrati",
            "type": "person"
        }
    ],
    "edges": [
        {
            "source": 1,
            "target": 2,
            "relation": "Person A attacked multiple people in Minneapolis neighborhood",
            "description": "Attacked Gary Bohanna and Mr. Nosrati"
        },
        {
            "source": 1,
            "target": 5,
            "relation": "Gary Bohanna interacted with Person F",
            "description": "Questioned his Christian affiliation"
        },
        {
            "source": 2,
            "target": 3,
            "relation": "Person B had a mob in Minneapolis",
            "description": "Mobilized up to 30 Somali men"
        },
        {
            "source": 2,
            "target": 4,
            "relation": "Gary Bohanna interacted with Paul Loney and his girlfriend",
            "description": "Questioned his Christian affiliation during the mob"
        },
        {
            "source": 5,
            "target": 6,
            "relation": "Mr. Nosrati was initially approached by a person",
            "description": "Questioned his Christian affiliation leading to an attack"
        },
        {
            "source": 3,
            "target": 7,
            "relation": "Gary Bohanna interacted with Person F",
            "description": "Questioned his Christian affiliation during the encounter"
        },
        {
            "source": 5,
            "target": 8,
            "relation": "Gary Bohanna and Person F discussed targeting people",
            "description": "Bohanna questioned his Christian affiliation while attending a mob"
        }
    ]
}