{
    "nodes": [
        {
            "id": 1,
            "label": "Jamie Dimon",
            "type": "person"
        },
        {
            "id": 2,
            "label": "JPMorgan Chase",
            "type": "organization"
        },
        {
            "id": 3,
            "label": "U.S.",
            "type": "location"
        },
        {
            "id": 4,
            "label": "U.S. government conference call",
            "type": "event"
        },
        {
            "id": 5,
            "label": "May 2016 bank annual meeting",
            "type": "meeting"
        },
        {
            "id": 6,
            "label": "Great Recession (8 years old)",
            "type": "time_period"
        },
        {
            "id": 7,
            "label": "U.S. cabinet",
            "type": "organization"
        },
        {
            "id": 8,
            "label": "President Trump",
            "type": "person"
        },
        {
            "id": 9,
            "label": "DC",
            "type": "location"
        },
        {
            "id": 10,
            "label": "U.S. policy discussions",
            "type": "event"
        }
    ],
    "edges": [
        {
            "source": 1,
            "target": 2,
            "relation": "Jamie Dimon was considered for a position on the U.S. cabinet but has been an adviser there.",
            "description": "A relationship indicatingDimon's political connections."
        },
        {
            "source": 5,
            "target": 8,
            "relation": "Jamie Dimon was mentioned as being part of the U.S. government conference call",
            "description": "A mention linkingDimon to the event."
        },
        {
            "source": 7,
            "target": 10,
            "relation": "U.S. policy discussions include topics like tax reform and health care.",
            "description": "A description of the discussed policies."
        }
    ]
}