{
    "nodes": [
        {
            "id": 1,
            "label": "Joe Piscopo",
            "type": "person"
        },
        {
            "id": 2,
            "label": "Maxine Waters",
            "type": "person"
        },
        {
            "id": 3,
            "label": "Tucker Carlson",
            "type": "person"
        },
        {
            "id": 4,
            "label": "Mansion of Tucker Carlson",
            "type": "location"
        }
    ],
    "edges": [
        {
            "source": 1,
            "target": 2,
            "relation": "reactions and threats",
            "description": "Tucker Carlson reacts to Maxine Waters' threats against Ben Carson."
        },
        {
            "source": 3,
            "target": 2,
            "relation": "attack dog",
            "description": "Tucker Carlson gets involved in politics as his own attack dog for President Trump."
        }
    ]
}