{
    "nodes": [
        {
            "id": 1,
            "label": "OKLAHOMA CITY",
            "type": "location"
        },
        {
            "id": 2,
            "label": "Supreme Court Ruling",
            "type": "event_or_decision"
        },
        {
            "id": 3,
            "label": "Tax Prolonged Late in Legislative Session",
            "type": "event_or_decision"
        },
        {
            "id": 4,
            "label": "Impact on Oklahoma City",
            "type": "location"
        },
        {
            "id": 5,
            "label": "State Budget Impact",
            "type": "entity"
        }
    ],
    "edges": [
        {
            "source": 1,
            "target": 2,
            "relation": "event_or_decision causes decision",
            "description": "The Supreme Court decided the tax was unconstitutional."
        },
        {
            "source": 2,
            "target": 3,
            "relation": "decision impacts state operations",
            "description": "The ruling led to budget cuts in Oklahoma City."
        },
        {
            "source": 3,
            "target": 4,
            "relation": "outcome affects location",
            "description": "The tax decision impacted Oklahoma City's budget."
        },
        {
            "source": 4,
            "target": 5,
            "relation": "event_or_decision affects entity",
            "description": "Oklahoma City and its agencies are affected by the decision."
        }
    ]
}