{
    "nodes": [
        {
            "id": 1,
            "label": "Tony Shaffer",
            "type": "person"
        },
        {
            "id": 2,
            "label": "Imran Alvi",
            "type": "person"
        },
        {
            "id": 3,
            "label": "Debbie Wasserman Schultz",
            "type": "person"
        }
    ],
    "edges": [
        {
            "source": 1,
            "target": 3,
            "relation": "works with",
            "description": "The two individuals are part of the Democratic party and work together on information technology systems."
        },
        {
            "source": 2,
            "target": 3,
            "relation": "works with",
            "description": "Debbie employs Imran in her Democratic operations."
        },
        {
            "source": 1,
            "target": 2,
            "relation": "works with",
            "description": "Tony works with Debbie and Imran on information technology systems."
        }
    ]
}