{
    "nodes": [
        {
            "id": 1,
            "label": "Brigitte Macron",
            "type": "person"
        },
        {
            "id": 2,
            "label": "Her husband",
            "type": "person"
        },
        {
            "id": 3,
            "label": "Mr. Trump",
            "type": "person"
        },
        {
            "id": 4,
            "label": "Reebok",
            "type": "organization"
        }
    ],
    "edges": [
        {
            "source": 1,
            "target": 2,
            "relation": "person <-> person",
            "description": "Brigitte Macron and her husband."
        },
        {
            "source": 3,
            "target": 2,
            "relation": "person <-> person",
            "description": "Her husband and Brigitte Macron."
        },
        {
            "source": 1,
            "target": 3,
            "relation": "person <-> person",
            "description": "Brigitte Macron and Mr. Trump."
        },
        {
            "source": 4,
            "target": 3,
            "relation": "organization <-> individual",
            "description": "Reebok interacts with Donald Trump."
        },
        {
            "source": 3,
            "target": 4,
            "relation": "person <-> organization",
            "description": "Donald Trump interacts with Reebok."
        }
    ]
}