{
    "nodes": [
        {
            "id": 1,
            "label": "California Counties",
            "type": "location"
        },
        {
            "id": 2,
            "label": "voter ID",
            "type": "text"
        },
        {
            "id": 3,
            "label": "register lists",
            "type": "text"
        },
        {
            "id": 4,
            "label": "NATIONAL VOTING REGISTRATION ACT (NVRA)",
            "type": "text"
        },
        {
            "id": 5,
            "label": "Voter Registration Help America Vote Act",
            "type": "text"
        },
        {
            "id": 6,
            "label": "Judicial Watch",
            "type": "organization"
        },
        {
            "id": 7,
            "label": "California Secretary of State Alex Padilla",
            "type": "person"
        }
    ],
    "edges": [
        {
            "source": 2,
            "target": 6,
            "relation": "judicial watch received notice from California Secretary of State Alex Padilla",
            "description": "Judicial Watch was sent a notice-of-violation letter to California and its counties threatening to sue in federal court."
        },
        {
            "source": 3,
            "target": 6,
            "relation": "judgewatch noted that California Counties have more registered voters than voting age adults",
            "description": "Judicial Watch noted that California Counties have more registered voters than voting age adults: Imperial (102%), Lassen (102%), Los Angeles (112%), Monterey (104%), San Diego (138%), San Francisco (114%), San Mateo (111%), Santa Cruz (109%), Solano (111%), Stanislaus (102%), and Yolo (110%)."
        }
    ]
}