{
    "nodes": [
        {
            "id": 1,
            "label": "Donald Trump",
            "type": "person"
        },
        {
            "id": 2,
            "label": "Russia",
            "type": "location"
        },
        {
            "id": 3,
            "label": "President Obama",
            "type": "person"
        },
        {
            "id": 4,
            "label": "Hillary Clinton",
            "type": "person"
        },
        {
            "id": 5,
            "label": "Bernie Sanders",
            "type": "person"
        }
    ],
    "edges": [
        {
            "source": 1,
            "target": 2,
            "relation": "colluded with",
            "description": "Donald Trump colluded with Russia to help him win the 2016 election"
        },
        {
            "source": 1,
            "target": 3,
            "relation": "blamed for",
            "description": "Donald Trump blamed President Obama for Russian interference in the 2016 election"
        },
        {
            "source": 4,
            "target": 5,
            "relation": "colluded against",
            "description": "Hillary Clinton colluded with the Democratic Party against Bernie Sanders"
        },
        {
            "source": 1,
            "target": 4,
            "relation": "compared to",
            "description": "Donald Trump compared his own collusion with Hillary Clinton's supposed collusion with the Democratic Party"
        }
    ]
}