{
    "nodes": [
        {
            "id": 1,
            "label": "Germany",
            "type": "country"
        },
        {
            "id": 2,
            "label": "USA",
            "type": "country"
        },
        {
            "id": 3,
            "label": "Canada",
            "type": "country"
        },
        {
            "id": 4,
            "label": "Switzerland",
            "type": "country"
        },
        {
            "id": 5,
            "label": "Australia",
            "type": "country"
        },
        {
            "id": 6,
            "label": "Greece",
            "type": "country"
        },
        {
            "id": 7,
            "label": "Netherlands",
            "type": "country"
        },
        {
            "id": 8,
            "label": "Denmark",
            "type": "country"
        },
        {
            "id": 9,
            "label": "Switzerland",
            "type": "country"
        },
        {
            "id": 10,
            "label": "Canada",
            "type": "country"
        }
    ],
    "edges": [
        {
            "source": 2,
            "target": 9,
            "relation": "high integration level for countries ranked as immigrants (Germany, USA, Canada, etc.)",
            "description": "Countries with higher integration levels tend to receive more migrants and host better integration projects."
        },
        {
            "source": 5,
            "target": 3,
            "relation": "good economic integration through language training and job certifications",
            "description": "Switzerland's integration is strong due to good communication and educational support for immigrants."
        },
        {
            "source": 8,
            "target": 4,
            "relation": "better integration because of job certification transfers",
            "description": "Netherlands hosts skilled workers who receive better integration benefits through standardized job certifications."
        }
    ]
}