{
    "nodes": [
        {
            "id": 1,
            "label": "Megyn Kelly s Sunday Newsmagazine Show",
            "type": "TV Show"
        },
        {
            "id": 2,
            "label": "Dateline rerun",
            "type": "TV Show"
        },
        {
            "id": 3,
            "label": "Performance related",
            "type": "TV Show"
        },
        {
            "id": 4,
            "label": " NBC Spinmeister",
            "type": "Person"
        },
        {
            "id": 5,
            "label": "Focus on Morning Show",
            "type": "Person"
        }
    ],
    "edges": [
        {
            "source": 1,
            "target": 2,
            "relation": "another low performance episode",
            "description": "The other shows about her performance are also low ratings."
        },
        {
            "source": 4,
            "target": 5,
            "relation": "Kelly needs to be freed up",
            "description": "The NBC Spinmeister is angling for another episode but has decided to end Kelly's misery after eight episodes."
        },
        {
            "source": 3,
            "target": 1,
            "relation": "the other shows about her performance are also low ratings.",
            "description": "Kelly needs to be free up to focus on her morning show."
        }
    ]
}