{
    "nodes": [
        {
            "id": 1,
            "label": "Melania Trump",
            "type": "person"
        },
        {
            "id": 2,
            "label": "President Donald Trump",
            "type": "person"
        }
    ],
    "edges": [
        {
            "source": 1,
            "target": 2,
            "relation": "Melania arrived in Paris with President Donald.",
            "description": "They arrived in Paris, France for Bastille Day celebrations."
        },
        {
            "source": 1,
            "target": 2,
            "relation": "The First Lady wore a red two-piece suit.",
            "description": "She wearing her long hair in a chic chignon and beautiful red suit."
        },
        {
            "source": 1,
            "target": 2,
            "relation": "Within an hour of touching down in France, Melania visited a children's hospital: She spoke fluent French to the patients and staff.",
            "description": "She interacted with children in a hospital within about an hour."
        },
        {
            "source": 1,
            "target": 2,
            "relation": "Melnica famously speaks 6 languages fluently.",
            "description": "She is fluent in 6 languages."
        },
        {
            "source": 1,
            "target": 2,
            "relation": "#FLOTUS visiting a Paris hospital within about an hour of arriving in France.",
            "description": "#NonStopHighEnergy #MAGA during their visit to the Paris hospital."
        }
    ]
}