{
    "nodes": [
        {
            "id": 1,
            "label": "Debbie Staber",
            "type": "person"
        },
        {
            "id": 2,
            "label": "Robert Ritchie",
            "type": "person"
        }
    ],
    "edges": [
        {
            "source": 1,
            "target": 2,
            "relation": "responds to concerns about candidacy",
            "description": "Debbie addresses concerns raised regarding Robert's candidacy."
        }
    ]
}