{
    "nodes": [
        {
            "id": 1,
            "label": " Isn't it unbelievable... "
        },
        {
            "id": 2,
            "label": " these so-called experts..."
        },
        {
            "id": 3,
            "label": " spout off their hatred towards President Trump on a regular basis via MSNBC?"
        },
        {
            "id": 4,
            "label": " this village idiot"
        }
    ],
    "edges": [
        {
            "source": 2,
            "target": 3,
            "relation": " The blame has been put on President Trump but could it be that the Muslims set fire...",
            "description": " They don't know who burned the Minnesota Mosque? No, wait. It says they don't even know who burned the Minnesota Mosque."
        },
        {
            "source": 2,
            "target": 1,
            "relation": " They don't even know who burned the Minnesota Mosque?",
            "description": " The statement is that they don't even know anyone with half a brain, which is related to Node B (the second node)."
        },
        {
            "source": 3,
            "target": 1,
            "relation": " They don't even know who burned the Minnesota Mosque? No, it says they don't know anyone with half a brain.",
            "description": " The statement is that they don't know anyone who burned their own Mosques."
        },
        {
            "source": 4,
            "target": 1,
            "relation": " They don't even know who burned the Minnesota Mosque? No, it says they don't know anyone with half a brain.",
            "description": " The statement is that they don't know anyone who burned their own Mosques."
        }
    ]
}