{
    "nodes": [
        {
            "id": 1,
            "label": "Kellyanne Conway",
            "type": "person"
        },
        {
            "id": 2,
            "label": "Alisyn Camerota",
            "type": "person"
        },
        {
            "id": 3,
            "label": "Trump Administration",
            "type": "organization"
        },
        {
            "id": 4,
            "label": "Russia",
            "type": "location"
        }
    ],
    "edges": [
        {
            "source": 1,
            "target": 3,
            "relation": "works_for",
            "description": "White House spokesperson"
        },
        {
            "source": 2,
            "target": 1,
            "relation": "interviews",
            "description": "CNN interview"
        },
        {
            "source": 1,
            "target": 4,
            "relation": "mentions",
            "description": "Russian interference in election"
        }
    ]
}