{
    "nodes": [
        {
            "id": 1,
            "label": "South Texas",
            "type": "location"
        },
        {
            "id": 2,
            "label": "Southeast Texas",
            "type": "location"
        },
        {
            "id": 3,
            "label": "Coastal Bend",
            "type": "location"
        }
    ],
    "edges": [
        {
            "source": 1,
            "target": 2,
            "relation": "Leadership Concern",
            "description": " Trump's unfounded accusations."
        },
        {
            "source": 1,
            "target": 3,
            "relation": "Economic Conditions",
            "description": " Single-parent African Americans in poverty."
        }
    ]
}