{
    "nodes": [
        {
            "id": 1,
            "label": "[Oklahoma State Rep. John Bennett]",
            "type": "person"
        },
        {
            "id": 2,
            "label": "[Oklahoma City Subway]",
            "type": "location"
        },
        {
            "id": 3,
            "label": "[Oklahoma City Zoo]",
            "type": "location"
        },
        {
            "id": 4,
            "label": "[Oklahoma City Government]",
            "type": "government"
        },
        {
            "id": 5,
            "label": "[Oklahoma City Restaurant]",
            "type": "location"
        },
        {
            "id": 6,
            "label": "[New York Times Article]",
            "type": "text"
        },
        {
            "id": 7,
            "label": "[Bravo!]",
            "type": "text"
        }
    ],
    "edges": [
        {
            "source": 1,
            "target": 2,
            "relation": "Facebook post link to Subway.",
            "description": "The Facebook post from Oklahoma Rep. John Bennett links to the Oklahoma City Subway."
        },
        {
            "source": 2,
            "target": 3,
            "relation": "Subway bus route to Zoo.",
            "description": "The Oklahoma City Subway links to the Oklahoma City Zoo via a bus route."
        },
        {
            "source": 3,
            "target": 5,
            "relation": "Zoo link from Subway to Restaurant.",
            "description": "The Oklahoma City Zoo connects to the Oklahoma City Restaurant via an exhibit or restaurant connection."
        },
        {
            "source": 1,
            "target": 4,
            "relation": "Facebook post link to Government.",
            "description": "The Facebook post links to Oklahoma City Government."
        }
    ]
}