{
    "nodes": [
        {
            "id": 1,
            "label": "Mar-a-Lago",
            "type": "location"
        },
        {
            "id": 2,
            "label": "Palm Beach",
            "type": "location"
        },
        {
            "id": 3,
            "label": "Everglades Club",
            "type": "organization"
        },
        {
            "id": 4,
            "label": "Nicholas Golubov (Historical Society of Palm Beach)",
            "type": "organization"
        },
        {
            "id": 5,
            "label": "Donald Trump",
            "type": "person"
        },
        {
            "id": 6,
            "label": "Laurene Leamer",
            "type": "author"
        },
        {
            "id": 7,
            "label": "John Newman (Sailfish Club)",
            "type": "organization"
        },
        {
            "id": 8,
            "label": "Bath and Tennis Club",
            "type": "location"
        },
        {
            "id": 9,
            "label": "Mar-a-Lago",
            "type": "person"
        },
        {
            "id": 10,
            "label": "Palm Beach",
            "type": "person"
        },
        {
            "id": 11,
            "label": "John Newman (Sailfish Club)",
            "type": "organization"
        },
        {
            "id": 12,
            "label": "Laurene Leamer (The Madness Under the Royal Palms)",
            "type": "author"
        },
        {
            "id": 13,
            "label": "Donald Trump",
            "type": "person"
        },
        {
            "id": 14,
            "label": "Laurene Leamer (Palm Beach)",
            "type": "author"
        }
    ],
    "edges": [
        {
            "source": 1,
            "target": 3,
            "relation": "Mar-a-Lago - Everglades Club",
            "description": "location transition from Mar-a-Lago to Everglades Club."
        },
        {
            "source": 2,
            "target": 3,
            "relation": "Palm Beach - Everglades Club",
            "description": "location transition from Palm Beach to Everglades Club."
        },
        {
            "source": 1,
            "target": 9,
            "relation": "Mar-a-Lago - Donald Trump",
            "description": "Donald Trump is the principal figure of Mar-a-Lago's campaign."
        },
        {
            "source": 2,
            "target": 9,
            "relation": "Palm Beach - Donald Trump",
            "description": "Donald Trump is the principal figure of Palm Beach's campaign."
        },
        {
            "source": 13,
            "target": 8,
            "relation": "Laurene Leamer (The Madness Under the Royal Palms) - Donald Trump",
            "description": "author to principal figure Donald Trump."
        },
        {
            "source": 2,
            "target": 6,
            "relation": "Palm Beach - Donald Trump",
            "description": "Donald Trump is the principal figure of Palm Beach's campaign."
        },
        {
            "source": 7,
            "target": 4,
            "relation": "John Newman (Sailfish Club) - Nicholas Golubov (Historical Society of Palm Beach)",
            "description": "organization transition from John Newman (Sailfish Club) to Nicholas Golubov (Historical Society of Palm Beach)."
        },
        {
            "source": 7,
            "target": 6,
            "relation": "John Newman (Sailfish Club) - Laurene Leamer",
            "description": "organization transition from John Newman (Sailfish Club) to Laurene Leamer."
        },
        {
            "source": 14,
            "target": 8,
            "relation": "Laurene Leamer (Palm Beach) - Donald Trump",
            "description": "author to principal figure Donald Trump."
        }
    ]
}