{
    "nodes": [
        {
            "id": 1,
            "label": "Jeff Sessions",
            "type": "person"
        },
        {
            "id": 2,
            "label": "Jeff Sessions II",
            "type": "person"
        },
        {
            "id": 3,
            "label": "DoJ",
            "type": "organization"
        },
        {
            "id": 4,
            "label": "National Insider Threat Task Force (NIST)",
            "type": "organization"
        },
        {
            "id": 5,
            "label": "Four charged individuals",
            "type": "person"
        }
    ],
    "edges": [
        {
            "source": 1,
            "target": 5,
            "relation": "attorney general Jeff Sessions is involved in reducing leaks from the DOJ",
            "description": "Attorney General Jeff Sessions has taken steps to address leaks from the Department of Justice."
        },
        {
            "source": 2,
            "target": 5,
            "relation": "Jeff Sessions II, as the head of the Office of theAttorneyGeneral, is involved in this effort.",
            "description": "Jeff Sessions II oversees the affairs of the Office of the Attomayor and plays a key role in these endeavors."
        },
        {
            "source": 3,
            "target": 1,
            "relation": "The Department of Justice is taking steps to address leaks from the White House.",
            "description": "The DOJ is actively working on reducing leaked information within the White House."
        },
        {
            "source": 4,
            "target": 1,
            "relation": "National Insider Threat Task Force (NIST) has increased the number of active leak investigations by triple digits over the past three years.",
            "description": "The National Insider Threat Task Force has significantly raised the number of active leak investigations."
        },
        {
            "source": 3,
            "target": 2,
            "relation": "DoJ is prosecuting individuals charged with unlawfully disclosing classified material or concealing contacts with federal officers.",
            "description": "The Department of Justice has implemented charges targeting individuals for unauthorized disclosure of classified information."
        },
        {
            "source": 4,
            "target": 3,
            "relation": "Four charged individuals are being investigated by the DOJ concerning illegal disclosure of classified material.",
            "description": "Four individuals have been charged with unlawful disclosure of classified information."
        }
    ]
}