{
    "nodes": [
        {
            "id": 1,
            "label": " Mitchell Albom",
            "type": "person"
        },
        {
            "id": 2,
            "label": " Kelly Stafford",
            "type": "person"
        },
        {
            "id": 3,
            "label": " Mitchell Albom (statement)",
            "type": "text statement"
        }
    ],
    "edges": [
        {
            "source": 1,
            "target": 2,
            "relation": " Mitchell Albom's thoughts",
            "description": " Mitchell Albom's text discussing the NFL players and the football team."
        },
        {
            "source": 3,
            "target": 1,
            "relation": " Kelly Stafford (text)",
            "description": " Kelly Stafford's text discussing her thoughts about the NFL players."
        }
    ]
}