{
    "nodes": [
        {
            "id": 1,
            "label": "Donald Trump",
            "type": "person"
        },
        {
            "id": 2,
            "label": "Trump supporters",
            "type": "group"
        },
        {
            "id": 3,
            "label": "Don Lemon",
            "type": "person"
        },
        {
            "id": 4,
            "label": "Don Riscoe",
            "type": "person"
        },
        {
            "id": 5,
            "label": "AARP",
            "type": "organization"
        }
    ],
    "edges": [
        {
            "source": 1,
            "target": 2,
            "relation": "promised_to_repeal",
            "description": "repeatedly promised to repeal Obamacare"
        },
        {
            "source": 2,
            "target": 3,
            "relation": "supports",
            "description": "voted for Donald Trump"
        },
        {
            "source": 4,
            "target": 3,
            "relation": "interviewed_by",
            "description": "was interviewed by Don Lemon on CNN"
        },
        {
            "source": 1,
            "target": 5,
            "relation": "affected_by",
            "description": "would be affected by the repeal of Obamacare"
        }
    ]
}