{
    "nodes": [
        {
            "id": 1,
            "label": "President Reagan",
            "type": "person"
        },
        {
            "id": 2,
            "label": "Freedom",
            "type": "text"
        },
        {
            "id": 3,
            "label": "Optimism",
            "type": "text"
        },
        {
            "id": 4,
            "label": "Security",
            "type": "text"
        },
        {
            "id": 5,
            "label": "Nixon",
            "type": "person"
        },
        {
            "id": 6,
            "label": "Cold War",
            "type": "person"
        },
        {
            "id": 7,
            "label": " Kennedy",
            "type": "person"
        },
        {
            "id": 8,
            "label": "Libertarianism",
            "type": "text"
        },
        {
            "id": 9,
            "label": "Fascism",
            "type": "text"
        }
    ],
    "edges": [
        {
            "source": 1,
            "target": 2,
            "relation": "President Reagan Warned Of The Dangers Of Liberalism, And He Was Eerily Prophetic.",
            "description": "He really knew what he was talking about when it came to liberalism is, and what is has become in our day."
        },
        {
            "source": 1,
            "target": 8,
            "relation": "Fascism is essentially a form of Liberation.",
            "description": "It always has been. How do we call a liberal?"
        },
        {
            "source": 2,
            "target": 3,
            "relation": "Freedom is the Future of Freedom.",
            "description": "A conservative is no longer just that, he's a libertarian."
        },
        {
            "source": 4,
            "target": 5,
            "relation": "He always has been. How do we call a liberal? You know, someone very profoundly once said many years ago that if fascism ever comes to America, it will come in the name of liberalism.",
            "description": "Using the same value for both."
        }
    ]
}