{
    "nodes": [
        {
            "id": 1,
            "label": "lacrosse player",
            "type": "person",
            "description": "The lacrosse player who was accused of raping a black stripper and later exonerated himself."
        },
        {
            "id": 2,
            "label": " Sessions",
            "type": "organization",
            "description": "A political organization involved in supporting the candidate for the Senate."
        },
        {
            "id": 3,
            "label": "students",
            "type": "group",
            "description": "The student group that was put on trial for the lacrosse player's case."
        }
    ],
    "edges": [
        {
            "source": 1,
            "target": 2,
            "relation": "Collaboration with Sessions to address policy issues affecting DREAM Act",
            "description": "The students collaborated with the political organization (Sessions) on policy matters, particularly their role in addressing the DREAM Act."
        },
        {
            "source": 1,
            "target": 3,
            "relation": "Public opinion affecting trials for exonerated case",
            "description": "Public opinion against the lacrosse player and their exoneration led to increased public interest, resulting in the students' eventual trial."
        }
    ]
}