{
    "nodes": [
        {
            "id": 1,
            "label": "Hilary Clinton",
            "type": "Person"
        },
        {
            "id": 2,
            "label": "David Clinton",
            "type": "Organization"
        },
        {
            "id": 3,
            "label": "Hilary Clinton's brother, Tony Rodham",
            "type": "Person"
        },
        {
            "id": 4,
            "label": "Clinton Foundation",
            "type": "Organization"
        },
        {
            "id": 5,
            "label": "Clinton Global Initiative",
            "type": "Organization"
        }
    ],
    "edges": [
        {
            "source": 1,
            "target": 4,
            "relation": "Person-History-Organization",
            "description": "Hilary Clinton was the head of the Clinton Foundation."
        },
        {
            "source": 3,
            "target": 5,
            "relation": "Person-Organization",
            "description": "Tony Rodham served as a intermediary between the Clinton Foundation and Andrew Liveris."
        },
        {
            "source": 4,
            "target": 5,
            "relation": "Organization-Document-Exchange",
            "description": "The Clinton Foundation's documents were exchanged with other organizations, including the State Department."
        },
        {
            "source": 1,
            "target": 3,
            "relation": "Person-Person",
            "description": "Hilary Clinton and her brother Tony Rodham both served as individuals involved in the emails."
        }
    ]
}