{
    "nodes": [
        {
            "id": 1,
            "label": "Donald Trump",
            "type": "person"
        },
        {
            "id": 2,
            "label": "David Jolly",
            "type": "person"
        },
        {
            "id": 3,
            "label": "Obamacare (Affordable Care Act)",
            "type": "organization"
        },
        {
            "id": 4,
            "label": "Trumpcare bill",
            "type": "organization"
        }
    ],
    "edges": [
        {
            "source": 1,
            "target": 3,
            "relation": "pushes_to_repeal",
            "description": "Donald Trump is pushing to repeal the Affordable Care Act (Obamacare)"
        },
        {
            "source": 2,
            "target": 3,
            "relation": "supported",
            "description": "David Jolly supported Obamacare"
        },
        {
            "source": 2,
            "target": 4,
            "relation": "opposed_repeal",
            "description": "David Jolly opposed the repeal of Obamacare (Trumpcare bill)"
        }
    ]
}