{
    "nodes": [
        {
            "id": 1,
            "label": "Dana Bash",
            "type": "individual"
        },
        {
            "id": 2,
            "label": "scott_taylor's feed is cut off after he says 30% of Refugees commit domestic terrorism",
            "type": "feed"
        },
        {
            "id": 3,
            "label": "TV gremlins",
            "type": "location"
        }
    ],
    "edges": [
        {
            "source": 1,
            "target": 2,
            "relation": "indicates Dana Bash is the host of CNN's interview with Rep. Scott Taylor about the refugee ban.",
            "description": "scott_taylor's feed is cut off after he says 30% of Refugees commit domestic terrorism"
        }
    ]
}