{
    "nodes": [
        {
            "id": 1,
            "label": "William Bowder",
            "type": "person"
        },
        {
            "id": 2,
            "label": "Bowden (Oleg Erovinkin)",
            "type": "person"
        },
        {
            "id": 3,
            "label": "Natalia Veselnitskaya",
            "type": "person"
        },
        {
            "id": 4,
            "label": "Christopher Steele",
            "type": "person"
        },
        {
            "id": 5,
            "label": "Alex Kostyrskyy",
            "type": "person"
        },
        {
            "id": 6,
            "label": "John Schreiner",
            "type": "person"
        }
    ],
    "edges": [
        {
            "source": 2,
            "target": 1,
            "relation": "co-author on paper about Fusion GPS issues",
            "description": "Together with William Bowder and Oleg Erovinkin, produced content related to the documents."
        },
        {
            "source": 3,
            "target": 6,
            "relation": "collaborates in meetings",
            "description": "Worked with Donald Trump Jr. on meetings involving Natalia Veselnitskaya."
        },
        {
            "source": 4,
            "target": 2,
            "relation": "collaborates in producing Fusion GPS issues",
            "description": "Produced content related to Fusion GPS, possibly part of the documents analyzed by FBI."
        },
        {
            "source": 5,
            "target": 6,
            "relation": "collaborates with John Schreiner on fusion GPS research",
            "description": "Worked together with others in collaboration from fusion GPS issues."
        }
    ]
}