{
    "nodes": [
        {
            "id": 1,
            "label": "Todd",
            "type": "person"
        },
        {
            "id": 2,
            "label": "Cohen",
            "type": "person"
        },
        {
            "id": 3,
            "label": "Bray",
            "type": "person"
        }
    ],
    "edges": [
        {
            "source": 1,
            "target": 2,
            "relation": "Takes part in discussion of Cohen's comments on Trump",
            "description": "Todd discusses Cohen's statements about Trump being energized by White Supremacists."
        },
        {
            "source": 1,
            "target": 3,
            "relation": "Incorporates Dartmouth University's acknowledgment that professor Bray supports violence against Antifa",
            "description": "After interviewing Cohen, Todd includes Dartmouth's acknowledgment of Professor Bray's endorsement of violence against Antifa to shut down free speech."
        }
    ]
}