{
    "nodes": [
        {
            "id": 1,
            "label": "President Trump",
            "type": "person"
        },
        {
            "id": 2,
            "label": "Tom Price",
            "type": "secretary"
        },
        {
            "id": 3,
            "label": "Rick Perry",
            "type": "person"
        },
        {
            "id": 4,
            "label": "Donald Trump",
            "type": "person"
        },
        {
            "id": 5,
            "label": "Boy Scouts",
            "type": "location"
        }
    ],
    "edges": [
        {
            "source": 1,
            "target": 2,
            "relation": "President Trump meets Tom Price",
            "description": "As the scouts go wild, President Donald J. Trump enters the stage at the scout jamboree as the scouts go wild: President Donald J. Trump arrives at The Summit Bechtel Family National Scout Reserve and proceeds to main stage."
        },
        {
            "source": 1,
            "target": 3,
            "relation": "President Trump tells Tom Price",
            "description": "The answer is no . But we ll be back."
        },
        {
            "source": 4,
            "target": 5,
            "relation": "We l be back.",
            "description": "The crowd went wild again!#BoyScouts chant 'WE LOVE TRUMP' and appear to BOO Obama"
        }
    ]
}