{
    "nodes": [
        {
            "id": 1,
            "label": "Maria Chappelle-Nadal",
            "type": "person"
        },
        {
            "id": 2,
            "label": "Mark Dice",
            "type": "tweet"
        },
        {
            "id": 3,
            "label": "Mike",
            "type": "tweet"
        },
        {
            "id": 4,
            "label": "Paul Joseph Watson",
            "type": "expert"
        },
        {
            "id": 5,
            "label": "Milo Yiannopoulis",
            "type": "expert"
        },
        {
            "id": 6,
            "label": "I analog girl",
            "type": "person"
        },
        {
            "id": 7,
            "label": "Mars",
            "type": "person"
        },
        {
            "id": 8,
            "label": "Anthonie",
            "type": "person"
        }
    ],
    "edges": [
        {
            "source": 2,
            "target": 4,
            "relation": "left-leaning Twitter account trends on Twitter",
            "description": "Conservative Twitter accounts get banned, but this trends. Disgusting liberal animals..."
        },
        {
            "source": 5,
            "target": 6,
            "relation": "Milo Yiannopoulis is a conservative Twitterer",
            "description": "milo yiannopoulis: conservative"
        }
    ]
}