{
    "nodes": [
        {
            "id": 1,
            "label": "Paul Joseph Watson",
            "type": "person"
        },
        {
            "id": 2,
            "label": "Social Media Giant ( fb.com and Twitter) ",
            "type": "location"
        },
        {
            "id": 3,
            "label": "YouTube ",
            "type": "organization"
        },
        {
            "id": 4,
            "label": "Diamond & Silk ",
            "type": "organization"
        }
    ],
    "edges": [
        {
            "source": 1,
            "target": 2,
            "relation": "person",
            "description": "Social media giant"
        },
        {
            "source": 1,
            "target": 3,
            "relation": "person",
            "description": "Announced completion of project"
        },
        {
            "source": 2,
            "target": 4,
            "relation": "organization",
            "description": "Banned for parody video"
        }
    ]
}