{
    "nodes": [
        {
            "id": 1,
            "label": "President Trump",
            "type": "person"
        },
        {
            "id": 2,
            "label": "Media Doesn't Want To Report",
            "type": "text"
        },
        {
            "id": 3,
            "label": "Antifa",
            "type": "organization"
        },
        {
            "id": 4,
            "label": "Black Lives Matter (BLM)",
            "type": "organization"
        },
        {
            "id": 5,
            "label": "KKK",
            "type": "organization"
        },
        {
            "id": 6,
            "label": "CNN",
            "type": "organization"
        },
        {
            "id": 7,
            "label": "Washington Examiner",
            "type": "organization"
        },
        {
            "id": 8,
            "label": "Phoenix Police",
            "type": "location"
        },
        {
            "id": 9,
            "label": "Josh Caplan (@joshdcaplan)",
            "type": "person"
        }
    ],
    "edges": [
        {
            "source": 1,
            "target": 2,
            "relation": "Media doesn't want to report",
            "description": "Media group opposes President Trump's statement on violent issues."
        },
        {
            "source": 1,
            "target": 3,
            "relation": "President Trump calls media to oppose his speech against bigotry and violence.",
            "description": "President Trump addresses violence and bigotry, opposing reporting by the media."
        },
        {
            "source": 1,
            "target": 4,
            "relation": "Media group accuses BLM of supporting the KKK or other violent groups.",
            "description": "Media challenges support for violent groups like BLM against the KKK."
        },
        {
            "source": 1,
            "target": 5,
            "relation": "Media warns of divisions resulting from Trump's statements.",
            "description": "Media warns that Trump's statements could foster divisions in society."
        },
        {
            "source": 1,
            "target": 6,
            "relation": "Media advises exposure of false narratives to prevent violence and division.",
            "description": "Media emphasizes exposing misleading information to prevent violent outcomes."
        },
        {
            "source": 1,
            "target": 7,
            "relation": "Media accuses the KKK of supporting violent groups like BLM and Antifa.",
            "description": "Media falsely attributes support for violent groups to the KKK."
        },
        {
            "source": 2,
            "target": 3,
            "relation": "President Trump calls out radical groups, including George Soros's hate group Antifa.",
            "description": "President Trump criticizes specific radical groups for their support of anti-americana rhetoric."
        },
        {
            "source": 2,
            "target": 4,
            "relation": "Media warns of BLM's role in violent conflict and ties to the KKK or CNN.",
            "description": "Media accuses BLM of causing violence linked to the KKK and CNN."
        },
        {
            "source": 3,
            "target": 8,
            "relation": "Phoenix Police arrest a supporter of media group Antifa.",
            "description": "Phoenix Police arrested a supporter of support for radical groups like Antifa."
        }
    ]
}