{
    "nodes": [
        {
            "id": 1,
            "label": "Roy Moore",
            "type": "person"
        },
        {
            "id": 2,
            "label": "Leigh Corfman",
            "type": "person"
        },
        {
            "id": 3,
            "label": "Theresa Jones",
            "type": "person"
        }
    ],
    "edges": [
        {
            "source": 1,
            "target": 2,
            "relation": "approached",
            "description": "in a courthouse"
        },
        {
            "source": 1,
            "target": 2,
            "relation": "molested",
            "description": "at his home in the woods"
        },
        {
            "source": 1,
            "target": 3,
            "relation": "colleague",
            "description": "as Deputy District Attorney"
        }
    ]
}