{
    "nodes": [
        {
            "id": 1,
            "label": "Trump",
            "type": "person"
        },
        {
            "id": 2,
            "label": "Charterville",
            "type": "location"
        },
        {
            "id": 3,
            "label": "Black Supremacists",
            "type": "organization"
        },
        {
            "id": 4,
            "label": "White Supremacists",
            "type": "organization"
        },
        {
            "id": 5,
            "label": "Communists",
            "type": "organization"
        },
        {
            "id": 6,
            "label": "Antifa",
            "type": "organization"
        },
        {
            "id": 7,
            "label": "David Duke",
            "type": "person"
        }
    ],
    "edges": [
        {
            "source": 1,
            "target": 2,
            "relation": "connected to/related to",
            "description": "The incident involving Charlottesville where Trump was criticized for blaming both sides."
        },
        {
            "source": 1,
            "target": 3,
            "relation": "connected to/associated with",
            "description": "Participated in the Reform Party primary when dropping out, linking him to Byrd."
        },
        {
            "source": 1,
            "target": 7,
            "relation": "connected to/linked to",
            "description": "Linking Trump to Duke's association with Charlottesville."
        }
    ]
}