{
    "nodes": [
        {
            "id": 1,
            "label": "President Trump",
            "type": "person"
        },
        {
            "id": 2,
            "label": "@ComfortablySmug",
            "type": "user"
        },
        {
            "id": 3,
            "label": "Texas southeast coast",
            "type": "location"
        },
        {
            "id": 4,
            "label": "UFO content",
            "type": "text value"
        }
    ],
    "edges": [
        {
            "source": 1,
            "target": 2,
            "relation": "President Trump",
            "description": "Texas southeast coast"
        },
        {
            "source": 1,
            "target": 3,
            "relation": "rest of the text (Corpus Christi, Texas)"
        },
        {
            "source": 1,
            "target": 4,
            "relation": "rest of the text (UFO content)"
        }
    ]
}