{
    "nodes": [
        {
            "id": 1,
            "label": "Ali Chandra",
            "type": "person"
        },
        {
            "id": 2,
            "label": "Ethan (Ali's son)",
            "type": "person"
        }
    ],
    "edges": [
        {
            "source": 1,
            "target": 2,
            "relation": "parent",
            "description": ""
        },
        {
            "source": 2,
            "target": 1,
            "relation": "child",
            "description": ""
        }
    ]
}