{
    "nodes": [
        {
            "id": 1,
            "label": "Imran Awan",
            "type": "person"
        },
        {
            "id": 2,
            "label": "NSA IT staff",
            "type": "person"
        },
        {
            "id": 3,
            "label": "DNC staff (Maria Bartiromo)",
            "type": "person"
        },
        {
            "id": 4,
            "label": "FBI",
            "type": "organization"
        },
        {
            "id": 5,
            "label": "Federal authorities (Joaquin Castro, Sandy Levin)",
            "type": "organization"
        },
        {
            "id": 6,
            "label": "Debbie Wasserman Schultz",
            "type": "person"
        },
        {
            "id": 7,
            "label": "Joaquin Castro",
            "type": "individual"
        },
        {
            "id": 8,
            "label": "Sandy Levin",
            "type": "individual"
        }
    ],
    "edges": [
        {
            "source": 1,
            "target": 2,
            "relation": "Imran Awan is hired by NSA IT staff.",
            "description": "Imran Awan was hired by the NSA IT staff."
        },
        {
            "source": 2,
            "target": 3,
            "relation": "NSA IT staff are part of DNC IT department.",
            "description": "The NSA IT staff are part of the DNC's IT department."
        },
        {
            "source": 4,
            "target": 5,
            "relation": "FBI is involved in data breach and TERMINATES connections.",
            "description": "FBI is involved in the data breach and terminates connections with their employees."
        },
        {
            "source": 5,
            "target": 6,
            "relation": "Federal authorities are aware of the breach.",
            "description": "Federal authorities are aware of the data breach."
        },
        {
            "source": 3,
            "target": 8,
            "relation": "FBI is involved in data breach and Maria Bartiromo was removed from DNC payroll.",
            "description": "FBI is involved in the data breach, which led to Maria Bartiromo being removed from her DNC payroll."
        }
    ]
}