{
    "nodes": [
        {
            "id": 1,
            "label": "@bakedalaska",
            "type": "person"
        },
        {
            "id": 2,
            "label": "Buzzfeed",
            "type": "organization"
        },
        {
            "id": 3,
            "label": "GarbageTaint",
            "type": "organizational_force"
        },
        {
            "id": 4,
            "label": "@Millennial_Matt",
            "type": "person"
        },
        {
            "id": 5,
            "label": "Baked Alaska 2",
            "type": "person"
        },
        {
            "id": 6,
            "label": "@bakedalaska",
            "type": "person"
        }
    ],
    "edges": [
        {
            "source": 1,
            "target": 3,
            "relation": "is connected to",
            "description": "is associated with the Charlottesville rally"
        },
        {
            "source": 1,
            "target": 5,
            "relation": "is connected to",
            "description": "is associated with Baked Alaska 2's tweet"
        }
    ]
}