{
    "nodes": [
        {
            "id": 1,
            "label": "Migrants",
            "type": "location"
        },
        {
            "id": 2,
            "label": "Europe Countries",
            "type": "organization"
        },
        {
            "id": 3,
            "label": "Mediterranean Countries",
            "type": "organization"
        }
    ],
    "edges": [
        {
            "source": 1,
            "target": 2,
            "relation": "high migration rate from migrants to Europe countries",
            "description": "A significant increase in migration into Europe."
        },
        {
            "source": 1,
            "target": 3,
            "relation": "migration dependency on Mediterranean countries",
            "description": "Migrants are more dependent on Mediterranean countries for integration."
        }
    ]
}