{
    "nodes": [
        {
            "id": 1,
            "label": "Anheuser-Busch Brewery",
            "type": "organization"
        },
        {
            "id": 2,
            "label": "Cartersville, Ga.",
            "type": "location"
        },
        {
            "id": 3,
            "label": "Baton Rouge, La.",
            "type": "location"
        },
        {
            "id": 4,
            "label": "Houston, TX.",
            "type": "location"
        },
        {
            "id": 5,
            "label": "Lakewood Church, Houston",
            "type": "organization"
        },
        {
            "id": 6,
            "label": "Joel Osteen, mega-fund",
            "type": "person"
        },
        {
            "id": 7,
            "label": "Triiodide Ion, former MP",
            "type": "person"
        },
        {
            "id": 8,
            "label": "collin rugg, church members in floods",
            "type": "location"
        },
        {
            "id": 9,
            "label": "Father David Bergeron, Catholic priest in Houston",
            "type": "person"
        },
        {
            "id": 10,
            "label": "Mikandynothem, megachurch location",
            "type": "location"
        }
    ],
    "edges": [
        {
            "source": 1,
            "target": 2,
            "relation": "Anheuser-Busch Brewery is the main production plant for beer in Cartersville.",
            "description": "The brewery's beer production is being paused to provide emergency drinking water during a potential flood."
        },
        {
            "source": 1,
            "target": 4,
            "relation": "Lakewood Church is part of the mega-fund and its closure was due to flood closures.",
            "description": "The church's location in Houston played a role in preventing flood-related closures but was not directly involved in the flood response."
        },
        {
            "source": 2,
            "target": 3,
            "relation": "Cartersville, Ga., is the primary location for beer production by Anheuser-Busch Brewery.",
            "description": "The brewery's beer production is tied to Cartersville, and its closure was influenced by potential flood risks."
        },
        {
            "source": 4,
            "target": 5,
            "relation": "Anheuser-Busch Brewery also serves as a location for the Lakewood Church's mega-fund.",
            "description": "The church's funds were used to help with production and infrastructure, which affected its access during flood season."
        },
        {
            "source": 6,
            "target": 5,
            "relation": "Joel Osteen has donated $1.4 million but failed to act in his faith as he focused on donations rather than responding to emergencies.",
            "description": "Osteen's mega-fund efforts were used primarily for donations, which did not include any direct response to flood-related issues."
        },
        {
            "source": 6,
            "target": 10,
            "relation": "Anheuser-Busch Brewery has donated $27 million but failed to engage with the flooding incidents due to potential risks.",
            "description": "The brewery's donations were used for general business purposes, not directly addressing flood-related problems."
        },
        {
            "source": 9,
            "target": 10,
            "relation": "Father David Bergeron in Houston has organized trips and events during the flooding to support community needs.",
            "description": "Cultural and religious events helped address flood-related demands and provided a sense of hope."
        }
    ]
}