{
    "nodes": [
        {
            "id": 1,
            "label": "Sean Spicer",
            "type": "person"
        },
        {
            "id": 2,
            "label": "Anthony Scaramucci",
            "type": "person"
        },
        {
            "id": 3,
            "label": "Sarah Huckabee Sanders",
            "type": "person"
        }
    ],
    "edges": [
        {
            "source": 1,
            "target": 2,
            "relation": " communications director",
            "description": " Sean Spicer has sent tweets to express his gratitude and connections."
        },
        {
            "source": 1,
            "target": 3,
            "relation": "new press secretary",
            "description": "Sarah Huckabee Sanders will take over as the new press secretary of the Trump administration."
        },
        {
            "source": 2,
            "target": 1,
            "relation": " communications director",
            "description": " Anthony Scaramucci has announced his first announcement as communications director."
        }
    ]
}