{
    "nodes": [
        {
            "id": 1,
            "label": "mannequins",
            "type": "organization"
        },
        {
            "id": 2,
            "label": "Belk department store",
            "type": "location"
        }
    ],
    "edges": [
        {
            "source": 2,
            "target": 1,
            "relation": "the customer spotted the mannequins at Belk",
            "description": "The customer observed and noted the rearrangement of the mannequins."
        },
        {
            "source": 2,
            "target": 2,
            "relation": "the department store reviewed its surveillance footage",
            "description": "The department store analyzed surveillance video to identify the presence of the customer."
        }
    ]
}