{
    "nodes": [
        {
            "id": 1,
            "label": "Bill de Blasio",
            "type": "person"
        },
        {
            "id": 2,
            "label": "New York City",
            "type": "location"
        },
        {
            "id": 3,
            "label": "NYC",
            "type": "location"
        },
        {
            "id": 4,
            "label": "Manhattan",
            "type": "location"
        },
        {
            "id": 5,
            "label": "Hamburg",
            "type": "location"
        },
        {
            "id": 6,
            "label": "G-20 Summit",
            "type": "location"
        },
        {
            "id": 7,
            "label": "Hamburg Zeigt Haltung",
            "type": "location"
        },
        {
            "id": 8,
            "label": "leftist protesters",
            "type": "location"
        }
    ],
    "edges": [
        {
            "source": 1,
            "target": 2,
            "relation": "attends G-20 summit in Germany and at HANGERShoot shows",
            "description": "Bill de Blasio reaches out to attend events surrounding the G-20 summit."
        },
        {
            "source": 1,
            "target": 4,
            "relation": "reaches out to attend HANGERShoot shows",
            "description": "Bill de Blasio visits Manhattan for G-20 summit."
        },
        {
            "source": 1,
            "target": 5,
            "relation": "attends event in Hamburg (Hamburg Zeigt Haltung)",
            "description": "Bill de Blasio attends a G-20 summite in Hamburg."
        },
        {
            "source": 1,
            "target": 6,
            "relation": "reaches out to attend G-20 summite",
            "description": "Bill de Blasio reaches out to attend the G-20 summite in Germany."
        }
    ]
}