{
    "nodes": [
        {
            "id": 1,
            "label": "Donald Trump",
            "type": "person"
        },
        {
            "id": 2,
            "label": "California",
            "type": "location"
        },
        {
            "id": 3,
            "label": "Xavier Becerra",
            "type": "person"
        },
        {
            "id": 4,
            "label": "Alabama",
            "type": "location"
        },
        {
            "id": 5,
            "label": "Kansas",
            "type": "location"
        },
        {
            "id": 6,
            "label": "Kentucky",
            "type": "location"
        },
        {
            "id": 7,
            "label": "Mississippi",
            "type": "location"
        },
        {
            "id": 8,
            "label": "North Carolina",
            "type": "location"
        },
        {
            "id": 9,
            "label": "South Dakota",
            "type": "location"
        },
        {
            "id": 10,
            "label": "Tennessee",
            "type": "location"
        },
        {
            "id": 11,
            "label": "Texas",
            "type": "location"
        }
    ],
    "edges": [
        {
            "source": 1,
            "target": 2,
            "relation": "tries_to_enact_travel_ban",
            "description": "Donald Trump tries to enact a travel ban from many predominantly Muslim countries, but it fails."
        },
        {
            "source": 2,
            "target": 11,
            "relation": "enacts_travel_ban",
            "description": "California enacts its own travel ban to combat bigotry and discrimination against LGBTQ people."
        },
        {
            "source": 3,
            "target": 2,
            "relation": "adds_states_to_travel_ban",
            "description": "Xavier Becerra, California Attorney General, adds Alabama, Kentucky, South Dakota, and Texas to the travel ban list due to discriminatory legislation."
        },
        {
            "source": 1,
            "target": 11,
            "relation": "empowers_discriminatory_legislation",
            "description": "Donald Trump's actions empower anti-LGBTQ legislation in Republican states."
        }
    ]
}