{
    "nodes": [
        {
            "id": 1,
            "label": "Earth",
            "type": "location"
        },
        {
            "id": 2,
            "label": "Video",
            "type": "event"
        },
        {
            "id": 3,
            "label": "Al Gore",
            "type": "person"
        },
        {
            "id": 4,
            "label": "Invention of global warming",
            "type": "organization"
        },
        {
            "id": 5,
            "label": "NASA's new climate data",
            "type": "research finding"
        },
        {
            "id": 6,
            "label": "City affected by climate change",
            "type": "location"
        },
        {
            "id": 7,
            "label": " predictions of sea level rise",
            "type": "prediction"
        }
    ],
    "edges": [
        {
            "source": 1,
            "target": 2,
            "relation": "video about global warming and sea levels",
            "description": "The video focuses on Al Gore's claims about climate change and sea levels."
        },
        {
            "source": 2,
            "target": 3,
            "relation": "event - becoming wealthy from invention of global warming",
            "description": "Al Gore developed the concept of global warming that led to his career success."
        },
        {
            "source": 3,
            "target": 4,
            "relation": "organization - inventing/creating 'Inconvenient Truth'",
            "description": "Al Gore created this documentary series about climate change and its impacts."
        },
        {
            "source": 4,
            "target": 5,
            "relation": "organization - conducting research",
            "description": "The video features Al Gore's claims about global warming, which are supported by research findings."
        },
        {
            "source": 5,
            "target": 6,
            "relation": "research finding - using NASA's data",
            "description": "Al Gore's predictions and claims were later corroborated by real-world climate data from NASA."
        },
        {
            "source": 6,
            "target": 7,
            "relation": "prediction - effects of sea level rise",
            "description": " predictions about sea level rise due to climate change, which Al Gore has made in his film."
        },
        {
            "source": 7,
            "target": 1,
            "relation": "person - responsible for predictions",
            "description": "Al Gore's predictions about sea levels were based on scientific research and data analysis."
        }
    ]
}