{
    "nodes": [
        {
            "id": 1,
            "label": "Adam Kredo",
            "type": "person"
        },
        {
            "id": 2,
            "label": "Samantha Power",
            "type": "person"
        },
        {
            "id": 3,
            "label": "Cass Sunstein",
            "type": "person"
        },
        {
            "id": 4,
            "label": "WFB",
            "type": "organization"
        },
        {
            "id": 5,
            "label": "The Guardian",
            "type": "organization"
        },
        {
            "id": 6,
            "label": "The Washington Free Beacon",
            "type": "organization"
        },
        {
            "id": 7,
            "label": "Queen of George's Speech",
            "type": "text"
        }
    ],
    "edges": [
        {
            "source": 1,
            "target": 2,
            "relation": "interaction",
            "description": "Questioning"
        },
        {
            "source": 1,
            "target": 3,
            "relation": "interaction",
            "description": "Inquires about Sunstein's actions"
        },
        {
            "source": 3,
            "target": 7,
            "relation": "specificInterest",
            "description": "Targeting private sector and tech companies"
        }
    ]
}