{
    "nodes": [
        {
            "id": 1,
            "label": "Johnny Eric Williams",
            "type": "person"
        },
        {
            "id": 2,
            "label": "Organizational Connection",
            "type": "institution"
        }
    ],
    "edges": [
        {
            "source": 1,
            "target": 2,
            "relation": "A statement pointing out the trend in reactions leading to violence against White and Black people",
            "description": "Johnny Eric Williams pointed out a trend in reactions leading to violence against White and Black people."
        }
    ]
}