{
    "nodes": [
        {
            "id": 1,
            "label": "Angela Rye",
            "type": "person"
        },
        {
            "id": 2,
            "label": "John Berman",
            "type": "person"
        },
        {
            "id": 3,
            "label": "Jack Kingston",
            "type": "person"
        }
    ],
    "edges": [
        {
            "source": 1,
            "target": 2,
            "relation": "argues_with",
            "description": "Rye defends his own position during the debate."
        },
        {
            "source": 1,
            "target": 3,
            "relation": "argumented",
            "description": "Rye contradicts Kingston's remarks later in the interview."
        }
    ]
}