{
    "nodes": [
        {
            "id": 1,
            "label": "Alinsky",
            "type": "leader"
        },
        {
            "id": 2,
            "label": "Steve Bannon",
            "type": "person"
        },
        {
            "id": 3,
            "label": "John Kelly",
            "type": "leader"
        },
        {
            "id": 4,
            "label": "Todd",
            "type": "leader"
        },
        {
            "id": 5,
            "label": " Todd",
            "type": "textual representative"
        },
        {
            "id": 6,
            "label": "Reince Priebus",
            "type": "person"
        },
        {
            "id": 7,
            "label": " Kelly",
            "type": "leader"
        },
        {
            "id": 8,
            "label": "Alice",
            "type": "textual representative"
        },
        {
            "id": 9,
            "label": "Axios",
            "type": "organization"
        },
        {
            "id": 10,
            "label": "The White House Daily\u653f\u6cbb\u7248",
            "type": "organization"
        },
        {
            "id": 11,
            "label": " charts",
            "type": "textual representative"
        }
    ],
    "edges": [
        {
            "source": 4,
            "target": 2,
            "relation": "directed edge from Todd to Steve Bannon",
            "description": "Steve Bannon is repeatedly dismissed by Reince Priebus and Kelly."
        },
        {
            "source": 5,
            "target": 8,
            "relation": "directed edge from Todd to Alice",
            "description": "Alice interacts with Todd."
        },
        {
            "source": 4,
            "target": 10,
            "relation": "directed edge from Todd to The White House Daily\u653f\u6cbb\u7248",
            "description": "Todd works with the white house."
        },
        {
            "source": 5,
            "target": 3,
            "relation": "directed edge from Todd to John Kelly",
            "description": "John Kelly dismisses the media's dismissal of Bannon."
        },
        {
            "source": 6,
            "target": 4,
            "relation": "directed edge from Reince Priebus to Steve Bannon",
            "description": "Reince priebus dismissed Bannon."
        },
        {
            "source": 8,
            "target": 9,
            "relation": "directed edge from Alice to Axios",
            "description": "Axios reports on Bannon."
        }
    ]
}