{
    "nodes": [
        {
            "id": 1,
            "label": "Mike Lindell",
            "type": "person"
        },
        {
            "id": 2,
            "label": "Pillows",
            "type": "location"
        },
        {
            "id": 3,
            "label": "Truck 1 (60,000 pillows)",
            "type": "organization"
        },
        {
            "id": 4,
            "label": "Truck 2",
            "type": "organization"
        },
        {
            "id": 5,
            "label": "Truck 3 (60,000 pillows)",
            "type": "organization"
        },
        {
            "id": 6,
            "label": "Truck 4",
            "type": "organization"
        },
        {
            "id": 7,
            "label": "Truck 5 (60,000 pillows)",
            "type": "organization"
        },
        {
            "id": 8,
            "label": "Truck 6",
            "type": "organization"
        },
        {
            "id": 9,
            "label": "WCCO Minneapolis",
            "type": "organization"
        }
    ],
    "edges": [
        {
            "source": 1,
            "target": 2,
            "relation": "person name",
            "description": "Mike Lindell is distributing pillows to the first truck."
        },
        {
            "source": 2,
            "target": 9,
            "relation": "organization",
            "description": "The pillows are distributed by WCCO Minneapolis."
        },
        {
            "source": 2,
            "target": 3,
            "relation": "organizational node",
            "description": "This truck is handling the distribution of pillows."
        },
        {
            "source": 2,
            "target": 4,
            "relation": "organizational node",
            "description": "This truck is handling the distribution of pillows."
        },
        {
            "source": 2,
            "target": 5,
            "relation": "organizational node",
            "description": "This truck is handling the distribution of pillows."
        },
        {
            "source": 2,
            "target": 6,
            "relation": "organizational node",
            "description": "This truck is handling the distribution of pillows."
        },
        {
            "source": 2,
            "target": 7,
            "relation": "organizational node",
            "description": "This truck is handling the distribution of pillows."
        },
        {
            "source": 2,
            "target": 8,
            "relation": "organizational node",
            "description": "This truck is handling the distribution of pillows."
        },
        {
            "source": 3,
            "target": 9,
            "relation": "truck organization",
            "description": "Truck 1 (60,000 pillows) is heading to a shelter in Houston."
        },
        {
            "source": 4,
            "target": 9,
            "relation": "truck organization",
            "description": "Truck 2 is heading to a shelter in Houston."
        },
        {
            "source": 5,
            "target": 9,
            "relation": "truck organization",
            "description": "Truck 3 (60,000 pillows) is heading to a shelter in Houston."
        },
        {
            "source": 6,
            "target": 9,
            "relation": "truck organization",
            "description": "Truck 4 is heading to a shelter in Houston."
        },
        {
            "source": 7,
            "target": 9,
            "relation": "truck organization",
            "description": "Truck 5 (60,000 pillows) is heading to a shelter in Houston."
        },
        {
            "source": 8,
            "target": 9,
            "relation": "truck organization",
            "description": "Truck 6 is heading to a shelter in Houston."
        }
    ]
}