{
    "nodes": [
        {
            "id": 1,
            "label": "President Trump",
            "type": "person"
        },
        {
            "id": 2,
            "label": "North Korea",
            "type": "country"
        },
        {
            "id": 3,
            "label": "Kim Jong Un",
            "type": "leader"
        },
        {
            "id": 4,
            "label": "G Guam",
            "type": "location"
        }
    ],
    "edges": [
        {
            "source": 1,
            "target": 2,
            "relation": "President Trump sent a message warning about North Korea threatening the most powerful nation in the world.",
            "description": "President Trump issued a warning to North Korea's leader, Kim Jong Un, noting potential fire and fury if North Korea escalates threats."
        },
        {
            "source": 1,
            "target": 3,
            "relation": "The KPA prepared for a strike plan in multi-current locations with medium-to-long-range rockets targeting areas around Guam.",
            "description": "Korea's strategic force carefully examined operational plans to contain US major military bases on Guam, including the Andersen Air Force base."
        },
        {
            "source": 2,
            "target": 3,
            "relation": "The KPA tested a missile they first used in May.",
            "description": "Korea's KPA first tested a missile for strategic operations."
        },
        {
            "source": 1,
            "target": 4,
            "relation": "US Strategic bombers threaten and blackmail Kim Jong Un through frequent visits to South Korea.",
            "description": "U.S. Strategic Bombers threaten and blackmail North Korea through their frequent visits over the sky above South Korea."
        },
        {
            "source": 1,
            "target": 4,
            "relation": "President Trump informed the KPA of growing threats last December, emphasizing readiness for ballistic missile defense.",
            "description": "President Trump was fully aware of North Korea's nuclear and missile programs, informed on their growth, and emphasized our readiness to counter these threats."
        },
        {
            "source": 2,
            "target": 4,
            "relation": "The KPA actions are grossly overmatched by ours.",
            "description": "Korea's actions continue to be overmatched by ours in terms of defense capabilities and potential conflict risks."
        }
    ]
}