{
    "nodes": [
        {
            "id": 1,
            "label": "President Donald Trump",
            "type": "person"
        },
        {
            "id": 2,
            "label": "Phoenix, Arizona",
            "type": "location"
        },
        {
            "id": 3,
            "label": "Rally",
            "type": "temporal\u6982\u5ff5"
        }
    ],
    "edges": [
        {
            "source": 1,
            "target": 2,
            "relation": "President Donald Trump's rally",
            "description": "Events involving the President's rally in Phoenix"
        },
        {
            "source": 2,
            "target": 3,
            "relation": "Maricopa County Sheriff",
            "description": "Legal restrictions faced by Maricopa County Sheriff, Arpaio, during his tenure"
        },
        {
            "source": 1,
            "target": 3,
            "relation": "prolonged patrols",
            "description": "Arpaio's tactics in-controlling prisoner cells\"\n\nThe President and the Commandant are connected by this legal and tortuous punishment."
        },
        {
            "source": 2,
            "target": 3,
            "relation": "judgment against the Court Order",
            "description": " judge found Arpaio guilty of contempt for defying a state judge's order to stop traffic patrols targeting undocumented immigrants."
        },
        {
            "source": 1,
            "target": 3,
            "relation": "sentencing sentence potential",
            "description": "Sentencing on Oct. 5, the day before the trial, for Arpaio if he receives any jail time."
        }
    ]
}