{
    "nodes": [
        {
            "id": 1,
            "label": "Trump",
            "type": "person"
        },
        {
            "id": 2,
            "label": "Mo Brooks",
            "type": "person"
        },
        {
            "id": 3,
            "label": "Roger Williams",
            "type": "person"
        },
        {
            "id": 4,
            "label": "Jason Calabretta",
            "type": "person"
        },
        {
            "id": 5,
            "label": "Jeff Flake",
            "type": "person"
        },
        {
            "id": 6,
            "label": "Rep. Steve Scalise",
            "type": "person"
        },
        {
            "id": 7,
            "label": "Rand Paul",
            "type": "person"
        }
    ],
    "edges": [
        {
            "source": 1,
            "target": 2,
            "relation": "White male, former U.S. Senetential Member (Rand Paul)",
            "description": "Collaborated on a bill"
        },
        {
            "source": 2,
            "target": 3,
            "relation": "Person",
            "description": "Was on the committee when the shooting occurred"
        },
        {
            "source": 4,
            "target": 5,
            "relation": "Person",
            "description": "Collaborated on a bill, including discussing the attack and its aftermath"
        },
        {
            "source": 3,
            "target": 6,
            "relation": "Person",
            "description": "Worked with Rep. Brad Wenstrup to pressure him for medical attention"
        }
    ]
}