{
    "nodes": [
        {
            "id": 1,
            "label": "Walmart",
            "type": "retailer"
        },
        {
            "id": 2,
            "label": "wigs cap",
            "type": "third-party-seller"
        }
    ],
    "edges": [
        {
            "source": 1,
            "target": 2,
            "relation": "listed incorrect description of product color",
            "description": "Report that Walmart listed the wigs cap with a reported color as brown, which was later corrected."
        }
    ]
}