{
    "nodes": [
        {
            "id": 1,
            "label": "Bernie Sanders",
            "type": "person"
        },
        {
            "id": 2,
            "label": "Jake Tapper",
            "type": "person"
        },
        {
            "id": 3,
            "label": "California",
            "type": "location"
        },
        {
            "id": 4,
            "label": "Vermont",
            "type": "location"
        },
        {
            "id": 5,
            "label": "Colorado",
            "type": "location"
        },
        {
            "id": 6,
            "label": "Single-payer health care system",
            "type": "organization"
        }
    ],
    "edges": [
        {
            "source": 1,
            "target": 2,
            "relation": "Bernie Sanders discussing Jake Tapper",
            "description": "Bernie Sanders talks about Jake Tapper in their respective contexts."
        },
        {
            "source": 1,
            "target": 6,
            "relation": "Bernie Sanders mentions Single-payer health care system",
            "description": "Bernie Sanders discusses the rejection of Single-payer systems in California and Vermont."
        },
        {
            "source": 3,
            "target": 6,
            "relation": "Single-payer health care system rejected in California",
            "description": "Single-payer health care system was rejected by California."
        },
        {
            "source": 4,
            "target": 6,
            "relation": "Single-payer health care system rejected in Vermont",
            "description": "Single-payer health care system was rejected by Vermont."
        }
    ]
}