{
    "nodes": [
        {
            "id": 1,
            "label": "Eric Schneiderman",
            "type": "person"
        },
        {
            "id": 2,
            "label": "Angela Braxton",
            "type": "person"
        }
    ],
    "edges": [
        {
            "source": 1,
            "target": 2,
            "relation": "Eric Schneiderman addressed a topic related to the foundation of the Trump campaign and then discussed targeting a political figure in New York."
        }
    ]
}