{
    "nodes": [
        {
            "id": 1,
            "label": "Donald Trump",
            "type": "person"
        },
        {
            "id": 2,
            "label": "Russia",
            "type": "organization"
        },
        {
            "id": 3,
            "label": "Vladimir Putin",
            "type": "person"
        },
        {
            "id": 4,
            "label": "President Obama",
            "type": "person"
        },
        {
            "id": 5,
            "label": "Hillary Clinton",
            "type": "person"
        },
        {
            "id": 6,
            "label": "Twitter",
            "type": "platform"
        }
    ],
    "edges": [
        {
            "source": 1,
            "target": 2,
            "relation": "meddled_in",
            "description": "Trump admits Russia interfered in the election"
        },
        {
            "source": 4,
            "target": 2,
            "relation": "knew_about_meddling",
            "description": "Obama administration knew about Russian meddling before the election"
        },
        {
            "source": 1,
            "target": 6,
            "relation": "tweeted_about_meddling",
            "description": "Trump tweeted about Russian meddling on Twitter"
        },
        {
            "source": 2,
            "target": 3,
            "relation": "ordered_hacking",
            "description": "Vladimir Putin ordered Russian hackers to interfere in the election"
        }
    ]
}