{
    "nodes": [
        {
            "id": 1,
            "label": "A Tennessee Democrat",
            "type": "person"
        },
        {
            "id": 2,
            "label": "Trump",
            "type": "person"
        },
        {
            "id": 3,
            "label": "Cohen Steve",
            "type": "person"
        },
        {
            "id": 4,
            "label": "Hater",
            "type": "person"
        },
        {
            "id": 5,
            "label": "Metaphor",
            "type": "concept"
        },
        {
            "id": 6,
            "label": "Impunity",
            "type": "entity"
        },
        {
            "id": 7,
            "label": "Different Faith",
            "type": "person"
        },
        {
            "id": 8,
            "label": "Opposition",
            "type": "person"
        }
    ],
    "edges": [
        {
            "source": 1,
            "target": 2,
            "relation": "person",
            "description": "A Tennessee Democrat was LITERALLY SALIVATING..."
        },
        {
            "source": 3,
            "target": 4,
            "relation": "person",
            "description": "Cohen Steve is a member of the Congressional Progressive Caucus."
        },
        {
            "source": 5,
            "target": 6,
            "relation": "person",
            "description": "The hater is a radical and a liar..."
        },
        {
            "source": 4,
            "target": 7,
            "relation": "different faith",
            "description": "The hater is a member of the Jewish faith."
        },
        {
            "source": 5,
            "target": 8,
            "relation": "person",
            "description": "He refused to hear Netanyahu speak even though he is of the Jewish faith."
        },
        {
            "source": 3,
            "target": 7,
            "relation": "person",
            "description": "Cohen Steve is a member of the Congressional Progressive Caucus."
        },
        {
            "source": 2,
            "target": 8,
            "relation": "impunity",
            "description": "He plans on introducing his own articles of impeachment..."
        }
    ]
}