{
    "nodes": [
        {
            "id": 1,
            "label": "Three charged with gun crimes",
            "type": "person"
        },
        {
            "id": 2,
            "label": "Two for assault intent to commit murder",
            "type": "person"
        },
        {
            "id": 3,
            "label": " convicts involving drugs, assault or weapons",
            "type": "person"
        },
        {
            "id": 4,
            "label": "convictions involving guns",
            "type": "person"
        },
        {
            "id": 5,
            "label": "innocent",
            "type": "person"
        },
        {
            "id": 6,
            "label": "innocent",
            "type": "person"
        }
    ],
    "edges": [
        {
            "source": 1,
            "target": 2,
            "relation": "candidates who were convicted of felony crimes involving drugs, assault or weapons",
            "description": "Three candidates charged with gun crimes and two for assault intent to commit murder."
        },
        {
            "source": 3,
            "target": 4,
            "relation": "candidates with past hardships in every election cycle",
            "description": "Political consultant Greg Bowens mentioned candidates from Detroit's political arena."
        },
        {
            "source": 5,
            "target": 6,
            "relation": "candidates who deserve the opportunity to be heard but also should have scrutiny like other candidates",
            "description": "Candidates should be heard yet deserve similar scrutiny as others for getting important positions."
        }
    ]
}