{
    "nodes": [
        {
            "id": 1,
            "label": "College Park",
            "type": "location"
        },
        {
            "id": 2,
            "label": "Maryland",
            "type": "organization"
        },
        {
            "id": 3,
            "label": "Takoma Park",
            "type": "location"
        },
        {
            "id": 4,
            "label": "Montgomery County",
            "type": "location"
        },
        {
            "id": 5,
            "label": "City Councilwoman Christine Nagle's Organization",
            "type": "organization"
        },
        {
            "id": 6,
            "label": "Baltimore Sun",
            "type": "report_source"
        }
    ],
    "edges": [
        {
            "source": 1,
            "target": 2,
            "relation": "College Park is the latest city in Maryland to propose that illegals be given the right to vote in local elections.",
            "description": "The measure continues College Park is just the latest city in Maryland to propose that illegals be given the right to vote in local elections."
        },
        {
            "source": 2,
            "target": 3,
            "relation": "Maryland is home to the University of Maryland's main campus.",
            "description": "College Park, Md. is weighing whether or not to allow illegals to vote in local elections. Officials in College Park, which is home to the University of Maryland's main campus, have yet to make their final decision."
        },
        {
            "source": 3,
            "target": 5,
            "relation": "Takoma Park, Md. has allowed non-citizens to vote since 1991.",
            "description": "Takoma Park, Md. has allowed non-citizens to vote since 1991, and two towns in Montgomery County have done the same."
        },
        {
            "source": 4,
            "target": 5,
            "relation": "Other Maryland towns are considering and adopting the same measure.",
            "description": "Other Maryland towns are considering and adopting the same measure. Baltimore Sun via: Baltimore Sun using JSON notation."
        }
    ]
}