{
    "nodes": [
        {
            "id": 1,
            "label": "Kate Bolduan",
            "type": "Person"
        },
        {
            "id": 2,
            "label": "Angela Rye",
            "type": "Person"
        },
        {
            "id": 3,
            "label": "Charlottesville, Virginia (VA)",
            "type": "Location"
        },
        {
            "id": 4,
            "label": "Washington, D.C.",
            "type": "Location"
        },
        {
            "id": 5,
            "label": "George Washington statue (GWS)",
            "type": "Organization/Entity"
        }
    ],
    "edges": [
        {
            "source": 2,
            "target": 4,
            "relation": "Cultural Reference",
            "description": "The mention of George Washington and his statues relates to the historical context discussed earlier."
        },
        {
            "source": 2,
            "target": 5,
            "relation": "Connection via Historical Context",
            "description": "The reference to GWS is linked to the historical location of Washington."
        },
        {
            "source": 5,
            "target": 4,
            "relation": "Influence/Actional Role",
            "description": "Angela Rye's influence extends beyond political discussion, influencing historical discussions."
        }
    ]
}