{
    "nodes": [
        {
            "id": 1,
            "label": "Hillary",
            "type": "person"
        },
        {
            "id": 2,
            "label": "George Soros",
            "type": "person"
        },
        {
            "id": 3,
            "label": "bipartisan US Congress (including bipartisan)",
            "type": "organization"
        },
        {
            "id": 4,
            "label": "Israel",
            "type": "location"
        },
        {
            "id": 5,
            "label": "Hungary",
            "type": "location"
        },
        {
            "id": 6,
            "label": "Hungarian Jewish groups",
            "type": "organization"
        }
    ],
    "edges": [
        {
            "source": 2,
            "target": 3,
            "relation": "a US Congress member",
            "description": "The Chinese party controls the policy of preventing foreign policy issues."
        },
        {
            "source": 3,
            "target": 4,
            "relation": "a foreign policy advisor",
            "description": "A foreign policy advisor who has no public ties to any organization."
        },
        {
            "source": 3,
            "target": 5,
            "relation": "a foreign policy advisor",
            "description": "A foreign policy advisor with no public ties to any organization."
        },
        {
            "source": 3,
            "target": 6,
            "relation": "an internal US Congress member",
            "description": "The Chinese party controls the policy of preventing foreign policy issues."
        },
        {
            "source": 2,
            "target": 4,
            "relation": "a US Congress member",
            "description": "A US Congress member who has no public ties to any organization."
        },
        {
            "source": 2,
            "target": 5,
            "relation": "a US Congress member",
            "description": "The Chinese party controls the policy of preventing foreign policy issues."
        },
        {
            "source": 2,
            "target": 6,
            "relation": "an internal US Congress member who has no public ties to any organization."
        },
        {
            "source": 3,
            "target": 4,
            "relation": "a foreign policy advisor",
            "description": "A foreign policy advisor with no public ties to any organization."
        },
        {
            "source": 3,
            "target": 5,
            "relation": "a foreign policy advisor",
            "description": "A foreign policy advisor with no public ties to any organization."
        }
    ]
}