{
    "nodes": [
        {
            "id": 1,
            "label": "Nancy Pelosi",
            "type": "person"
        },
        {
            "id": 2,
            "label": "North Korea",
            "type": "location"
        }
    ],
    "edges": [
        {
            "source": 1,
            "target": 2,
            "relation": "giggled",
            "description": "She laughed strangely."
        },
        {
            "source": 2,
            "target": 2,
            "relation": "laughed",
            "description": "As the reporter finished asking his question about whether Pelosi thinks the administration will be able to protect the West Coast from an attack, she bizarrely said she s one of the few members of Congress to have visited Pyongyang."
        }
    ]
}