{
    "nodes": [
        {
            "id": 1,
            "label": "USA Today",
            "type": "organization"
        },
        {
            "id": 2,
            "label": "President Trump",
            "type": "person"
        },
        {
            "id": 3,
            "label": "Trump's Family",
            "type": "location"
        },
        {
            "id": 4,
            "label": "White House Guests (Guests in Hotels)",
            "type": "location"
        },
        {
            "id": 5,
            "label": "Michelle Obama and her family",
            "type": "location"
        }
    ],
    "edges": [
        {
            "source": 1,
            "target": 2,
            "relation": "organization provides information about person/organization",
            "description": "USA Today reports on President Trump's financial situation affecting the media press."
        },
        {
            "source": 3,
            "target": 4,
            "relation": "location contains people",
            "description": "White House guests (including individuals like Michelle Obama) are located at specific hotels."
        }
    ]
}