{
    "nodes": [
        {
            "id": 1,
            "label": "Eric Trump",
            "type": "person"
        },
        {
            "id": 2,
            "label": "Richard Spencer",
            "type": "person"
        },
        {
            "id": 3,
            "label": "Nathan Damigo",
            "type": "person"
        },
        {
            "id": 4,
            "label": "Donald Jr.",
            "type": "person"
        }
    ],
    "edges": [
        {
            "source": 1,
            "target": 2,
            "relation": "similar_haircut",
            "description": "Eric Trump has the same haircut as Richard Spencer, a neo-Nazi leader."
        },
        {
            "source": 1,
            "target": 3,
            "relation": "associated_with",
            "description": "Eric Trump's haircut is also associated with Nathan Damigo, another neo-Nazi figure."
        },
        {
            "source": 4,
            "target": 2,
            "relation": "retweeted_by",
            "description": "Donald Jr. retweets articles and figures from the alt-right movement, which includes Richard Spencer."
        }
    ]
}