{
    "nodes": [
        {
            "id": 1,
            "label": "Donald Trump",
            "type": "person"
        },
        {
            "id": 2,
            "label": "Barack Obama",
            "type": "person"
        },
        {
            "id": 3,
            "label": "Pew Research Center",
            "type": "organization"
        },
        {
            "id": 4,
            "label": "United States (U.S.)",
            "type": "location"
        },
        {
            "id": 5,
            "label": "Russia",
            "type": "location"
        },
        {
            "id": 6,
            "label": "Israel",
            "type": "location"
        }
    ],
    "edges": [
        {
            "source": 1,
            "target": 3,
            "relation": "surveyed_by",
            "description": ""
        },
        {
            "source": 2,
            "target": 3,
            "relation": "surveyed_by",
            "description": ""
        },
        {
            "source": 1,
            "target": 4,
            "relation": "has_reputation",
            "description": ""
        },
        {
            "source": 2,
            "target": 4,
            "relation": "had_reputation",
            "description": ""
        },
        {
            "source": 3,
            "target": 1,
            "relation": "showed_trump_as_unpopular",
            "description": "74% of respondents had zero confidence in Trump"
        },
        {
            "source": 3,
            "target": 2,
            "relation": "showed_obama_as_popular",
            "description": "64% of respondents had complete faith in Obama"
        },
        {
            "source": 1,
            "target": 5,
            "relation": "has_support_from",
            "description": ""
        },
        {
            "source": 2,
            "target": 6,
            "relation": "has_support_from",
            "description": ""
        }
    ]
}