{
    "nodes": [
        {
            "id": 1,
            "label": "Mueller",
            "type": "person"
        },
        {
            "id": 2,
            "label": "Fitton",
            "type": "person"
        },
        {
            "id": 3,
            "label": "Greg Jarrett",
            "type": "person"
        },
        {
            "id": 4,
            "label": "Hassan Tom Fitton",
            "type": "person"
        },
        {
            "id": 5,
            "label": "Mueller",
            "type": "person"
        },
        {
            "id": 6,
            "label": "John H. Mueller",
            "type": "person"
        },
        {
            "id": 7,
            "label": "Doug Hughes",
            "type": "organization"
        },
        {
            "id": 8,
            "label": "Southwestern District New York",
            "type": "organization"
        },
        {
            "id": 9,
            "label": "Andrew Goldstein",
            "type": "person"
        },
        {
            "id": 10,
            "label": "Alison Camarata",
            "type": "person"
        }
    ],
    "edges": [
        {
            "source": 5,
            "target": 7,
            "relation": "organized by",
            "description": "Mueller organized the team under the leadership of Helpton."
        },
        {
            "source": 6,
            "target": 10,
            "relation": "hired",
            "description": "Huston hired Mueller's former prosecutor Andrew Goldstein."
        },
        {
            "source": 5,
            "target": 7,
            "relation": "organized by",
            "description": "Mueller organized the team under the leadership of Helpton."
        },
        {
            "source": 4,
            "target": 6,
            "relation": "organized by",
            "description": "Greg Jarrett organized the team under the leadership of Mueller."
        },
        {
            "source": 5,
            "target": 3,
            "relation": "organized by",
            "description": "Mueller organized the team under the leadership of Helpton."
        }
    ]
}