{
    "nodes": [
        {
            "id": 1,
            "label": "Trump",
            "type": "person"
        },
        {
            "id": 2,
            "label": "David Duke",
            "type": "person"
        }
    ],
    "edges": [
        {
            "source": 1,
            "target": 2,
            "relation": "Well, you've got David Duke just joined, a bigot, a racist, a problem, I mean, this is not exactly the people you want in your party.",
            "description": "A further proof that Trump is never afraid to call a spade a spade, or a racist a racist."
        }
    ]
}