{
    "nodes": [
        {
            "id": 1,
            "label": "Katie Couric",
            "type": "person"
        },
        {
            "id": 2,
            "label": "Today Show",
            "type": "entity"
        },
        {
            "id": 3,
            "label": "Dan Rather",
            "type": "exrophe"
        },
        {
            "id": 4,
            "label": " CBS News",
            "type": "organization"
        },
        {
            "id": 5,
            "label": "Documentary Editor",
            "type": "person"
        },
        {
            "id": 6,
            "label": "New Host",
            "type": "entity"
        },
        {
            "id": 7,
            "label": "InStyle Magazine",
            "type": "organization"
        },
        {
            "id": 8,
            "label": "Interviewee (Cody)",
            "type": "person"
        },
        {
            "id": 9,
            "label": "Interviewer (Lauren)",
            "type": "person"
        },
        {
            "id": 10,
            "label": "New Low",
            "type": "status"
        }
    ],
    "edges": [
        {
            "source": 1,
            "target": 2,
            "relation": "exrophe",
            "description": "Dan Rather was her ex-host."
        },
        {
            "source": 1,
            "target": 3,
            "relation": "person",
            "description": "Dan Rather is now retired."
        },
        {
            "source": 2,
            "target": 4,
            "relation": "organization",
            "description": "Today Show was the original entity."
        },
        {
            "source": 3,
            "target": 5,
            "relation": "person",
            "description": "Dan Rather was her ex-host before becoming a journalist."
        },
        {
            "source": 4,
            "target": 6,
            "relation": "organization",
            "description": "Documentary Editor was the person who edited Katie\u2019s documentary."
        },
        {
            "source": 5,
            "target": 7,
            "relation": "organization",
            "description": "New Host is now hosted by Katie Couric."
        },
        {
            "source": 6,
            "target": 8,
            "relation": "person",
            "description": "New Host is the host of the CBS News show."
        },
        {
            "source": 7,
            "target": 9,
            "relation": "organization",
            "description": "InStyle Magazine is now Katie\u2019s media outlet."
        },
        {
            "source": 8,
            "target": 10,
            "relation": "status",
            "description": "Katie Couric has sunk to a new low."
        }
    ]
}