{
    "nodes": [
        {
            "id": 1,
            "label": "Yvette Felarca",
            "type": "person"
        },
        {
            "id": 2,
            "label": "By Any Means Necessary",
            "type": "organization"
        },
        {
            "id": 3,
            "label": "Fascists",
            "type": "organization"
        },
        {
            "id": 4,
            "label": "Middle School Teacher (Berkeley)",
            "type": "person"
        },
        {
            "id": 5,
            "label": "Californian",
            "type": "person"
        },
        {
            "id": 6,
            "label": " traditionalist worker party",
            "type": "organization"
        },
        {
            "id": 7,
            "label": "California state capitol building",
            "type": "location"
        },
        {
            "id": 8,
            "label": "Toricelli Street (Sacramento)",
            "type": "location"
        },
        {
            "id": 9,
            "label": "Tucker Carlson",
            "type": "person"
        }
    ],
    "edges": [
        {
            "source": 1,
            "target": 2,
            "relation": "organization",
            "description": "Participated in an event organized by organization (By Any Means Necessary)"
        },
        {
            "source": 2,
            "target": 5,
            "relation": "organization",
            "description": "Started a riot that resulted in injuries to others"
        },
        {
            "source": 4,
            "target": 6,
            "relation": "person",
            "description": "Attended protest at traditionalist workers party's demonstration"
        },
        {
            "source": 4,
            "target": 7,
            "relation": "person",
            "description": "Attended protest at California state capitol building"
        },
        {
            "source": 5,
            "target": 8,
            "relation": "person",
            "description": "Attended UC Berkeley protest at UC Berkeley assembly"
        }
    ]
}