{
    "nodes": [
        {
            "id": 1,
            "label": "The Obamas",
            "type": "person"
        },
        {
            "id": 2,
            "label": "Malia Obama",
            "type": "person"
        },
        {
            "id": 3,
            "label": "Harvard University",
            "type": "organization"
        },
        {
            "id": 4,
            "label": "Secret Service",
            "type": "organization"
        }
    ],
    "edges": [
        {
            "source": 1,
            "target": 2,
            "relation": "father",
            "description": "The Obamas arrived at Malia's dormitory before her students returned."
        },
        {
            "source": 1,
            "target": 2,
            "relation": "father",
            "description": "The Obamas pulled up to the building to assist in moving the students."
        }
    ]
}