{
    "nodes": [
        {
            "id": 1,
            "label": "James Alex Fields Jr.",
            "type": "person"
        },
        {
            "id": 2,
            "label": "Samantha Bloom",
            "type": "person"
        },
        {
            "id": 3,
            "label": "Clark County Sheriff Joe Lombardo",
            "type": "location"
        },
        {
            "id": 4,
            "label": "Las Vegas Strip",
            "type": "location"
        },
        {
            "id": 5,
            "label": "The 24-year-old woman driving the car",
            "type": "person"
        },
        {
            "id": 6,
            "label": "The child in the car",
            "type": "person"
        },
        {
            "id": 7,
            "label": "Traffic on the road (Las Vegas Strip)",
            "type": "location"
        },
        {
            "id": 8,
            "label": "Mrs. Pam Stivers or the driver's mother",
            "type": "person"
        },
        {
            "id": 9,
            "label": "NBC News",
            "type": "organization"
        },
        {
            "id": 10,
            "label": " MSNBC",
            "type": "organization"
        },
        {
            "id": 11,
            "label": "ABC News",
            "type": "organization"
        },
        {
            "id": 12,
            "label": "CBS TV Network",
            "type": "organization"
        }
    ],
    "edges": [
        {
            "source": 1,
            "target": 5,
            "relation": "person driving the car",
            "description": "The 24-year-old woman was driving the car."
        },
        {
            "source": 1,
            "target": 8,
            "relation": "person (Mrs. Pam Stivers)",
            "description": "The driver's mother."
        },
        {
            "source": 5,
            "target": 9,
            "relation": "person",
            "description": "NBC News reports the crash."
        },
        {
            "source": 5,
            "target": 10,
            "relation": "person",
            "description": " MSNBC reports the crash."
        },
        {
            "source": 8,
            "target": 9,
            "relation": "person (Mrs. Pam Stivers)",
            "description": "The driver's mother."
        },
        {
            "source": 3,
            "target": 4,
            "relation": "location",
            "description": " Clark County Sheriff went to the witness's scene."
        },
        {
            "source": 9,
            "target": 12,
            "relation": "organization (NBC News)",
            "description": " NBC covers the story from Las Vegas."
        },
        {
            "source": 8,
            "target": 11,
            "relation": "person",
            "description": "The driver's mother is a TV network person."
        }
    ]
}