{
    "nodes": [
        {
            "id": 1,
            "label": "Kent Best",
            "type": "organization"
        },
        {
            "id": 2,
            "label": "Dallas Hall Lawn",
            "type": "location"
        },
        {
            "id": 3,
            "label": "Morrison-McGinnis Park",
            "type": "location"
        },
        {
            "id": 4,
            "label": "The Young Americans for Freedom",
            "type": "organization"
        },
        {
            "id": 5,
            "label": "Heather Hall",
            "type": "location"
        },
        {
            "id": 6,
            "label": "Dallas News",
            "type": "organization"
        },
        {
            "id": 7,
            "label": "Grant Wolf",
            "type": "person"
        }
    ],
    "edges": [
        {
            "source": 2,
            "target": 3,
            "relation": "location",
            "description": "The relocation of the display to an out-of-the-way park."
        },
        {
            "source": 4,
            "target": 7,
            "relation": "organization",
            "description": "Addressing the issue of free speech in this context."
        },
        {
            "source": 1,
            "target": 2,
            "relation": "organization",
            "description": "Adopted a policy to not include harmful or triggering messages."
        }
    ]
}