{
    "nodes": [
        {
            "id": 1,
            "label": "Joe Biden",
            "type": "person"
        },
        {
            "id": 2,
            "label": "Bill Ackman",
            "type": "person"
        },
        {
            "id": 3,
            "label": "Beau Biden",
            "type": "person"
        },
        {
            "id": 4,
            "label": "Jeb Bush",
            "type": "person"
        }
    ],
    "edges": [
        {
            "source": 1,
            "target": 3,
            "relation": "son_of",
            "description": ""
        },
        {
            "source": 2,
            "target": 1,
            "relation": "disrespected",
            "description": "for his dead son"
        },
        {
            "source": 1,
            "target": 4,
            "relation": "asked_by",
            "description": ""
        },
        {
            "source": 1,
            "target": 2,
            "relation": "reprimanded",
            "description": "for disrespecting Beau Biden's memory"
        }
    ]
}