{
    "nodes": [
        {
            "id": 1,
            "label": "Charles Grassley",
            "type": "person"
        },
        {
            "id": 2,
            "label": "Fusion GPS Organization",
            "type": "organization"
        },
        {
            "id": 3,
            "label": "Sara Carter",
            "type": "person"
        }
    ],
    "edges": [
        {
            "source": 1,
            "target": 2,
            "relation": "Collaboration on Trump-Russia Dossier",
            "description": "Fusion GPS was involved in discussing the Dossier with Russia lawyers."
        },
        {
            "source": 3,
            "target": 2,
            "relation": "Report on FusionGPS",
            "description": "Sara Carter reported that FusionGPS is linked to Russian lawyer Natalia Veselnitskaya."
        },
        {
            "source": 1,
            "target": 3,
            "relation": "Connection with Trump Lawyer",
            "description": "Charles Grassley has written to the Secretary of State and DHS to assist in understanding this mystery involving a Russian lawyer."
        }
    ]
}