{
    "nodes": [
        {
            "id": 1,
            "label": " Governor of Virginia (VA)",
            "type": "person"
        },
        {
            "id": 2,
            "label": "Mayor of Charlottesville, Virginia",
            "type": "location"
        },
        {
            "id": 3,
            "label": "George W. Bush",
            "type": "person"
        },
        {
            "id": 4,
            "label": "Michael Scott",
            "type": "person"
        }
    ],
    "edges": [
        {
            "source": 1,
            "target": 2,
            "relation": "the Governor is a prominent member of the Democrat Party to try to create racial division in America",
            "description": "The Governor is a prominent member of the Democrat Party who is attempting to divide society by his actions."
        },
        {
            "source": 1,
            "target": 3,
            "relation": "The Governor is known for being part of the Republican party.",
            "description": "This edge highlights the Governor's association with the Republican party."
        },
        {
            "source": 1,
            "target": 4,
            "relation": "The Governor is associated with the Democratic political party.",
            "description": "This edge reflects the Governor's alignment with the Democratic party."
        },
        {
            "source": 3,
            "target": 2,
            "relation": "The Mayor of Charlottesville, Virginia facilitated the violence at that time and was part of a narrative to incite the chaos.",
            "description": "This edge shows the mayor's role in supporting the violent incidents."
        },
        {
            "source": 3,
            "target": 1,
            "relation": "The Mayor of Charlottesville, Virginia is a Republican representative from Virginia.",
            "description": "This edge indicates the mayor's political affiliation with the Republican party."
        }
    ]
}