{
    "nodes": [
        {
            "id": 1,
            "label": " Keith Ketzler",
            "type": "Person"
        },
        {
            "id": 2,
            "label": "Donald Trump",
            "type": "Person"
        },
        {
            "id": 3,
            "label": "The House of Representatives",
            "type": "Organization"
        },
        {
            "id": 4,
            "label": "The Senate",
            "type": "Organization"
        }
    ],
    "edges": [
        {
            "source": 1,
            "target": 2,
            "relation": "has",
            "description": " Keith Ketzler mentions he doesn't have control over the House and Senate."
        },
        {
            "source": 2,
            "target": 3,
            "relation": "belongs to",
            "description": "Paul Ryan is in the back pocket of the Chamber of Commerce and other special interest groups."
        },
        {
            "source": 3,
            "target": 4,
            "relation": "hosted",
            "description": "A private October conference call with House Republican members was held in October 2016."
        }
    ]
}