{
    "nodes": [
        {
            "id": 1,
            "label": "Trump",
            "type": "person"
        },
        {
            "id": 2,
            "label": "Puvo (Russian President)",
            "type": "person"
        },
        {
            "id": 3,
            "label": "U.S. Embassy",
            "type": "organization"
        }
    ],
    "edges": [
        {
            "source": 2,
            "target": 1,
            "relation": "He ordered [Puvo] to fire U.S. embassy staff from Russia.",
            "description": "he ordered Puvo to fire U.S. embassy staff in Moscow."
        }
    ]
}