{
    "nodes": [
        {
            "id": 1,
            "label": "CNN",
            "type": "organization"
        },
        {
            "id": 2,
            "label": "President Trump",
            "type": "person"
        },
        {
            "id": 3,
            "label": "@Acosta",
            "type": "tag"
        },
        {
            "id": 4,
            "label": "@C-span",
            "type": "tag"
        },
        {
            "id": 5,
            "label": "Stephen Miller",
            "type": "person"
        },
        {
            "id": 6,
            "label": " Immigration Act",
            "type": "text"
        }
    ],
    "edges": [
        {
            "source": 1,
            "target": 2,
            "relation": "real news about real news",
            "description": "CSPAN posted a message claiming 'I like real news' and making claims that @Acastopres Trump was fake."
        }
    ]
}