{
    "nodes": [
        {
            "id": 1,
            "label": "Marine Jonathan Yale",
            "type": "person"
        },
        {
            "id": 2,
            "label": "Marine Jordan Haerter",
            "type": "person"
        },
        {
            "id": 3,
            "label": "Joint Security Station Sophia",
            "type": "location"
        },
        {
            "id": 4,
            "label": "Ramadi Outpost",
            "type": "location"
        }
    ],
    "edges": [
        {
            "source": 1,
            "target": 2,
            "relation": "They worked together on the mission to prevent a suicide attack",
            "description": "Marine Yale and Marine Haerter collaborated with others setting up the security at Ramadi Outpost."
        },
        {
            "source": 1,
            "target": 3,
            "relation": "Connected to the joint security station where the base is located",
            "description": "Participated in planning and coordination for the attack on Sophia Joint Security Station."
        },
        {
            "source": 2,
            "target": 4,
            "relation": "Supported the security team managing the Ramadi Outpost",
            "description": "Supported the work done at the Joint Security Station to prevent the explosion of the truck."
        }
    ]
}