{
    "nodes": [
        {
            "id": 1,
            "label": "Frank Schaeffer",
            "type": "person"
        },
        {
            "id": 2,
            "label": "Roy Moore",
            "type": "person"
        },
        {
            "id": 3,
            "label": "Donald Trump",
            "type": "person"
        },
        {
            "id": 4,
            "label": "The Christian Right",
            "type": "organization"
        },
        {
            "id": 5,
            "label": "The Republican Party",
            "type": "organization"
        }
    ],
    "edges": [
        {
            "source": 1,
            "target": 4,
            "relation": "created",
            "description": "Helped create the Christian Right movement"
        },
        {
            "source": 2,
            "target": 4,
            "relation": "associated_with",
            "description": "Supported by the Christian Right"
        },
        {
            "source": 3,
            "target": 5,
            "relation": "supported_by",
            "description": "Supported by the Republican Party"
        },
        {
            "source": 1,
            "target": 2,
            "relation": "condemned",
            "description": "Condemned Roy Moore's behavior"
        },
        {
            "source": 1,
            "target": 3,
            "relation": "condemned",
            "description": "Condemned Donald Trump's behavior"
        }
    ]
}