{
    "nodes": [
        {
            "id": 1,
            "label": "Susan Rice",
            "type": "person"
        },
        {
            "id": 2,
            "label": "Barack Obama",
            "type": "person"
        },
        {
            "id": 3,
            "label": "John Doe (president of Ohio)",
            "type": "organization"
        },
        {
            "id": 4,
            "label": "Jim Jordan",
            "type": "person"
        },
        {
            "id": 5,
            "label": "Rand Paul (R-KY)",
            "type": "person"
        },
        {
            "id": 6,
            "label": "Mark H. Taylor",
            "type": "person"
        },
        {
            "id": 7,
            "label": "Pam Grier",
            "type": "person"
        },
        {
            "id": 8,
            "label": "Pamini Thomas",
            "type": "organization"
        },
        {
            "id": 9,
            "label": "Ken C. Krupa",
            "type": "organization"
        },
        {
            "id": 10,
            "label": "Emily Stone",
            "type": "person"
        }
    ],
    "edges": [
        {
            "source": 1,
            "target": 2,
            "relation": "she is involved in the political relationship between person/susan rice and president barack obama",
            "description": "Susan Rice is involved in the political relationship with Barack Obama."
        },
        {
            "source": 1,
            "target": 3,
            "relation": "president jim paul is a member of the Republican-led House Permanent Select Committee on Intelligence",
            "description": "Rand Paul is a member of the Republican-led House Permanent Select Committee on Intelligence."
        },
        {
            "source": 2,
            "target": 5,
            "relation": "person mark h. taylor is involved in the political relationship between person susan rice and barack obama",
            "description": "Mark H. Taylor is involved in the political relationship with Susan Rice."
        },
        {
            "source": 2,
            "target": 7,
            "relation": "organization ken c. krpua is involved in the political relationship between person susan rice and barack obama",
            "description": "Ken C. Krupa is involved in the political relationship with Susan Rice."
        },
        {
            "source": 4,
            "target": 5,
            "relation": "person emily stone is a member of the Republican-led House Permanent Select Committee on Intelligence and a member of the Senate Foreign Relations Committee",
            "description": "Emily Stone is a member of both the Republican-led House Permanent Select Committee on Intelligence and the Senate Foreign Relations Committee."
        },
        {
            "source": 4,
            "target": 10,
            "relation": "person emily stone is involved in the political relationship between person susan rice and barack obama",
            "description": "Emily Stone is involved in the political relationship with Susan Rice."
        }
    ]
}