{
    "nodes": [
        {
            "id": 1,
            "label": "tarmac meeting",
            "type": "location",
            "attributes": {
                "description": "tarmac meeting"
            }
        },
        {
            "id": 2,
            "label": " Comey",
            "type": "person",
            "attributes": {
                "description": "John Doe, who served as Undersecretary of Defense for several years."
            }
        },
        {
            "id": 3,
            "label": " lie",
            "type": "text value",
            "attributes": {
                "description": "Someone who lied during the FOIA request process."
            }
        },
        {
            "id": 4,
            "label": " tarmac meeting origin",
            "type": "location",
            "attributes": {
                "description": "origin of the tarmac meeting"
            }
        },
        {
            "id": 5,
            "label": " request",
            "type": "text value",
            "attributes": {
                "description": "The FOIA request for documents related to the tarmac meeting."
            }
        },
        {
            "id": 6,
            "label": " lost documents",
            "type": "text value",
            "attributes": {
                "description": "Documents were later found to be lost."
            }
        },
        {
            "id": 7,
            "label": " documents found",
            "type": "location",
            "attributes": {
                "description": "Location where the documents were found."
            }
        },
        {
            "id": 8,
            "label": " discovered",
            "type": "text value",
            "attributes": {
                "description": "Documents were eventually discovered."
            }
        },
        {
            "id": 9,
            "label": " perjury",
            "type": "text value",
            "attributes": {
                "description": "Penalty for lying or omission of documentation."
            }
        },
        {
            "id": 10,
            "label": " documents turned over",
            "type": "location",
            "attributes": {
                "description": "Location where the requested FOIA documents were turned over."
            }
        },
        {
            "id": 11,
            "label": " John Doe, Undersecretary of Defense",
            "type": "person",
            "attributes": {
                "description": "John Doe served as Undersecretary of Defense for several years."
            }
        },
        {
            "id": 12,
            "label": " James Comey",
            "type": "person",
            "attributes": {
                "description": "Under secretari of the Department of State for approximately 23 years, served as Undersecretary of Defense for several years."
            }
        },
        {
            "id": 13,
            "label": " documents relate to tarmac meeting",
            "type": "text value",
            "attributes": {
                "description": "Documents were related to the tarmac meeting."
            }
        }
    ],
    "edges": [
        {
            "source": 2,
            "target": 5,
            "relation": "the person did not understand the request",
            "description": "John Doe, Undersecretary of Defense, did not understand the request about the tarmac meeting."
        },
        {
            "source": 5,
            "target": 6,
            "relation": "the location where the request was made (tarmac meeting origin) found lost",
            "description": "The location where the request was made (tarmac meeting origin) found lost."
        },
        {
            "source": 6,
            "target": 7,
            "relation": "the person discovered the location where the documents were found",
            "description": "The person discovered the location where the documents were found."
        },
        {
            "source": 7,
            "target": 8,
            "relation": "the person did not understand the request by the way standard boilerplate is recognized in every lawyer's daily practice.",
            "description": "The person did not understand the request by the way standard boilerplate is recognized in every lawyer's daily practice."
        },
        {
            "source": 8,
            "target": 12,
            "relation": "the person perjury was under penalty of immediately proving their ungenerable mistake.",
            "description": "The person perjury was under penalty of immediately proving their ungenerable mistake."
        }
    ]
}