{
    "nodes": [
        {
            "id": 1,
            "label": "Donald Trump",
            "type": "person"
        },
        {
            "id": 2,
            "label": "Jared Kushner",
            "type": "person"
        },
        {
            "id": 3,
            "label": "Mahmoud Abbas",
            "type": "person"
        },
        {
            "id": 4,
            "label": "Enrique Pe\u00f1a Nieto",
            "type": "person"
        },
        {
            "id": 5,
            "label": "Malcolm Turnbull",
            "type": "person"
        },
        {
            "id": 6,
            "label": "Angela Merkel",
            "type": "person"
        },
        {
            "id": 7,
            "label": "Xi Jinping",
            "type": "person"
        },
        {
            "id": 8,
            "label": "Benjamin Netanyahu",
            "type": "person"
        },
        {
            "id": 9,
            "label": "Justin Trudeau",
            "type": "person"
        },
        {
            "id": 10,
            "label": "Sadiq Khan",
            "type": "person"
        }
    ],
    "edges": [
        {
            "source": 1,
            "target": 2,
            "relation": "sent_to_negotiate",
            "description": "Trump sent Kushner to negotiate peace between Israel and Palestine"
        },
        {
            "source": 1,
            "target": 4,
            "relation": "phone_call",
            "description": "Trump had a phone call with Enrique Pe\u00f1a Nieto, Mexico's President"
        },
        {
            "source": 1,
            "target": 5,
            "relation": "phone_call",
            "description": "Trump had a phone call with Malcolm Turnbull, Australia's Prime Minister"
        },
        {
            "source": 1,
            "target": 6,
            "relation": "diplomatic_misstep",
            "description": "Trump refused to shake Angela Merkel's hand"
        },
        {
            "source": 1,
            "target": 7,
            "relation": "dinner_with_diplomacy",
            "description": "Trump hosted Xi Jinping for dinner at Mar-a-Lago resort"
        },
        {
            "source": 1,
            "target": 3,
            "relation": "diplomatic_misstep",
            "description": "Kushner met with Mahmoud Abbas, Palestinian leader"
        },
        {
            "source": 1,
            "target": 9,
            "relation": "feud",
            "description": "Trump had a long-running feud with Justin Trudeau, Canada's Prime Minister"
        },
        {
            "source": 1,
            "target": 10,
            "relation": "criticism",
            "description": "Trump criticized Sadiq Khan's handling of terror attacks in London"
        }
    ]
}