{
    "nodes": [
        {
            "id": 1,
            "label": "program_dead",
            "type": "node"
        },
        {
            "id": 2,
            "label": "eric Holder",
            "type": "person"
        },
        {
            "id": 3,
            "label": "bob goodlatte",
            "type": "person"
        },
        {
            "id": 4,
            "label": "doe",
            "type": "organization"
        },
        {
            "id": 5,
            "label": " Repubs",
            "type": "organization"
        },
        {
            "id": 6,
            "label": " Repubs",
            "type": "organization"
        },
        {
            "id": 7,
            "label": " Repubs",
            "type": "organization"
        },
        {
            "id": 8,
            "label": " Repubs",
            "type": "organization"
        },
        {
            "id": 9,
            "label": " Repubs",
            "type": "organization"
        },
        {
            "id": 10,
            "label": " Repubs",
            "type": "organization"
        },
        {
            "id": 11,
            "label": " Repubs",
            "type": "organization"
        },
        {
            "id": 12,
            "label": " Repubs",
            "type": "organization"
        },
        {
            "id": 13,
            "label": "trump jdoe",
            "type": "node"
        },
        {
            "id": 14,
            "label": "huh",
            "type": "node"
        }
    ],
    "edges": [
        {
            "source": 2,
            "target": 3,
            "relation": "ending operation choke point by bob goodlatte",
            "description": "Eric Holder launched the program and Bob Goodlatte made it clear to the Trump administration that it should end ASAP."
        },
        {
            "source": 4,
            "target": 7,
            "relation": "opposite previous operations in the Obama era",
            "description": "The DOJ ended an Obama-era initiative targeting firearms dealers but came under fire for unfairly targeting gun dealers."
        },
        {
            "source": 13,
            "target": 4,
            "relation": "duty to target only businesses ideally opposed by the administration",
            "description": "The Trump DOJ is ending an operation aimed at shutting down credit to shady businesses targeted by Obama."
        }
    ]
}