{
    "nodes": [
        {
            "id": 1,
            "label": "explanation of hometown identity leading to an insider swamp",
            "type": "person"
        },
        {
            "id": 2,
            "label": "related person",
            "type": "person"
        },
        {
            "id": 3,
            "label": "Mitch McConnell",
            "type": "person"
        },
        {
            "id": 4,
            "label": "White House",
            "type": "location"
        }
    ],
    "edges": [
        {
            "source": 1,
            "target": 2,
            "relation": "related (as both are people in opposing circles)",
            "description": "Dan Bongino and Mitch McConnell, two key figures involved in opposing the President's political office."
        },
        {
            "source": 1,
            "target": 3,
            "relation": "person",
            "description": "Dan Bongino explained the hometown identity of politicians leading to an insider swamp."
        },
        {
            "source": 2,
            "target": 3,
            "relation": "related (both are people in opposing circles)",
            "description": "Dan Bongino and Mitch McConnell, two individuals involved in opposing Trump's office."
        },
        {
            "source": 1,
            "target": 4,
            "relation": "person",
            "description": "Dan Bongino was part of the White House discussing the issues affecting the President."
        },
        {
            "source": 2,
            "target": 4,
            "relation": "person",
            "description": "Mitch McConnell, a senior official, discussed opposing Trump's office."
        },
        {
            "source": 3,
            "target": 4,
            "relation": "reporting (Clapper reported Trump's false claims about the Russian involvement in the scandal)",
            "description": "Clapper shared his interpretation of the Trump/Russia fake scandal report"
        },
        {
            "source": 4,
            "target": 3,
            "relation": "person",
            "description": "The White House reports that Dan Bongino was there discussing the issue."
        }
    ]
}