{
    "nodes": [
        {
            "id": 1,
            "label": "Debbie Wasserman Schultz",
            "type": "Person"
        },
        {
            "id": 2,
            "label": "Imran Awan",
            "type": "Employee"
        },
        {
            "id": 3,
            "label": "Hina Alvi",
            "type": "Employee"
        },
        {
            "id": 4,
            "label": "Chris Gowen",
            "type": "Person"
        },
        {
            "id": 5,
            "label": "David Darmrom",
            "type": "Person"
        },
        {
            "id": 6,
            "label": "Debbie Wasserman Schultz",
            "type": "Person"
        }
    ],
    "edges": [
        {
            "source": 1,
            "target": 2,
            "relation": "Employee in the office of Debbie Wasserman Schultz",
            "description": "Participated in the IT department and worked with Debbie, even though he left the U.S."
        },
        {
            "source": 1,
            "target": 6,
            "relation": "Person",
            "description": "Head of the IT department"
        },
        {
            "source": 3,
            "target": 5,
            "relation": "Employee",
            "description": "Employed in an IT position for Debbie Wasserman Schultz"
        },
        {
            "source": 4,
            "target": 6,
            "relation": "Person",
            "description": "Spokesperson for the House"
        },
        {
            "source": 1,
            "target": 3,
            "relation": "Employee",
            "description": "Worked as an IT specialist with Debbie Wasserman Schultz in her office"
        }
    ]
}