{
    "nodes": [
        {
            "id": 1,
            "label": "Houston (TX)",
            "type": "city"
        },
        {
            "id": 2,
            "label": "Harris County Office of Homeland Security",
            "type": "organization"
        },
        {
            "id": 3,
            "label": "Houston Mayor Sylvester Turner",
            "type": "person"
        },
        {
            "id": 4,
            "label": " Francisco Sanchez (@DisasterPIO)",
            "type": "person"
        },
        {
            "id": 5,
            "label": "1,000 people rescued in Dickinson, TX",
            "type": "location"
        },
        {
            "id": 6,
            "label": "H Toll Road Bridge",
            "type": "location"
        },
        {
            "id": 7,
            "label": "12 NURSING HOME RESIDENTS EVACUATED",
            "type": "location"
        },
        {
            "id": 8,
            "label": "Houston Ship Channel",
            "type": "location"
        }
    ],
    "edges": [
        {
            "source": 1,
            "target": 2,
            "relation": "organization of disaster management and emergency response",
            "description": "The organization provides resources for evacuations and disaster recovery in Houston."
        },
        {
            "source": 1,
            "target": 3,
            "relation": "person",
            "description": "Houston Mayor Sylvester Turner is the designated representative of the city's disaster management team."
        },
        {
            "source": 4,
            "target": 5,
            "relation": "organization",
            "description": "The mayor coordinates with the Harris County Office of Homeland Security and other entities in Houston to address the flood impact."
        },
        {
            "source": 3,
            "target": 6,
            "relation": "location",
            "description": "Harris County Office of Homeland Security handles emergency responses and evacuation orders in its areas of expertise."
        },
        {
            "source": 5,
            "target": 7,
            "relation": "location",
            "description": "Multiple nursing hospitals are rescuing patients from the Houston Ship Channel's evacuated area due to floodwaters."
        },
        {
            "source": 6,
            "target": 8,
            "relation": "organization",
            "description": "Institutions in Dickinson are evacuating residents of Dickenson due to flooding."
        }
    ]
}