{
    "nodes": [
        {
            "id": 1,
            "label": "Retirees after Johnny Carson",
            "type": "person"
        },
        {
            "id": 2,
            "label": "President Donald Trump (NYC history)",
            "type": "person"
        }
    ],
    "edges": [
        {
            "source": 1,
            "target": 2,
            "relation": "Commenting on the decreasing humor of the guy",
            "description": "The user's response about how David Letterman was struggling to get ratings at The Gap and pointing out Trump's unpolished performance."
        }
    ]
}