{
    "nodes": [
        {
            "id": 1,
            "label": "Government Actions",
            "type": "person"
        },
        {
            "id": 2,
            "label": "Event",
            "type": "event"
        },
        {
            "id": 3,
            "label": "Commentators",
            "type": "group"
        }
    ],
    "edges": [
        {
            "source": 1,
            "target": 3,
            "relation": "causes government actions to cause threats",
            "description": "Government actions led to a threat."
        },
        {
            "source": 2,
            "target": 3,
            "relation": "event is a result of Commentators' discussion about the firing",
            "description": "The event occurred as a result of Commentators discussing the firing."
        },
        {
            "source": 1,
            "target": 3,
            "relation": "President Trump responded quickly to the event",
            "description": "President Trump's quick response to the event."
        },
        {
            "source": 2,
            "target": 3,
            "relation": "Commentators discussed President Trump's response after discussing firing in Russia",
            "description": "Commentators discussed President Trump's response following discussions about the firing."
        }
    ]
}