{
    "nodes": [
        {
            "id": 1,
            "label": "Democrats",
            "type": "party"
        },
        {
            "id": 2,
            "label": "Republicans",
            "type": "party"
        },
        {
            "id": 3,
            "label": "Identity Politics",
            "type": "category"
        },
        {
            "id": 4,
            "label": " Principles for American Renewal",
            "type": "content"
        },
        {
            "id": 5,
            "label": "People. Women",
            "type": "group"
        },
        {
            "id": 6,
            "label": "People. Hispanics",
            "type": "group"
        },
        {
            "id": 7,
            "label": "People. LGBT people",
            "type": "group"
        },
        {
            "id": 8,
            "label": "People. Ethnic Americans",
            "type": "group"
        },
        {
            "id": 9,
            "label": "People. 17 Different Groups",
            "type": "group"
        }
    ],
    "edges": [
        {
            "source": 1,
            "target": 4,
            "relation": "Identity politics has become a more polarized category in recent years",
            "description": " Republicans have become increasingly focused on dividing their base by offering increasingly polarized platforms for different groups."
        },
        {
            "source": 2,
            "target": 3,
            "relation": "Democrats are advocating to divide their base into discrete segments rather than maintain a unified identity",
            "description": "Democrats have been advocating for a more divisive approach by offering messages tailored to specific subgroup needs, such as immigration security, healthcare reform, and economic growth."
        },
        {
            "source": 3,
            "target": 5,
            "relation": "Identity politics has become increasingly polarized and fragmented in recent years",
            "description": " Republicans have moved away from a united approach to creating fragmented platforms for different groups."
        }
    ]
}