{
    "nodes": [
        {
            "id": 1,
            "label": "Dion Cini",
            "type": "person"
        },
        {
            "id": 2,
            "label": "Another Person",
            "type": "person"
        }
    ],
    "edges": [
        {
            "source": 1,
            "target": 1,
            "relation": "told via boat imagery",
            "description": "Dion Cini says he spotted people rowing boats."
        },
        {
            "source": 1,
            "target": 2,
            "relation": "on the river",
            "description": "spotting liberal rowers on the Hudson River."
        },
        {
            "source": 1,
            "target": 2,
            "relation": "at the beach",
            "description": "spotting people at rooftop bars."
        },
        {
            "source": 2,
            "target": 2,
            "relation": "on the river",
            "description": "another person spotted liberal rowers on the river."
        },
        {
            "source": 2,
            "target": 2,
            "relation": "at rooftop bars",
            "description": "spotting quotes from Trump flag imagery."
        },
        {
            "source": 2,
            "target": 2,
            "relation": "by their comments",
            "description": "the other person spotted their own comments."
        }
    ]
}