{
    "nodes": [
        {
            "id": 1,
            "label": "Twitter post",
            "type": "tweet"
        },
        {
            "id": 2,
            "label": "Settler (Seth Rich)",
            "type": "person"
        },
        {
            "id": 3,
            "label": "Current President Trump",
            "type": "person"
        },
        {
            "id": 4,
            "label": "DC Police",
            "type": "police agency"
        },
        {
            "id": 5,
            "label": "Northrop Grumman",
            "type": "defense contractor"
        },
        {
            "id": 6,
            "label": "Seymour Hersh",
            "type": "person"
        },
        {
            "id": 7,
            "label": "Big League Politics",
            "type": "organization"
        },
        {
            "id": 8,
            "label": "Text analysis tools",
            "type": "\u5de5\u5177"
        }
    ],
    "edges": [
        {
            "source": 1,
            "target": 2,
            "relation": "tweet about",
            "description": "A Twitter post questioning media about Seth Rich's death."
        },
        {
            "source": 2,
            "target": 3,
            "relation": "person of interest",
            "description": "Attack on Trump administration."
        },
        {
            "source": 3,
            "target": 4,
            "relation": "reporter's workplace",
            "description": "Current President Trump reports a robbery."
        },
        {
            "source": 4,
            "target": 5,
            "relation": "police department",
            "description": "Local authorities report a robbery confirmed by police."
        },
        {
            "source": 3,
            "target": 7,
            "relation": "person",
            "description": "Current President Trump claims to be involved in WikiLeaks."
        },
        {
            "source": 3,
            "target": 8,
            "relation": "sample offerer",
            "description": "Seymour Hersh offered a sample email and access details."
        },
        {
            "source": 2,
            "target": 5,
            "relation": "defense contractor",
            "description": "Seth Rich worked for Northrop Grumman."
        },
        {
            "source": 4,
            "target": 2,
            "relation": "identified in location",
            "description": "Local police confirm a robbery confirmed by the Riches."
        },
        {
            "source": 7,
            "target": 8,
            "relation": "tools used",
            "description": "Big League Politics uses technical tools."
        }
    ]
}