{
    "nodes": [
        {
            "id": 1,
            "label": "Sheriff Joe Arpaio",
            "type": "person"
        },
        {
            "id": 2,
            "label": "John Doe",
            "type": "person"
        },
        {
            "id": 3,
            "label": "I've got support",
            "type": "text"
        }
    ],
    "edges": [
        {
            "source": 1,
            "target": 2,
            "relation": "the speaker is talking about me",
            "description": "The speaker's emotional state or past actions related to Sheriff Joe Arpaio."
        },
        {
            "source": 1,
            "target": 1,
            "relation": "recursive reference back to the same node (Sheriff Joe Arpaio)",
            "description": "Arpaio was previously discussed and is connected via this edge for recursion."
        }
    ]
}