{
    "nodes": [
        {
            "id": 1,
            "label": "Trump",
            "type": "person"
        },
        {
            "id": 2,
            "label": "Scaramucci",
            "type": "white_houseofficial"
        },
        {
            "id": 3,
            "label": "National Park Service",
            "type": "governmentagency"
        },
        {
            "id": 4,
            "label": "Education Department",
            "type": "governmentagency"
        },
        {
            "id": 5,
            "label": "White House communications director",
            "type": "position"
        },
        {
            "id": 6,
            "label": "National Park Service",
            "type": "governmentagency"
        },
        {
            "id": 7,
            "label": "Ex-Im Bank",
            "type": "organization"
        }
    ],
    "edges": [
        {
            "source": 1,
            "target": 2,
            "relation": "person to white_houseofficial",
            "description": "Scaramucci is a senior White House aide."
        },
        {
            "source": 2,
            "target": 5,
            "relation": "position to position",
            "description": "Scaramucci's role as a senior White House aide."
        },
        {
            "source": 5,
            "target": 7,
            "relation": "organization to organization",
            "description": "White House communications director takes salary for his job."
        },
        {
            "source": 1,
            "target": 6,
            "relation": "person to governmentagency",
            "description": "Donald Trump donates salary to National Park Service."
        },
        {
            "source": 2,
            "target": 6,
            "relation": "position to governmentagency",
            "description": "Scaramucci works for the Ex-Im Bank, which funds the National Park Service."
        },
        {
            "source": 6,
            "target": 7,
            "relation": "organization to organization",
            "description": "Ex-Im Bank is part of the government agency funded by the National Park Service."
        },
        {
            "source": 1,
            "target": 5,
            "relation": "person to governmentagency",
            "description": "Donald Trump donates salary to Education Department."
        }
    ]
}