{
    "nodes": [
        {
            "id": 1,
            "label": "Hillary Clinton",
            "type": "person"
        },
        {
            "id": 2,
            "label": "Her husband",
            "type": "person"
        },
        {
            "id": 3,
            "label": "Her daughter",
            "type": "person"
        },
        {
            "id": 4,
            "label": "Pennsylvania, United States",
            "type": "location"
        },
        {
            "id": 5,
            "label": "Wisconsin, United States",
            "type": "location"
        },
        {
            "id": 6,
            "label": "Michigan, United States",
            "type": "location"
        },
        {
            "id": 7,
            "label": "Canada/Toronto, Canada",
            "type": "organization"
        },
        {
            "id": 8,
            "label": "Canada/Montreal, Canada",
            "type": "organization"
        },
        {
            "id": 9,
            "label": "Canada/Vancouver, Canada",
            "type": "organization"
        }
    ],
    "edges": [
        {
            "source": 1,
            "target": 4,
            "relation": "tour related to her new novel",
            "description": "The book tour promotes Hillary's presidential campaign."
        },
        {
            "source": 1,
            "target": 5,
            "relation": "history of the campaign",
            "description": "She won't let people forget she ran for president."
        },
        {
            "source": 1,
            "target": 6,
            "relation": "history of the campaign",
            "description": "The reader will hear a story that makes no sense at all."
        },
        {
            "source": 2,
            "target": 4,
            "relation": "her husband's political stance on public speaking",
            "description": "He tried to be careful in public and now lets his guard down."
        },
        {
            "source": 3,
            "target": 7,
            "relation": "her daughter's political stance on public speaking",
            "description": "She was up on the wire without a net last week, and now she feels more comfortable."
        }
    ]
}