{
    "nodes": [
        {
            "id": 1,
            "label": "Americans",
            "type": "person"
        },
        {
            "id": 2,
            "label": "UCR",
            "type": "location"
        },
        {
            "id": 3,
            "label": "S Soros",
            "type": "supporter"
        },
        {
            "id": 4,
            "label": "Antifa",
            "type": "group"
        },
        {
            "id": 5,
            "label": "WOMAN",
            "type": "person"
        }
    ],
    "edges": [
        {
            "source": 1,
            "target": 2,
            "relation": "people from Americans are at UCR",
            "description": "People from Americans are at UCReach out for support."
        },
        {
            "source": 1,
            "target": 5,
            "relation": "women with masks use a mask while walking on a support rally",
            "description": "Women using masks walk on a support rally, pour urine on Trump supporters."
        },
        {
            "source": 5,
            "target": 4,
            "relation": "WOMAN interacts with both the police and women wearing masks",
            "description": "Women using masks interact with the police and women wearing masks."
        },
        {
            "source": 4,
            "target": 1,
            "relation": "women using masks use a mask while walking on a support rally",
            "description": "Women using masks walk on a support rally, pour urine on Trump supporters."
        }
    ]
}