{
    "nodes": [
        {
            "id": 1,
            "label": "American\u4e24\u8fb9\u6743\u4eba\u58eb",
            "type": "person"
        },
        {
            "id": 2,
            "label": "National Football League",
            "type": "organization"
        },
        {
            "id": 3,
            "label": "Tucker Carlson",
            "type": "individual"
        },
        {
            "id": 4,
            "label": "Jason Whitlock",
            "type": "individual"
        }
    ],
    "edges": [
        {
            "source": 1,
            "target": 2,
            "relation": "involved in sports protests",
            "description": "American leftists involved in sports protests promoting social justice."
        },
        {
            "source": 3,
            "target": 4,
            "relation": "Tucker Carlson offers insights on social issues",
            "description": "Tucker Carlson discusses social justice and opposes unfair policies."
        }
    ]
}