{
    "nodes": [
        {
            "id": 1,
            "label": "Vladimir Putin",
            "type": "person"
        },
        {
            "id": 2,
            "label": "Donald Trump",
            "type": "person"
        },
        {
            "id": 3,
            "label": "Hillary Clinton",
            "type": "person"
        },
        {
            "id": 4,
            "label": "Russian hackers",
            "type": "organization"
        },
        {
            "id": 5,
            "label": "CIA",
            "type": "organization"
        },
        {
            "id": 6,
            "label": "FBI",
            "type": "organization"
        },
        {
            "id": 7,
            "label": "Democratic National Committee",
            "type": "organization"
        }
    ],
    "edges": [
        {
            "source": 1,
            "target": 4,
            "relation": "orchestrated",
            "description": "Vladimir Putin orchestrated a complex attack on our democracy"
        },
        {
            "source": 2,
            "target": 7,
            "relation": "tampered with data",
            "description": "Russian hackers stole the information of nearly 90,000 voters in Illinois alone"
        },
        {
            "source": 1,
            "target": 2,
            "relation": "instructed",
            "description": "Putin's specific instructions to install Donald Trump in the Oval Office"
        },
        {
            "source": 4,
            "target": 7,
            "relation": "hacked",
            "description": "Hackers with ties to Russian intelligence services had been rummaging through Democratic Party computer networks"
        }
    ]
}