{
    "nodes": [
        {
            "id": 1,
            "label": "Jared Kushner",
            "type": "Person"
        },
        {
            "id": 2,
            "label": "Kushner Media",
            "type": "News Media"
        },
        {
            "id": 3,
            "label": "Statement",
            "type": "Statement"
        },
        {
            "id": 4,
            "label": "Kushner",
            "type": "Person"
        },
        {
            "id": 5,
            "label": "Trump Jr.",
            "type": "Person"
        },
        {
            "id": 6,
            "label": " Manafort",
            "type": "Person"
        },
        {
            "id": 7,
            "label": "Clinton",
            "type": "Person"
        },
        {
            "id": 8,
            "label": "House Intelligence Committee",
            "type": "Organization"
        }
    ],
    "edges": [
        {
            "source": 1,
            "target": 4,
            "relation": "Person - Organization",
            "description": "Kushner joined Donald Trump Jr. and Manafort in a meeting."
        },
        {
            "source": 2,
            "target": 5,
            "relation": "News Media - Organization",
            "description": "Kushner media released statements about colluding with foreign governments."
        },
        {
            "source": 3,
            "target": 7,
            "relation": "Statement - Person",
            "description": "The closed-door meeting included statements from multiple people."
        },
        {
            "source": 4,
            "target": 8,
            "relation": "Organization - Organization",
            "description": "The House Intelligence Committee is investigating Russia's involvement in the 2016 election."
        }
    ]
}