{
    "nodes": [
        {
            "id": 1,
            "label": "attorney Dano",
            "type": "person"
        },
        {
            "id": 2,
            "label": "president Trump",
            "type": "person"
        },
        {
            "id": 3,
            "label": "National Center for Police Defense (NCPD)",
            "type": "organization"
        },
        {
            "id": 4,
            "label": "Maricopa County Sheriff",
            "type": "person"
        },
        {
            "id": 5,
            "label": "New York Times",
            "type": "organization"
        },
        {
            "id": 6,
            "label": "Maricopa Police Office administering immigration enforcement",
            "type": "person"
        },
        {
            "id": 7,
            "label": "NY Times helped sell Obama's plan",
            "type": "fact"
        }
    ],
    "edges": [
        {
            "source": 1,
            "target": 2,
            "relation": "among",
            "description": "Attorney Dano was among several leftists concerned about Trump's actions."
        },
        {
            "source": 5,
            "target": 3,
            "relation": "organization",
            "description": "National Center for Police Defense (NCPD) was involved in the legal case."
        },
        {
            "source": 5,
            "target": 7,
            "relation": "fact",
            "description": "New York Times helped sell the plan to Obama's campaign."
        },
        {
            "source": 6,
            "target": 3,
            "relation": "organization",
            "description": "Maricopa Police Office administered immigration enforcement operations."
        },
        {
            "source": 6,
            "target": 7,
            "relation": "suing",
            "description": "The Maricopa Police Office sued the NY Times in relation to Arpaio's case."
        },
        {
            "source": 3,
            "target": 4,
            "relation": "organization",
            "description": "NCPD was involved in the legal proceedings involving Maricopa Police Office."
        }
    ]
}