{
    "nodes": [
        {
            "id": 1,
            "label": "Howard Dean",
            "type": "person"
        },
        {
            "id": 2,
            "label": "President Donald Trump",
            "type": "person"
        },
        {
            "id": 3,
            "label": "Sen. Jeff Flake",
            "type": "location"
        }
    ],
    "edges": [
        {
            "source": 1,
            "target": 2,
            "relation": "Howard Dean is mentioned in his comments about [sen.] Jeff Flake's remarks that Trump could be involved in a [2020] Republican primary challenger.",
            "description": "Howard Dean discusses tips from [sen.] Jeff Flake suggesting he might become [2020] Republican primary challenger."
        }
    ]
}