{
    "nodes": [
        {
            "id": 1,
            "label": "Former Director of National Intelligence James Clapper",
            "type": "person"
        },
        {
            "id": 2,
            "label": "President Trump",
            "type": "person"
        }
    ],
    "edges": [
        {
            "source": 1,
            "target": 2,
            "relation": "conflict of interest (a short text value)",
            "description": "Clapper bashed President Trump during a discussion on national security and the Trump/Russia fake scandal. It is clear that Clapper is a political pawn who is out to try and make our president look bad."
        }
    ]
}