{
    "nodes": [
        {
            "id": 1,
            "label": "Joel Pollack",
            "type": "person"
        },
        {
            "id": 2,
            "label": "Steve Bannon",
            "type": "person"
        },
        {
            "id": 3,
            "label": "Hollywood",
            "type": "organization"
        },
        {
            "id": 4,
            "label": "Democratic party",
            "type": "organization"
        },
        {
            "id": 5,
            "label": "Republican establishment",
            "type": "organization"
        }
    ],
    "edges": [
        {
            "source": 1,
            "target": 2,
            "relation": "Steve Bannon is returning to Twitter",
            "description": "Steve Bannon is returning to Twitter in the trenches."
        },
        {
            "source": 1,
            "target": 3,
            "relation": "Joel Pollack is engaging with others",
            "description": "Joel Pollack is interacting with other Twitter handles."
        },
        {
            "source": 2,
            "target": 4,
            "relation": "Steve Bannon is collaborating with the party",
            "description": "Steve Bannon is collaborating with the Democratic party."
        },
        {
            "source": 2,
            "target": 5,
            "relation": "Steve Bannon is opposing the Republican establishment",
            "description": "Steve Bannon is opposing the Republican establishment."
        }
    ]
}