{
    "nodes": [
        {
            "id": 1,
            "label": "Donald Trump",
            "type": "person"
        },
        {
            "id": 2,
            "label": "James Comey",
            "type": "person"
        },
        {
            "id": 3,
            "label": "Robert Mueller",
            "type": "person"
        },
        {
            "id": 4,
            "label": "Kellyanne Conway",
            "type": "person"
        },
        {
            "id": 5,
            "label": "Alisyn Camerota",
            "type": "person"
        },
        {
            "id": 6,
            "label": "Mike Conaway",
            "type": "person"
        }
    ],
    "edges": [
        {
            "source": 1,
            "target": 2,
            "relation": "conversation",
            "description": "Had conversation"
        },
        {
            "source": 1,
            "target": 3,
            "relation": "obstruct justice",
            "description": "Tried to obstruct justice"
        },
        {
            "source": 2,
            "target": 4,
            "relation": "intimidation",
            "description": "Was intimidated"
        },
        {
            "source": 1,
            "target": 5,
            "relation": "interview",
            "description": "Gave interview to CNN"
        },
        {
            "source": 4,
            "target": 6,
            "relation": "commentary",
            "description": "Provided commentary on the situation"
        }
    ]
}