{
    "nodes": [
        {
            "id": 1,
            "label": "Kellyanne Conway",
            "type": "person"
        },
        {
            "id": 2,
            "label": "Donald Trump",
            "type": "person"
        },
        {
            "id": 3,
            "label": "Bill Cassidy",
            "type": "person"
        },
        {
            "id": 4,
            "label": "Jim Scuitto",
            "type": "person"
        }
    ],
    "edges": [
        {
            "source": 1,
            "target": 2,
            "relation": "adviser_to",
            "description": ""
        },
        {
            "source": 1,
            "target": 3,
            "relation": "lied_about_medicaid_cuts_with",
            "description": "Kellyanne Conway claimed there are no Medicaid cuts in the GOP's new health care plan, despite substantial cuts being made to the program."
        },
        {
            "source": 2,
            "target": 1,
            "relation": "spokesperson_for",
            "description": ""
        },
        {
            "source": 3,
            "target": 1,
            "relation": "criticized_by",
            "description": "Bill Cassidy criticized Kellyanne Conway for spreading alternative facts and trying to speak for the Republican Party as a whole."
        },
        {
            "source": 4,
            "target": 3,
            "relation": "interviewed_by",
            "description": ""
        }
    ]
}