{
    "nodes": [
        {
            "id": 1,
            "label": "Solar Eclipse 2017",
            "type": "event"
        },
        {
            "id": 2,
            "label": "tl;dr",
            "type": "reality check summary"
        },
        {
            "id": 3,
            "label": "t.co/oYED98vQyL",
            "type": "website"
        },
        {
            "id": 4,
            "label": "tl;dr",
            "type": "reality check summary"
        },
        {
            "id": 5,
            "label": "t.co/fjxfUuxOy6",
            "type": "website"
        },
        {
            "id": 6,
            "label": "t.co/twVvEEDg83",
            "type": "website"
        },
        {
            "id": 7,
            "label": "t.co/fiYb5d0AqC",
            "type": "website"
        },
        {
            "id": 8,
            "label": "t.co/twVvEEDg83",
            "type": "website"
        },
        {
            "id": 9,
            "label": "t.co/twVvEEDg83",
            "type": "website"
        }
    ],
    "edges": [
        {
            "source": 1,
            "target": 2,
            "relation": "reality check summary of the eclipse",
            "description": "A reality check to ensure viewers understand the eclipse phenomenon."
        },
        {
            "source": 2,
            "target": 3,
            "relation": "location",
            "description": "The reality check summary was sent to all participants via t.co/twVvEEDg83"
        },
        {
            "source": 2,
            "target": 4,
            "relation": "reality check summary of the eclipse",
            "description": "A reality check to ensure viewers understand the eclipse phenomenon."
        },
        {
            "source": 4,
            "target": 5,
            "relation": "location",
            "description": "The reality check summary was sent to all participants via t.co/twVvEEDg83"
        },
        {
            "source": 5,
            "target": 6,
            "relation": "reality check summary of the eclipse",
            "description": "A reality check to ensure viewers understand the eclipse phenomenon."
        },
        {
            "source": 6,
            "target": 7,
            "relation": "location",
            "description": "The reality check summary was sent to all participants via t.co/twVvEEDg83"
        }
    ]
}