{
    "nodes": [
        {
            "id": 1,
            "label": "downtown houston",
            "type": "location"
        },
        {
            "id": 2,
            "label": "gulf coast depression",
            "type": "location"
        },
        {
            "id": 3,
            "label": "lgbt+ race card",
            "type": "event"
        },
        {
            "id": 4,
            "label": "houston neighborhood underwater",
            "type": "location"
        }
    ],
    "edges": [
        {
            "source": 1,
            "target": 2,
            "relation": "the Gulf Coast depression is dipping below sea level",
            "description": "This event highlights the ongoing effects of Hurricane Harvey on Houston and its neighborhoods."
        },
        {
            "source": 3,
            "target": 4,
            "relation": "this discussion pertains to the racial impact of the storm",
            "description": "Lee's comment on the race card reflects concerns about systemic racism following the storm."
        }
    ]
}