{
    "nodes": [
        {
            "id": 1,
            "label": "Anti-government Republicans",
            "type": "organization"
        },
        {
            "id": 2,
            "label": "GOP Bill",
            "type": "legislation"
        },
        {
            "id": 3,
            "label": "Affordable Care Act (ACA)",
            "type": "legislation"
        },
        {
            "id": 4,
            "label": "Trumpcare",
            "type": "legislation"
        },
        {
            "id": 5,
            "label": "Congressional Budget Office",
            "type": "organization"
        },
        {
            "id": 6,
            "label": "Medicaid Expansion",
            "type": "program"
        },
        {
            "id": 7,
            "label": "Subsidies",
            "type": "financial_program"
        },
        {
            "id": 8,
            "label": "Tax Credits",
            "type": "financial_program"
        }
    ],
    "edges": [
        {
            "source": 1,
            "target": 2,
            "relation": "proposed",
            "description": "Proposed alternative to ACA"
        },
        {
            "source": 2,
            "target": 3,
            "relation": "comparable_to",
            "description": "Compared to ACA's individual mandate"
        },
        {
            "source": 1,
            "target": 4,
            "relation": "alternative",
            "description": "Offered as an alternative to ACA"
        },
        {
            "source": 5,
            "target": 2,
            "relation": "influenced",
            "description": "Economists and health policy experts convinced GOP to include penalty for going uninsured"
        },
        {
            "source": 3,
            "target": 6,
            "relation": "supports",
            "description": "Medicaid expansion allowed poorer people access to insurance"
        },
        {
            "source": 4,
            "target": 7,
            "relation": "replaces",
            "description": "Substituted subsidies with tax credits"
        }
    ]
}