{
    "nodes": [
        {
            "id": 1,
            "label": "President Trump",
            "type": "person"
        },
        {
            "id": 2,
            "label": " Marco Gutierrez",
            "type": "person"
        },
        {
            "id": 3,
            "label": "Loaeza",
            "type": "person"
        },
        {
            "id": 4,
            "label": "Secret Service",
            "type": "organization"
        }
    ],
    "edges": [
        {
            "source": 2,
            "target": 4,
            "relation": " notification of a stunts to show how serious the situation is",
            "description": " Marco Gutierrez notified Secret Service about someone's stunts to let them know their feelings."
        },
        {
            "source": 3,
            "target": 1,
            "relation": "related to Trump Derangement Syndrome",
            "description": " There might be a relationship between Loaeza and another person, possibly affected by Trump Derangement Syndrome."
        }
    ]
}