{
    "nodes": [
        {
            "id": 1,
            "label": "15-mile prototype",
            "type": "location"
        },
        {
            "id": 2,
            "label": "Environmental waivers established by DHS",
            "type": "relation"
        },
        {
            "id": 3,
            "label": "Notice published in Federal Register",
            "type": "location"
        },
        {
            "id": 4,
            "label": "Illegal crossings identified as high entry points",
            "type": "relation"
        },
        {
            "id": 5,
            "label": "Border wall prototypes developed by DHS",
            "type": "location"
        },
        {
            "id": 6,
            "label": "Robust physical characteristics incorporated into wall prototypes",
            "type": "relation"
        },
        {
            "id": 7,
            "label": "DHS plans to issue waiver in Federal Register",
            "type": "relation"
        },
        {
            "id": 8,
            "label": "9,167 pounds of marijuana seized",
            "type": "relation"
        },
        {
            "id": 9,
            "label": "Approximately 1,317 pounds of cocaine seized",
            "type": "relation"
        }
    ],
    "edges": [
        {
            "source": 2,
            "target": 5,
            "relation": "part of",
            "description": "The environmental waivers established by DHS were the foundation for the border wall prototypes."
        },
        {
            "source": 5,
            "target": 6,
            "relation": "built upon",
            "description": "The border wall prototypes incorporated robust physical characteristics based on the principles outlined in the environmental waivers."
        },
        {
            "source": 8,
            "target": 1,
            "relation": "related to",
            "description": "In order to effectively deter illegal crossings, DHS will issue a waiver covering various regulatory areas including the border wall."
        },
        {
            "source": 7,
            "target": 9,
            "relation": "incorporated into",
            "description": "The robust physical characteristics incorporated into the border wall prototypes were designed to reduce the likelihood of unauthorized crossings. These characteristics include advanced materials and technologies developed in accordance with the regulations established by the National Environmental Policy Act."
        },
        {
            "source": 3,
            "target": 7,
            "relation": "designed",
            "description": "The border wall prototypes are the first step towards implementing complete operational control along the southern border. The designs were specifically formulated to counteract the high rates of illegal immigration crossings identified by the federal government."
        },
        {
            "source": 8,
            "target": 7,
            "relation": "used in",
            "description": "The robust physical characteristics incorporated into the wall prototypes were chosen from materials and technologies that are widely recognized for their effectiveness in border security. These materials are aligned with the environmental regulations established by the Endangered Species Act and other federal policies."
        },
        {
            "source": 4,
            "target": 8,
            "relation": "identified as",
            "description": "The area along the southern border is already under intense surveillance from federal authorities due to its high rate of illegal immigration crossings. These identified entry points are critical for preventing unauthorized crossings and ensuring that any potential illegal immigration attempts are subject to immediate intervention."
        }
    ]
}