{
    "nodes": [
        {
            "id": 1,
            "label": " Repedian from Virginia",
            "type": "Person"
        },
        {
            "id": 2,
            "label": " MSNBC Host Craig Melvin",
            "type": "Person"
        },
        {
            "id": 3,
            "label": " Hillary Clinton - Pollutant",
            "type": "Location or Organize"
        },
        {
            "id": 4,
            "label": "Bill Clinton - Political Candidate",
            "type": "Person"
        }
    ],
    "edges": [
        {
            "source": 1,
            "target": 2,
            "relation": "Notices/Mentorship/Insightful",
            "description": "Rep Brat notices Melvin's surprise."
        },
        {
            "source": 1,
            "target": 3,
            "relation": "Fact",
            "description": "Rep Brat says media funds Democrats and that news is objective."
        },
        {
            "source": 1,
            "target": 4,
            "relation": "Support/Agreement",
            "description": "Rep Brat discusses support for Hillary via mainstream media."
        },
        {
            "source": 4,
            "target": 1,
            "relation": "Notices/Mentorship/Insightful",
            "description": "Dave Brat notices Rep Brat's remarks."
        }
    ]
}