{
    "nodes": [
        {
            "id": 1,
            "label": "Uniformed police officer",
            "type": "person"
        },
        {
            "id": 2,
            "label": "Richmond.com reporter",
            "type": "loc"
        },
        {
            "id": 3,
            "label": "Scott Naff",
            "type": "person"
        },
        {
            "id": 4,
            "label": "Cathy Naff's wife",
            "type": "loc"
        },
        {
            "id": 5,
            "label": "Terrence Williams",
            "type": "person"
        },
        {
            "id": 6,
            "label": "McDonald's restaurant",
            "type": "location"
        }
    ],
    "edges": [
        {
            "source": 1,
            "target": 6,
            "relation": "Refused service due to uniform",
            "description": "Officer Naff was refused service at McDonalds because he wore a uniform."
        },
        {
            "source": 2,
            "target": 1,
            "relation": "Told husband that he isn't serving police.",
            "description": "Richmond.com reporter Scott Naff's wife told him he wasn't serving any police and asked to explain."
        },
        {
            "source": 5,
            "target": 1,
            "relation": "Supports reaction on social media.",
            "description": "Terrence Williams supports a reaction or comment from the McDonald's employee on Twitter."
        }
    ]
}