{
    "nodes": [
        {
            "id": 1,
            "label": "Chris Christie",
            "type": "person"
        },
        {
            "id": 2,
            "label": "Jared Kushner",
            "type": "person"
        },
        {
            "id": 3,
            "label": "Kushner's father",
            "type": "person"
        },
        {
            "id": 4,
            "label": "Trump",
            "type": "person"
        },
        {
            "id": 5,
            "label": "Trump's family member",
            "type": "person"
        }
    ],
    "edges": [
        {
            "source": 1,
            "target": 4,
            "relation": "created awkward political moments",
            "description": "Chris Christie created awkward political moments that could have been handled differently."
        },
        {
            "source": 2,
            "target": 4,
            "relation": "involved in gaffe incidents",
            "description": "Kushner and his father were involved in gaffe incidents related to Chris Christie's behavior."
        },
        {
            "source": 3,
            "target": 4,
            "relation": "involved in gaffe incidents",
            "description": "Kushner and his father were involved in gaffe incidents related to Chris Christie's behavior."
        }
    ]
}