{
    "nodes": [
        {
            "id": 1,
            "label": "Jill Stein",
            "type": "person"
        },
        {
            "id": 2,
            "label": "Vladimir Putin",
            "type": "person"
        },
        {
            "id": 3,
            "label": "Michael Smerconish",
            "type": "person"
        },
        {
            "id": 4,
            "label": "Hillary Clinton",
            "type": "person"
        }
    ],
    "edges": [
        {
            "source": 1,
            "target": 2,
            "relation": "met_with",
            "description": "had dinner with Vladimir Putin in 2015"
        },
        {
            "source": 3,
            "target": 1,
            "relation": "asked_about",
            "description": "asked Jill Stein about the meeting with Putin"
        },
        {
            "source": 4,
            "target": 1,
            "relation": "blamed_by",
            "description": "was blamed by Jill Stein for her Russian rendezvous"
        }
    ]
}