{
    "nodes": [
        {
            "id": 1,
            "label": "Anthony Scaramucci",
            "type": "person"
        },
        {
            "id": 2,
            "label": "John F. Kelly",
            "type": "person"
        },
        {
            "id": 3,
            "label": "Sean Spicer",
            "type": "person"
        },
        {
            "id": 4,
            "label": "Reince Priebus",
            "type": "person"
        }
    ],
    "edges": [
        {
            "source": 1,
            "target": 4,
            "relation": "removal",
            "description": "President Trump has decided to remove Anthony Scaramucci from his position as communications director."
        },
        {
            "source": 2,
            "target": 1,
            "relation": "request",
            "description": "John Kelly is a key player in the removal (see below)."
        },
        {
            "source": 3,
            "target": 1,
            "relation": "communication",
            "description": "It was not clear whether John F. Kelly will remain employed at the White House in another position or will leave altogether."
        }
    ]
}