{
    "nodes": [
        {
            "id": 1,
            "label": "Trump's father",
            "type": "person"
        },
        {
            "id": 2,
            "label": "Dobias",
            "type": "person"
        },
        {
            "id": 3,
            "label": "Ted Dobias",
            "type": "person"
        },
        {
            "id": 4,
            "label": "Trump",
            "type": "person"
        },
        {
            "id": 5,
            "label": "Todd Dobias",
            "type": "person"
        },
        {
            "id": 6,
            "label": "Donald Trump",
            "type": "person"
        },
        {
            "id": 7,
            "label": "Mike Kabealo",
            "type": "person"
        },
        {
            "id": 8,
            "label": "Gwenda Blair",
            "type": "person"
        },
        {
            "id": 9,
            "label": "John Kelly",
            "type": "person"
        }
    ],
    "edges": [
        {
            "source": 1,
            "target": 2,
            "relation": "\u7236\u5b50",
            "description": "Trump's father is Todd Dobias."
        },
        {
            "source": 2,
            "target": 3,
            "relation": "\u6311\u6218ing",
            "description": "Dobias has a reputation for challenging others in the military."
        },
        {
            "source": 4,
            "target": 6,
            "relation": "cadet",
            "description": "Trump is the cadet at NYMA."
        },
        {
            "source": 4,
            "target": 7,
            "relation": "strict",
            "description": "Donald Trump leads inspections in barracks and has meticulous uniform handling."
        },
        {
            "source": 4,
            "target": 9,
            "relation": "policy",
            "description": "Trump's ban on transgender individuals to serve in the military is a statement."
        }
    ]
}