{
    "nodes": [
        {
            "id": 1,
            "label": "Joan Walsh",
            "type": "person"
        },
        {
            "id": 2,
            "label": "Ivo Trump-Kushner",
            "type": "person"
        },
        {
            "id": 3,
            "label": "Vanessa randomly pulled out of the text",
            "type": "text object"
        },
        {
            "id": 4,
            "label": "The G20 summit",
            "type": "location"
        },
        {
            "id": 5,
            "label": "Ivan's father in a pink dress with big bows on the sleeves",
            "type": "text object"
        },
        {
            "id": 6,
            "label": "social media interactions between [text entity], who are also mentioned as text data",
            "type": "text object"
        },
        {
            "id": 7,
            "label": "spatial connections (G20 summit is part of a social or political context)",
            "type": "text relation"
        }
    ],
    "edges": [
        {
            "source": 1,
            "target": 3,
            "relation": "Joan Walsh questioned Ivo Trump's mention",
            "description": "She questioned what [Ivo Trump] was trying to say at the G20 Summit by wearing a pink dress with bows on the sleeves."
        },
        {
            "source": 5,
            "target": 6,
            "relation": "social media interactions between [text entity], who are also mentioned as text data",
            "description": "The social media interactions between [text entity] and [text entity]."
        },
        {
            "source": 2,
            "target": 4,
            "relation": "Ivo Trump's comments on her father in a pink dress with big bows on the elbows",
            "description": "She commented that [text entity] sat in for her father in a pink dress with big bows on the sleeves."
        },
        {
            "source": 6,
            "target": 7,
            "relation": "spatial connections (G20 summit is part of a social or political context)",
            "description": "The G20 summit was part of a social or political context."
        }
    ]
}