{
    "nodes": [
        {
            "id": 1,
            "label": "AG Jeff Sessions",
            "type": "person"
        },
        {
            "id": 2,
            "label": "The Trump Department of Justice",
            "type": "organization"
        },
        {
            "id": 3,
            "label": "DisruptJ20",
            "type": "node"
        },
        {
            "id": 4,
            "label": "DisruptResistance",
            "type": "node"
        }
    ],
    "edges": [
        {
            "source": 1,
            "target": 2,
            "relation": "The Department of Justice requested information from DisruptJ20 about visitors to their website.",
            "description": "This should be enough to set alarm bells off in anyone's mind."
        },
        {
            "source": 3,
            "target": 2,
            "relation": "Dreamhost is working with the Department of Justice on this request and has been doing so for several months.",
            "description": "This indicates a relationship between Dreamhost and the Government."
        }
    ]
}