{
    "nodes": [
        {
            "id": 1,
            "label": "Jesse Watters",
            "type": "person"
        },
        {
            "id": 2,
            "label": "Joy Reid",
            "type": "network host"
        },
        {
            "id": 3,
            "label": "Susan Collins",
            "type": "representative"
        },
        {
            "id": 4,
            "label": "Lisa Murkowski",
            "type": "representative"
        },
        {
            "id": 5,
            "label": "Shelly Moore Capito",
            "type": "representative"
        }
    ],
    "edges": [
        {
            "source": 1,
            "target": 2,
            "relation": "critics",
            "description": "Joy Reid was quoted when Watters criticized Republicans."
        },
        {
            "source": 1,
            "target": 3,
            "relation": "comments",
            "description": "Watters criticized the three Republican women for opposing the bill."
        },
        {
            "source": 2,
            "target": 3,
            "relation": "comments",
            "description": "Joy Reid was quoted when she commented on the women's opposition to the bill."
        },
        {
            "source": 2,
            "target": 4,
            "relation": "comments",
            "description": "Joy Reid was quoted when she commented on the women's opposition to the bill."
        },
        {
            "source": 2,
            "target": 5,
            "relation": "comments",
            "description": "Joy Reid was quoted when she commented on the women's opposition to the bill."
        }
    ]
}