{
    "nodes": [
        {
            "id": 1,
            "label": "West Virginia Democratic Governor Jim Justice",
            "type": "person"
        },
        {
            "id": 2,
            "label": "Time",
            "type": "event"
        },
        {
            "id": 3,
            "label": "The Video: West Virginia Democratic Governor Jim Justice announces that he is switching parties to the GOP.",
            "type": "organization"
        }
    ],
    "edges": [
        {
            "source": 1,
            "target": 2,
            "relation": "a announcement about party changes",
            "description": "West Virginia Democratic Governor Jim Justice announced that he would leave the Democrat Party and join the Republican Party."
        },
        {
            "source": 2,
            "target": 3,
            "relation": "the video link.",
            "description": "The Video: West Virginia Democratic Governor Jim Justice announces that he is switching parties to the GOP."
        }
    ]
}