{
    "nodes": [
        {
            "id": 1,
            "label": "Donald Trump",
            "type": "person"
        },
        {
            "id": 2,
            "label": "Barack Obama",
            "type": "person"
        },
        {
            "id": 3,
            "label": "Fox News",
            "type": "organization"
        }
    ],
    "edges": [
        {
            "source": 1,
            "target": 2,
            "relation": "accused",
            "description": "of using his term 'mean'"
        },
        {
            "source": 1,
            "target": 3,
            "relation": "interviewed_by",
            "description": ""
        }
    ]
}