{
    "nodes": [
        {
            "id": 1,
            "label": "Chelsea Clinton",
            "type": "person"
        },
        {
            "id": 2,
            "label": "Chelsea Clinton's mother",
            "type": "person"
        },
        {
            "id": 3,
            "label": "Donald Trump Jr.",
            "type": "person"
        },
        {
            "id": 4,
            "label": "Donald Trump Jr.'s secretary of state",
            "type": "person"
        },
        {
            "id": 5,
            "label": "Barack Obama",
            "type": "person"
        },
        {
            "id": 6,
            "label": "Michael Flynn",
            "type": "person"
        },
        {
            "id": 7,
            "label": "Robert Mueller",
            "type": "person"
        },
        {
            "id": 8,
            "label": "The Alexandria, Virginia grand jury",
            "type": "organization"
        }
    ],
    "edges": [
        {
            "source": 1,
            "target": 2,
            "relation": "involves in",
            "description": "Chelsea Clinton's mother and Chelsea Clinton are both involved in the investigation."
        },
        {
            "source": 2,
            "target": 3,
            "relation": "involves in",
            "description": "Chelsea Clinton's mother is in close proximity to Chelsea Clinton."
        },
        {
            "source": 4,
            "target": 5,
            "relation": "involved in",
            "description": "Barack Obama's secretary of state is involved in the investigation."
        },
        {
            "source": 3,
            "target": 6,
            "relation": "involves in",
            "description": "Donald Trump Jr. is in close proximity to Donald Trump."
        },
        {
            "source": 5,
            "target": 7,
            "relation": "involved in",
            "description": "Barack Obama's secretary of state is involved in the investigation."
        },
        {
            "source": 6,
            "target": 8,
            "relation": "involves in",
            "description": "Donald Trump Jr. is in close proximity to Donald Trump."
        },
        {
            "source": 1,
            "target": 7,
            "relation": "involved in",
            "description": "Michael Flynn is involved in the Mueller Russia grand jury"
        },
        {
            "source": 8,
            "target": 1,
            "relation": "involved in",
            "description": "The Alexandria, Virginia grand jury is part of the Mueller Russia grand jury."
        }
    ]
}