{
    "nodes": [
        {
            "id": 1,
            "label": "Donald Trump Jr.",
            "type": "person"
        },
        {
            "id": 2,
            "label": "Natalia Veselnitskaya",
            "type": "person"
        },
        {
            "id": 3,
            "label": "Robert Creamer",
            "type": "organization"
        },
        {
            "id": 4,
            "label": "James O Keefe",
            "type": "person"
        }
    ],
    "edges": [
        {
            "source": 1,
            "target": 2,
            "relation": "involvement in a meeting to discuss information",
            "description": "Donald Trump Jr. was involved in a meeting with Natalia Veselnitskaya discussing potential information related to Hillary Clinton's campaign."
        },
        {
            "source": 1,
            "target": 3,
            "relation": "discussed information about the situation",
            "description": "Donald Trump Jr. discussed information related to the situation involving Hillary Clinton."
        },
        {
            "source": 1,
            "target": 4,
            "relation": "connected to information source",
            "description": "Donald Trump Jr. was involved in an information source connected to a meeting aimed at helping Hillary campaign."
        }
    ]
}