{
    "nodes": [
        {
            "id": 1,
            "label": "Politicians using monuments as voting chips",
            "type": "person"
        },
        {
            "id": 2,
            "label": "Political figure - Pat Buchanan (study on history)",
            "type": "person"
        },
        {
            "id": 3,
            "label": "Node - Georgia politicians: Stacey Abrams, Lt. Gov. Casey Cagle",
            "type": "node"
        },
        {
            "id": 4,
            "label": "Node - Georgia politicians: Nebraska lawmakers, South Carolina Representative, Florida Governor, Texas Legislature, Louisiana House of Representatives, Ohio representative, Alabama representative, North Carolina Assemblymen, Georgia representatives (R. DeSmet), Georgia representatives (D. DeSmet)",
            "type": "node"
        },
        {
            "id": 5,
            "label": "Node - Georgia politicians: South Carolina Representative, Florida Representative, Georgia Representative (M. Carter)",
            "type": "node"
        },
        {
            "id": 6,
            "label": "Node - Georgia politician: Georgia politicians: North Carolina Assemblymen",
            "type": "node"
        },
        {
            "id": 7,
            "label": "Node - Georgia politician: Georgia politicians: South Carolina Representative, Florida Representative, Georgia Representative (M. Carter)",
            "type": "node"
        },
        {
            "id": 8,
            "label": "Node - Georgia politician: Georgia politicians: Georgia politicians",
            "type": "node"
        },
        {
            "id": 9,
            "label": "Node - Georgia politician: Georgia politicians: South Carolina Representative, Florida Representative, Georgia Representative (M. Carter)",
            "type": "node"
        },
        {
            "id": 10,
            "label": "Node - Georgia politician: Georgia politicians: North Carolina Assemblymen",
            "type": "node"
        },
        {
            "id": 11,
            "label": "Node - Georgia politician: Georgia politicians: Georgia politicians",
            "type": "node"
        },
        {
            "id": 12,
            "label": "Node - Georgia politician: Georgia politicians",
            "type": "node"
        }
    ],
    "edges": [
        {
            "source": 3,
            "target": 7,
            "relation": " political figure Stacey Abrams is involved in the removal of monuments as tributes.",
            "description": " political figure Stacey Abrams and other politicians are involved in removing monuments to preserve their history."
        },
        {
            "source": 12,
            "target": 9,
            "relation": " Georgia politicians Stacey Abrams, Lt. Gov. Casey Cagle, and others (GA: R. DeSmet) criticize Pat Buchanan's study on erasing history.",
            "description": " Political figure Stacey Abrams is criticized for her stance on preserving historical monuments."
        },
        {
            "source": 12,
            "target": 6,
            "relation": " Georgia politicians Lt. Gov. Casey Cagle and others (GA: R. DeSmet) work to add inclusive history instead of dividing it.",
            "description": " Political figure Stacey Abrams is criticized for her stance on preserving historical monuments."
        },
        {
            "source": 12,
            "target": 4,
            "relation": " Georgia politicians Lt. Gov. Casey Cagle and others (GA: R. DeSmet) are involved in opposing the removal of statues.",
            "description": " Political figure Stacey Abrams is criticized for her stance on preserving historical monuments."
        },
        {
            "source": 12,
            "target": 3,
            "relation": " Georgia politicians Lt. Gov. Casey Cagle and others (GA: R. DeSmet) are against the removal of historical statues.",
            "description": " Political figure Stacey Abrams is criticized for her stance on preserving historical monuments."
        },
        {
            "source": 12,
            "target": 5,
            "relation": " Georgia politicians Lt. Gov. Casey Cagle and others (GA: R. DeSmet) are against the removal of statues.",
            "description": " Political figure Stacey Abrams is criticized for her stance on preserving historical monuments."
        },
        {
            "source": 12,
            "target": 7,
            "relation": " Georgia politicians Lt. Gov. Casey Cagle and others (GA: R. DeSmet) are against the removal of statues.",
            "description": " Political figure Stacey Abrams is criticized for her stance on preserving historical monuments."
        },
        {
            "source": 12,
            "target": 8,
            "relation": " Georgia politicians Lt. Gov. Casey Cagle and others (GA: R. DeSmet) are against the removal of statues.",
            "description": " Political figure Stacey Abrams is criticized for her stance on preserving historical monuments."
        },
        {
            "source": 12,
            "target": 10,
            "relation": " Georgia politicians Lt. Gov. Casey Cagle and others (GA: R. DeSmet) are against the removal of statues.",
            "description": " Political figure Stacey Abrams is criticized for her stance on preserving historical monuments."
        },
        {
            "source": 12,
            "target": 11,
            "relation": " Georgia politicians Lt. Gov. Casey Cagle and others (GA: R. DeSmet) are against the removal of statues.",
            "description": " Political figure Stacey Abrams is criticized for her stance on preserving historical monuments."
        },
        {
            "source": 8,
            "target": 4,
            "relation": " Georgia politicians Lt. Gov. Casey Cagle and others (GA: R. DeSmet) are against the removal of statues.",
            "description": " Political figure Stacey Abrams is criticized for her stance on preserving historical monuments."
        },
        {
            "source": 7,
            "target": 2,
            "relation": " Georgia politicians Lt. Gov. Casey Cagle and others (GA: R. DeSmet) are against the removal of statues.",
            "description": " Political figure Stacey Abrams is criticized for her stance on preserving historical monuments."
        },
        {
            "source": 6,
            "target": 2,
            "relation": " Georgia politicians Lt. Gov. Casey Cagle and others (GA: R. DeSmet) are against the removal of statues.",
            "description": " Political figure Stacey Abrams is criticized for her stance on preserving historical monuments."
        },
        {
            "source": 5,
            "target": 2,
            "relation": " Georgia politicians Lt. Gov. Casey Cagle and others (GA: R. DeSmet) are against the removal of statues.",
            "description": " Political figure Stacey Abrams is criticized for her stance on preserving historical monuments."
        },
        {
            "source": 4,
            "target": 2,
            "relation": " Georgia politicians Lt.Gov. Casey Cagle and others (GA: R. DeSmet) are against the removal of statues.",
            "description": " Political figure Stacey Abrams is criticized for her stance on preserving historical monuments."
        },
        {
            "source": 3,
            "target": 2,
            "relation": " Georgia politicians Lt. Gov. Casey Cagle and others (GA: R. DeSmet) are against the removal of statues.",
            "description": " Political figure Stacey Abrams is criticized for her stance on preserving historical monuments."
        },
        {
            "source": 11,
            "target": 2,
            "relation": " Georgia politicians Lt. Gov. Casey Cagle and others (GA: R. DeSmet) are against the removal of statues.",
            "description": " Political figure Stacey Abrams is criticized for her stance on preserving historical monuments."
        }
    ]
}