{
    "nodes": [
        {
            "id": 1,
            "label": "MSNBC",
            "type": "person"
        },
        {
            "id": 2,
            "label": "Julie Pace",
            "type": "person"
        },
        {
            "id": 3,
            "label": "AP",
            "type": "organization"
        },
        {
            "id": 4,
            "label": "Trump",
            "type": "person"
        },
        {
            "id": 5,
            "label": "Mcconnell",
            "type": "person"
        }
    ],
    "edges": [
        {
            "source": 1,
            "target": 2,
            "relation": "MSNBC reports about Julie Pace",
            "description": "Julie Pace is a reporter for AP."
        },
        {
            "source": 2,
            "target": 5,
            "relation": "Julie Pace questions Trump's actions on Obamacare",
            "description": "Julie Pace asks the question about how Republicans are unable to pass a bill."
        }
    ]
}