{
    "nodes": [
        {
            "id": 1,
            "label": "Political Decision",
            "type": "Event"
        },
        {
            "id": 2,
            "label": "Taking On Weights",
            "type": "Strategy"
        },
        {
            "id": 3,
            "label": "Religious Freedom Event",
            "type": "Event"
        },
        {
            "id": 4,
            "label": "Continuing Trends",
            "type": "Strategy"
        },
        {
            "id": 5,
            "label": "Host/Founder",
            "type": "Person"
        }
    ],
    "edges": [
        {
            "source": 1,
            "target": 2,
            "relation": "Key Event - Took on Weights",
            "description": "The President discussed his stance on taking on heavyweights over lightweights."
        },
        {
            "source": 2,
            "target": 3,
            "relation": "Event - Restore Religious Freedom",
            "description": "The discussion focused on restoring Christian liberty through specific strategies."
        },
        {
            "source": 3,
            "target": 4,
            "relation": "Event - Continue Trends",
            "description": "A trend toward restoring Christian liberty in the faces of political figures was maintained."
        },
        {
            "source": 4,
            "target": 5,
            "relation": "Opposition - Support Candidates",
            "description": "Opposition supported the agenda by backing key figures within it."
        },
        {
            "source": 5,
            "target": 1,
            "relation": "Supporting Candidates - Host/Founder",
            "description": "The host's appointment supported candidates within an agenda that prioritized religion."
        }
    ]
}