{
    "nodes": [
        {
            "id": 1,
            "label": "Jeff Zucker",
            "type": "person"
        },
        {
            "id": 2,
            "label": "Kellyanne Conway",
            "type": "person"
        },
        {
            "id": 3,
            "label": "Liar Liar",
            "type": "text"
        }
    ],
    "edges": [
        {
            "source": 1,
            "target": 2,
            "relation": "part_of",
            "description": "Jeff Zucker created a meme that involved Kellyanne Conway, leading to an attack on CNN."
        },
        {
            "source": 2,
            "target": 3,
            "relation": "text_link",
            "description": "Kellyanne Conway's meme led to the creation of the Liar Liar video."
        }
    ]
}