{
    "nodes": [
        {
            "id": 1,
            "label": "Paul Ryan (R-WI)",
            "type": "person"
        },
        {
            "id": 2,
            "label": "Maxine Waters",
            "type": "person"
        },
        {
            "id": 3,
            "label": "Political Transformation",
            "type": "text"
        }
    ],
    "edges": [
        {
            "source": 1,
            "target": 2,
            "relation": "indicates the political transformation affecting Maxine Waters's role",
            "description": "Paul Ryan mentions that his political career and personal life are destroyed as he might rule out an all-white party."
        },
        {
            "source": 3,
            "target": 2,
            "relation": "indicates the political transformation affecting Paul Ryan's status as a political leader",
            "description": "Maxine Waters' role in organizing power and influencing black people may weaken or alter Paul Ryan's position as Speaker of the House."
        }
    ]
}