{
    "nodes": [
        {
            "id": 1,
            "label": "Scott Dworkin",
            "type": "person"
        },
        {
            "id": 2,
            "label": "Mike Pence",
            "type": "person"
        },
        {
            "id": 3,
            "label": "Michael Flynn",
            "type": "person"
        },
        {
            "id": 4,
            "label": "Anthony Scaramucci",
            "type": "person"
        },
        {
            "id": 5,
            "label": "David Scaramucci",
            "type": "person"
        },
        {
            "id": 6,
            "label": "CNN",
            "type": "organization"
        }
    ],
    "edges": [
        {
            "source": 1,
            "target": 2,
            "relation": "Dworkin called an investigation on Trump",
            "description": "Notable inquiry into communications director Anthony Scaramucci's actions and behavior"
        },
        {
            "source": 3,
            "target": 5,
            "relation": "Scaramucci is involved in the group that tried to attack Dworkin, likely due to his connections with others"
        },
        {
            "source": 4,
            "target": 1,
            "relation": "Dworkin may seek funding for an investigation into Scaramucci's actions"
        },
        {
            "source": 5,
            "target": 6,
            "relation": "CNN employees were fired and needed to retract their articles due to their involvement in the Scaramucci matter"
        }
    ]
}