{
    "nodes": [
        {
            "id": 1,
            "label": "Black people",
            "type": "person"
        },
        {
            "id": 2,
            "label": "Slavery",
            "type": "organization"
        },
        {
            "id": 3,
            "label": "Carol Swain professor",
            "type": "person"
        }
    ],
    "edges": [
        {
            "source": 1,
            "target": 2,
            "relation": "Fought for resistance against slavery",
            "description": "According to the text, Black people and slaves fought together to resist the Union's expansion. This is highlighted in the context of Democrats' actions."
        }
    ]
}