{
    "nodes": [
        {
            "id": 1,
            "label": "Chris Gard",
            "type": "person"
        },
        {
            "id": 2,
            "label": "Connie Yates",
            "type": "person"
        },
        {
            "id": 3,
            "label": "Grant Armstrong",
            "type": "person"
        },
        {
            "id": 4,
            "label": "Mr. Francis",
            "type": "organizationalUnit"
        },
        {
            "id": 5,
            "label": "Mrs. Francis",
            "type": "organizationalUnit"
        },
        {
            "id": 6,
            "label": "Mr. Trump",
            "type": "person"
        },
        {
            "id": 7,
            "label": "Ms. Trump",
            "type": "organizationalUnit"
        },
        {
            "id": 8,
            "label": "Mrs. May",
            "type": "organization"
        },
        {
            "id": 9,
            "label": "Mr. Smith",
            "type": "person"
        }
    ],
    "edges": [
        {
            "source": 1,
            "target": 2,
            "relation": "personalDecisionCreatedBy",
            "description": "Chris Gard and Connie Yates declared their decision."
        },
        {
            "source": 3,
            "target": 8,
            "relation": "personCreatedBy",
            "description": "Grant Armstrong represented Charlie's parents."
        },
        {
            "source": 4,
            "target": 6,
            "relation": "personCreatedBy",
            "description": "Mr. Francis created the tweet about life support removal."
        },
        {
            "source": 5,
            "target": 7,
            "relation": "organizationCreatedBy",
            "description": "Mrs. May created the G-20 summit with Mr. Trump."
        }
    ]
}