{
    "nodes": [
        {
            "id": 1,
            "label": "Student Art Contest Nodes",
            "type": "location"
        },
        {
            "id": 2,
            "label": "Cops as Pigs Painting Nodes",
            "type": "object"
        },
        {
            "id": 3,
            "label": "Conessing Repressal Nodes",
            "type": "person"
        },
        {
            "id": 4,
            "label": "Concealed Relocation Nodes",
            "type": "location"
        },
        {
            "id": 5,
            "label": "Congress Members Nodes",
            "type": "person"
        },
        {
            "id": 6,
            "label": "Group Names Nodes",
            "type": "organization"
        }
    ],
    "edges": [
        {
            "source": 1,
            "target": 2,
            "relation": " Painting displayed by Congressman Correa",
            "description": " The Cops as Pigs painting is being displayed at congressman Correa's office."
        },
        {
            "source": 3,
            "target": 5,
            "relation": "Group Plans Protest",
            "description": " Activists plan a Sept. 11-style protest at Rep. Correa's office."
        },
        {
            "source": 2,
            "target": 6,
            "relation": "Activist Concerns Patriotism",
            "description": " Members of We the People Rising are expressing concerns about excessive religious presence in Congress."
        }
    ]
}