{
    "nodes": [
        {
            "id": 1,
            "label": "China's involvement in North Korea's nuclear capabilities",
            "type": "organization"
        },
        {
            "id": 2,
            "label": "United States vs. China vote on nuclear defense agreements",
            "type": "relation"
        },
        {
            "id": 3,
            "label": "North Korea sanctions on North Korean military developments",
            "type": "international security"
        }
    ],
    "edges": [
        {
            "source": 1,
            "target": 2,
            "relation": "China's involvement in North Korea's nuclear capabilities",
            "description": "This report highlights the relationship between China and North Korea's nuclear activities."
        },
        {
            "source": 2,
            "target": 3,
            "relation": "UN Security Council vote on international security",
            "description": "The vote underscores regional security concerns around North Korea's nuclear initiatives."
        }
    ]
}