{
    "nodes": [
        {
            "id": 1,
            "label": "Karen England",
            "type": "person"
        },
        {
            "id": 2,
            "label": "Liberal educators",
            "type": "organization"
        },
        {
            "id": 3,
            "label": "Rocklin Academy",
            "type": "schoolOrganization"
        },
        {
            "id": 4,
            "label": "Sacramento CBS",
            "type": "organization"
        }
    ],
    "edges": [
        {
            "source": 1,
            "target": 2,
            "relation": "Involves in discussions about gender issues and transgender topics",
            "description": "Parents discussed gender identity issues and were involved in discussions with educators."
        },
        {
            "source": 4,
            "target": 4,
            "relation": "Parent felt blindsided to the discussions",
            "description": "Many parents felt confused and blindsided by the discussions regarding transgender topics."
        },
        {
            "source": 4,
            "target": 3,
            "relation": "Teachers raised concerns about gender identity issues in kindergarten classes",
            "description": "Teachers discussed topics related to gender identity, which were controversial."
        }
    ]
}