{
    "nodes": [
        {
            "id": 1,
            "label": "Roy Moore",
            "type": "person"
        },
        {
            "id": 2,
            "label": "Jim Ziegler",
            "type": "person"
        },
        {
            "id": 3,
            "label": "Tony Cornish",
            "type": "person"
        },
        {
            "id": 4,
            "label": "Maye Quade",
            "type": "person"
        }
    ],
    "edges": [
        {
            "source": 1,
            "target": 1,
            "relation": "alleged_molester",
            "description": "accused of dating girls as young as 14 and molesting a 14-year-old"
        },
        {
            "source": 2,
            "target": 1,
            "relation": "defender",
            "description": "defended Roy Moore instead of demanding he leave the race"
        },
        {
            "source": 3,
            "target": 4,
            "relation": "creep",
            "description": "sent a text message joking about being aroused while looking at her on the State House Floor"
        },
        {
            "source": 3,
            "target": 3,
            "relation": "harasser",
            "description": "trapped a female lobbyist in his office and insisted she help him with his 'raging boner'"
        }
    ]
}